version,1.6.0
info,balls_per_over,6
info,team,Deccan Chargers
info,team,Rajasthan Royals
info,gender,male
info,season,2007/08
info,date,2008/04/24
info,event,Indian Premier League
info,match_number,9
info,venue,"Rajiv Gandhi International Stadium, Uppal"
info,city,Hyderabad
info,toss_winner,Rajasthan Royals
info,toss_decision,field
info,player_of_match,YK Pathan
info,umpire,Asad Rauf
info,umpire,MR Benson
info,reserve_umpire,C Shamshuddin
info,tv_umpire,SL Shastri
info,match_referee,S Venkataraghavan
info,winner,Rajasthan Royals
info,winner_wickets,3
info,player,Deccan Chargers,AC Gilchrist
info,player,Deccan Chargers,VVS Laxman
info,player,Deccan Chargers,Shahid Afridi
info,player,Deccan Chargers,A Symonds
info,player,Deccan Chargers,RG Sharma
info,player,Deccan Chargers,AS Yadav
info,player,Deccan Chargers,SB Bangar
info,player,Deccan Chargers,WPUJC Vaas
info,player,Deccan Chargers,RP Singh
info,player,Deccan Chargers,PP Ojha
info,player,Deccan Chargers,D Kalyankrishna
info,player,Rajasthan Royals,Kamran Akmal
info,player,Rajasthan Royals,GC Smith
info,player,Rajasthan Royals,YK Pathan
info,player,Rajasthan Royals,SR Watson
info,player,Rajasthan Royals,M Kaif
info,player,Rajasthan Royals,RA Jadeja
info,player,Rajasthan Royals,SK Warne
info,player,Rajasthan Royals,D Salunkhe
info,player,Rajasthan Royals,Pankaj Singh
info,player,Rajasthan Royals,SK Trivedi
info,player,Rajasthan Royals,MM Patel
info,registry,people,A Symonds,bd77eb62
info,registry,people,AC Gilchrist,2b6e6dec
info,registry,people,AS Yadav,b9be6507
info,registry,people,Asad Rauf,861606b7
info,registry,people,C Shamshuddin,0f9d921b
info,registry,people,D Kalyankrishna,94bc776b
info,registry,people,D Salunkhe,0264c10e
info,registry,people,GC Smith,72861603
info,registry,people,Kamran Akmal,ff077124
info,registry,people,M Kaif,d84378a4
info,registry,people,MM Patel,f0f628c7
info,registry,people,MR Benson,790e14d3
info,registry,people,PP Ojha,6c6591ab
info,registry,people,Pankaj Singh,e32d22f6
info,registry,people,RA Jadeja,fe93fd9d
info,registry,people,RG Sharma,740742ef
info,registry,people,RP Singh,c3d1402f
info,registry,people,S Venkataraghavan,12453319
info,registry,people,SB Bangar,0604ef16
info,registry,people,SK Trivedi,3d7e087f
info,registry,people,SK Warne,bb18be76
info,registry,people,SL Shastri,53ef012d
info,registry,people,SR Watson,4329fbb5
info,registry,people,Shahid Afridi,0dc00542
info,registry,people,VVS Laxman,de8cce37
info,registry,people,WPUJC Vaas,bcce309e
info,registry,people,YK Pathan,3c6ffae8
ball,1,0.1,Deccan Chargers,AC Gilchrist,VVS Laxman,MM Patel,0,0,,,,,,"",""
ball,1,0.2,Deccan Chargers,AC Gilchrist,VVS Laxman,MM Patel,4,0,,,,,,"",""
ball,1,0.3,Deccan Chargers,AC Gilchrist,VVS Laxman,MM Patel,0,0,,,,,,"",""
ball,1,0.4,Deccan Chargers,AC Gilchrist,VVS Laxman,MM Patel,0,0,,,,,,"",""
ball,1,0.5,Deccan Chargers,AC Gilchrist,VVS Laxman,MM Patel,4,0,,,,,,"",""
ball,1,0.6,Deccan Chargers,AC Gilchrist,VVS Laxman,MM Patel,4,0,,,,,,"",""
ball,1,1.1,Deccan Chargers,VVS Laxman,AC Gilchrist,SR Watson,1,0,,,,,,"",""
ball,1,1.2,Deccan Chargers,AC Gilchrist,VVS Laxman,SR Watson,1,0,,,,,,"",""
ball,1,1.3,Deccan Chargers,VVS Laxman,AC Gilchrist,SR Watson,4,0,,,,,,"",""
ball,1,1.4,Deccan Chargers,VVS Laxman,AC Gilchrist,SR Watson,0,0,,,,,,"",""
ball,1,1.5,Deccan Chargers,VVS Laxman,AC Gilchrist,SR Watson,0,0,,,,,,"",""
ball,1,1.6,Deccan Chargers,VVS Laxman,AC Gilchrist,SR Watson,4,0,,,,,,"",""
ball,1,2.1,Deccan Chargers,AC Gilchrist,VVS Laxman,YK Pathan,0,0,,,,,,"",""
ball,1,2.2,Deccan Chargers,AC Gilchrist,VVS Laxman,YK Pathan,0,0,,,,,,stumped,AC Gilchrist
ball,1,2.3,Deccan Chargers,Shahid Afridi,VVS Laxman,YK Pathan,0,0,,,,,,"",""
ball,1,2.4,Deccan Chargers,Shahid Afridi,VVS Laxman,YK Pathan,4,0,,,,,,"",""
ball,1,2.5,Deccan Chargers,Shahid Afridi,VVS Laxman,YK Pathan,6,0,,,,,,"",""
ball,1,2.6,Deccan Chargers,Shahid Afridi,VVS Laxman,YK Pathan,0,0,,,,,,caught,Shahid Afridi
ball,1,3.1,Deccan Chargers,A Symonds,VVS Laxman,SR Watson,1,0,,,,,,"",""
ball,1,3.2,Deccan Chargers,VVS Laxman,A Symonds,SR Watson,0,0,,,,,,"",""
ball,1,3.3,Deccan Chargers,VVS Laxman,A Symonds,SR Watson,0,0,,,,,,"",""
ball,1,3.4,Deccan Chargers,VVS Laxman,A Symonds,SR Watson,0,0,,,,,,"",""
ball,1,3.5,Deccan Chargers,VVS Laxman,A Symonds,SR Watson,0,0,,,,,,"",""
ball,1,3.6,Deccan Chargers,VVS Laxman,A Symonds,SR Watson,0,0,,,,,,"",""
ball,1,4.1,Deccan Chargers,A Symonds,VVS Laxman,MM Patel,0,0,,,,,,"",""
ball,1,4.2,Deccan Chargers,A Symonds,VVS Laxman,MM Patel,4,0,,,,,,"",""
ball,1,4.3,Deccan Chargers,A Symonds,VVS Laxman,MM Patel,4,0,,,,,,"",""
ball,1,4.4,Deccan Chargers,A Symonds,VVS Laxman,MM Patel,0,0,,,,,,"",""
ball,1,4.5,Deccan Chargers,A Symonds,VVS Laxman,MM Patel,3,0,,,,,,"",""
ball,1,4.6,Deccan Chargers,VVS Laxman,A Symonds,MM Patel,4,0,,,,,,"",""
ball,1,5.1,Deccan Chargers,A Symonds,VVS Laxman,SR Watson,0,0,,,,,,"",""
ball,1,5.2,Deccan Chargers,A Symonds,VVS Laxman,SR Watson,4,0,,,,,,"",""
ball,1,5.3,Deccan Chargers,A Symonds,VVS Laxman,SR Watson,0,0,,,,,,"",""
ball,1,5.4,Deccan Chargers,A Symonds,VVS Laxman,SR Watson,0,0,,,,,,"",""
ball,1,5.5,Deccan Chargers,A Symonds,VVS Laxman,SR Watson,0,1,1,,,,,"",""
ball,1,5.6,Deccan Chargers,A Symonds,VVS Laxman,SR Watson,4,0,,,,,,"",""
ball,1,5.7,Deccan Chargers,A Symonds,VVS Laxman,SR Watson,1,0,,,,,,"",""
ball,1,6.1,Deccan Chargers,A Symonds,VVS Laxman,Pankaj Singh,0,0,,,,,,"",""
ball,1,6.2,Deccan Chargers,A Symonds,VVS Laxman,Pankaj Singh,1,0,,,,,,"",""
ball,1,6.3,Deccan Chargers,VVS Laxman,A Symonds,Pankaj Singh,0,0,,,,,,"",""
ball,1,6.4,Deccan Chargers,VVS Laxman,A Symonds,Pankaj Singh,1,0,,,,,,"",""
ball,1,6.5,Deccan Chargers,A Symonds,VVS Laxman,Pankaj Singh,0,0,,,,,,"",""
ball,1,6.6,Deccan Chargers,A Symonds,VVS Laxman,Pankaj Singh,1,0,,,,,,"",""
ball,1,7.1,Deccan Chargers,A Symonds,VVS Laxman,SK Trivedi,6,0,,,,,,"",""
ball,1,7.2,Deccan Chargers,A Symonds,VVS Laxman,SK Trivedi,1,0,,,,,,"",""
ball,1,7.3,Deccan Chargers,VVS Laxman,A Symonds,SK Trivedi,1,0,,,,,,"",""
ball,1,7.4,Deccan Chargers,A Symonds,VVS Laxman,SK Trivedi,1,0,,,,,,"",""
ball,1,7.5,Deccan Chargers,VVS Laxman,A Symonds,SK Trivedi,1,0,,,,,,"",""
ball,1,7.6,Deccan Chargers,A Symonds,VVS Laxman,SK Trivedi,1,0,,,,,,"",""
ball,1,8.1,Deccan Chargers,A Symonds,VVS Laxman,SK Warne,2,0,,,,,,"",""
ball,1,8.2,Deccan Chargers,A Symonds,VVS Laxman,SK Warne,1,0,,,,,,"",""
ball,1,8.3,Deccan Chargers,VVS Laxman,A Symonds,SK Warne,0,0,,,,,,caught and bowled,VVS Laxman
ball,1,8.4,Deccan Chargers,RG Sharma,A Symonds,SK Warne,1,0,,,,,,"",""
ball,1,8.5,Deccan Chargers,A Symonds,RG Sharma,SK Warne,1,0,,,,,,"",""
ball,1,8.6,Deccan Chargers,RG Sharma,A Symonds,SK Warne,1,0,,,,,,"",""
ball,1,9.1,Deccan Chargers,RG Sharma,A Symonds,SK Trivedi,1,0,,,,,,"",""
ball,1,9.2,Deccan Chargers,A Symonds,RG Sharma,SK Trivedi,4,0,,,,,,"",""
ball,1,9.3,Deccan Chargers,A Symonds,RG Sharma,SK Trivedi,0,0,,,,,,"",""
ball,1,9.4,Deccan Chargers,A Symonds,RG Sharma,SK Trivedi,1,0,,,,,,"",""
ball,1,9.5,Deccan Chargers,RG Sharma,A Symonds,SK Trivedi,0,0,,,,,,"",""
ball,1,9.6,Deccan Chargers,RG Sharma,A Symonds,SK Trivedi,1,0,,,,,,"",""
ball,1,10.1,Deccan Chargers,RG Sharma,A Symonds,SK Warne,1,0,,,,,,"",""
ball,1,10.2,Deccan Chargers,A Symonds,RG Sharma,SK Warne,1,0,,,,,,"",""
ball,1,10.3,Deccan Chargers,RG Sharma,A Symonds,SK Warne,0,0,,,,,,"",""
ball,1,10.4,Deccan Chargers,RG Sharma,A Symonds,SK Warne,1,0,,,,,,"",""
ball,1,10.5,Deccan Chargers,A Symonds,RG Sharma,SK Warne,0,1,1,,,,,"",""
ball,1,10.6,Deccan Chargers,A Symonds,RG Sharma,SK Warne,6,0,,,,,,"",""
ball,1,10.7,Deccan Chargers,A Symonds,RG Sharma,SK Warne,4,0,,,,,,"",""
ball,1,11.1,Deccan Chargers,RG Sharma,A Symonds,D Salunkhe,0,0,,,,,,"",""
ball,1,11.2,Deccan Chargers,RG Sharma,A Symonds,D Salunkhe,1,0,,,,,,"",""
ball,1,11.3,Deccan Chargers,A Symonds,RG Sharma,D Salunkhe,1,0,,,,,,"",""
ball,1,11.4,Deccan Chargers,RG Sharma,A Symonds,D Salunkhe,0,0,,,,,,"",""
ball,1,11.5,Deccan Chargers,RG Sharma,A Symonds,D Salunkhe,1,0,,,,,,"",""
ball,1,11.6,Deccan Chargers,A Symonds,RG Sharma,D Salunkhe,6,0,,,,,,"",""
ball,1,12.1,Deccan Chargers,RG Sharma,A Symonds,YK Pathan,1,0,,,,,,"",""
ball,1,12.2,Deccan Chargers,A Symonds,RG Sharma,YK Pathan,2,0,,,,,,"",""
ball,1,12.3,Deccan Chargers,A Symonds,RG Sharma,YK Pathan,6,0,,,,,,"",""
ball,1,12.4,Deccan Chargers,A Symonds,RG Sharma,YK Pathan,1,0,,,,,,"",""
ball,1,12.5,Deccan Chargers,RG Sharma,A Symonds,YK Pathan,0,0,,,,,,"",""
ball,1,12.6,Deccan Chargers,RG Sharma,A Symonds,YK Pathan,0,0,,,,,,"",""
ball,1,13.1,Deccan Chargers,A Symonds,RG Sharma,Pankaj Singh,1,0,,,,,,"",""
ball,1,13.2,Deccan Chargers,RG Sharma,A Symonds,Pankaj Singh,2,0,,,,,,"",""
ball,1,13.3,Deccan Chargers,RG Sharma,A Symonds,Pankaj Singh,6,0,,,,,,"",""
ball,1,13.4,Deccan Chargers,RG Sharma,A Symonds,Pankaj Singh,1,0,,,,,,"",""
ball,1,13.5,Deccan Chargers,A Symonds,RG Sharma,Pankaj Singh,1,0,,,,,,"",""
ball,1,13.6,Deccan Chargers,RG Sharma,A Symonds,Pankaj Singh,0,0,,,,,,"",""
ball,1,14.1,Deccan Chargers,A Symonds,RG Sharma,SK Trivedi,4,0,,,,,,"",""
ball,1,14.2,Deccan Chargers,A Symonds,RG Sharma,SK Trivedi,0,1,,1,,,,"",""
ball,1,14.3,Deccan Chargers,A Symonds,RG Sharma,SK Trivedi,1,0,,,,,,"",""
ball,1,14.4,Deccan Chargers,RG Sharma,A Symonds,SK Trivedi,1,0,,,,,,"",""
ball,1,14.5,Deccan Chargers,A Symonds,RG Sharma,SK Trivedi,2,0,,,,,,"",""
ball,1,14.6,Deccan Chargers,A Symonds,RG Sharma,SK Trivedi,4,0,,,,,,"",""
ball,1,14.7,Deccan Chargers,A Symonds,RG Sharma,SK Trivedi,6,0,,,,,,"",""
ball,1,15.1,Deccan Chargers,RG Sharma,A Symonds,SK Warne,1,0,,,,,,"",""
ball,1,15.2,Deccan Chargers,A Symonds,RG Sharma,SK Warne,4,0,,,,,,"",""
ball,1,15.3,Deccan Chargers,A Symonds,RG Sharma,SK Warne,1,0,,,,,,"",""
ball,1,15.4,Deccan Chargers,RG Sharma,A Symonds,SK Warne,4,0,,,,,,"",""
ball,1,15.5,Deccan Chargers,RG Sharma,A Symonds,SK Warne,1,0,,,,,,"",""
ball,1,15.6,Deccan Chargers,A Symonds,RG Sharma,SK Warne,1,0,,,,,,"",""
ball,1,16.1,Deccan Chargers,A Symonds,RG Sharma,MM Patel,1,0,,,,,,"",""
ball,1,16.2,Deccan Chargers,RG Sharma,A Symonds,MM Patel,4,0,,,,,,"",""
ball,1,16.3,Deccan Chargers,RG Sharma,A Symonds,MM Patel,4,0,,,,,,"",""
ball,1,16.4,Deccan Chargers,RG Sharma,A Symonds,MM Patel,2,0,,,,,,"",""
ball,1,16.5,Deccan Chargers,RG Sharma,A Symonds,MM Patel,0,0,,,,,,"",""
ball,1,16.6,Deccan Chargers,RG Sharma,A Symonds,MM Patel,0,0,,,,,,"",""
ball,1,17.1,Deccan Chargers,A Symonds,RG Sharma,SK Warne,6,0,,,,,,"",""
ball,1,17.2,Deccan Chargers,A Symonds,RG Sharma,SK Warne,1,0,,,,,,"",""
ball,1,17.3,Deccan Chargers,RG Sharma,A Symonds,SK Warne,1,0,,,,,,"",""
ball,1,17.4,Deccan Chargers,A Symonds,RG Sharma,SK Warne,6,0,,,,,,"",""
ball,1,17.5,Deccan Chargers,A Symonds,RG Sharma,SK Warne,1,0,,,,,,"",""
ball,1,17.6,Deccan Chargers,RG Sharma,A Symonds,SK Warne,0,0,,,,,,caught,RG Sharma
ball,1,18.1,Deccan Chargers,AS Yadav,A Symonds,MM Patel,4,0,,,,,,"",""
ball,1,18.2,Deccan Chargers,AS Yadav,A Symonds,MM Patel,1,0,,,,,,"",""
ball,1,18.3,Deccan Chargers,A Symonds,AS Yadav,MM Patel,4,0,,,,,,"",""
ball,1,18.4,Deccan Chargers,A Symonds,AS Yadav,MM Patel,0,1,1,,,,,"",""
ball,1,18.5,Deccan Chargers,A Symonds,AS Yadav,MM Patel,0,1,1,,,,,"",""
ball,1,18.6,Deccan Chargers,A Symonds,AS Yadav,MM Patel,1,0,,,,,,"",""
ball,1,18.7,Deccan Chargers,AS Yadav,A Symonds,MM Patel,1,0,,,,,,"",""
ball,1,18.8,Deccan Chargers,A Symonds,AS Yadav,MM Patel,4,0,,,,,,"",""
ball,1,19.1,Deccan Chargers,AS Yadav,A Symonds,SR Watson,0,0,,,,,,"",""
ball,1,19.2,Deccan Chargers,AS Yadav,A Symonds,SR Watson,0,1,1,,,,,"",""
ball,1,19.3,Deccan Chargers,AS Yadav,A Symonds,SR Watson,4,0,,,,,,"",""
ball,1,19.4,Deccan Chargers,AS Yadav,A Symonds,SR Watson,4,0,,,,,,"",""
ball,1,19.5,Deccan Chargers,AS Yadav,A Symonds,SR Watson,0,0,,,,,,"",""
ball,1,19.6,Deccan Chargers,AS Yadav,A Symonds,SR Watson,2,0,,,,,,"",""
ball,1,19.7,Deccan Chargers,AS Yadav,A Symonds,SR Watson,0,0,,,,,,caught,AS Yadav
ball,2,0.1,Rajasthan Royals,Kamran Akmal,GC Smith,WPUJC Vaas,0,0,,,,,,"",""
ball,2,0.2,Rajasthan Royals,Kamran Akmal,GC Smith,WPUJC Vaas,0,0,,,,,,"",""
ball,2,0.3,Rajasthan Royals,Kamran Akmal,GC Smith,WPUJC Vaas,4,0,,,,,,"",""
ball,2,0.4,Rajasthan Royals,Kamran Akmal,GC Smith,WPUJC Vaas,1,0,,,,,,"",""
ball,2,0.5,Rajasthan Royals,GC Smith,Kamran Akmal,WPUJC Vaas,0,0,,,,,,"",""
ball,2,0.6,Rajasthan Royals,GC Smith,Kamran Akmal,WPUJC Vaas,0,0,,,,,,"",""
ball,2,1.1,Rajasthan Royals,Kamran Akmal,GC Smith,RP Singh,6,0,,,,,,"",""
ball,2,1.2,Rajasthan Royals,Kamran Akmal,GC Smith,RP Singh,0,0,,,,,,"",""
ball,2,1.3,Rajasthan Royals,Kamran Akmal,GC Smith,RP Singh,0,2,,,,2,,"",""
ball,2,1.4,Rajasthan Royals,Kamran Akmal,GC Smith,RP Singh,1,0,,,,,,"",""
ball,2,1.5,Rajasthan Royals,GC Smith,Kamran Akmal,RP Singh,0,0,,,,,,"",""
ball,2,1.6,Rajasthan Royals,GC Smith,Kamran Akmal,RP Singh,0,0,,,,,,"",""
ball,2,2.1,Rajasthan Royals,Kamran Akmal,GC Smith,WPUJC Vaas,0,0,,,,,,caught,Kamran Akmal
ball,2,2.2,Rajasthan Royals,YK Pathan,GC Smith,WPUJC Vaas,0,0,,,,,,"",""
ball,2,2.3,Rajasthan Royals,YK Pathan,GC Smith,WPUJC Vaas,0,0,,,,,,"",""
ball,2,2.4,Rajasthan Royals,YK Pathan,GC Smith,WPUJC Vaas,1,0,,,,,,"",""
ball,2,2.5,Rajasthan Royals,GC Smith,YK Pathan,WPUJC Vaas,0,0,,,,,,"",""
ball,2,2.6,Rajasthan Royals,GC Smith,YK Pathan,WPUJC Vaas,4,0,,,,,,"",""
ball,2,3.1,Rajasthan Royals,YK Pathan,GC Smith,RP Singh,0,0,,,,,,"",""
ball,2,3.2,Rajasthan Royals,YK Pathan,GC Smith,RP Singh,4,0,,,,,,"",""
ball,2,3.3,Rajasthan Royals,YK Pathan,GC Smith,RP Singh,6,0,,,,,,"",""
ball,2,3.4,Rajasthan Royals,YK Pathan,GC Smith,RP Singh,0,1,1,,,,,"",""
ball,2,3.5,Rajasthan Royals,YK Pathan,GC Smith,RP Singh,0,0,,,,,,"",""
ball,2,3.6,Rajasthan Royals,YK Pathan,GC Smith,RP Singh,1,0,,,,,,"",""
ball,2,3.7,Rajasthan Royals,GC Smith,YK Pathan,RP Singh,4,0,,,,,,"",""
ball,2,4.1,Rajasthan Royals,YK Pathan,GC Smith,WPUJC Vaas,6,0,,,,,,"",""
ball,2,4.2,Rajasthan Royals,YK Pathan,GC Smith,WPUJC Vaas,6,0,,,,,,"",""
ball,2,4.3,Rajasthan Royals,YK Pathan,GC Smith,WPUJC Vaas,4,0,,,,,,"",""
ball,2,4.4,Rajasthan Royals,YK Pathan,GC Smith,WPUJC Vaas,1,0,,,,,,"",""
ball,2,4.5,Rajasthan Royals,GC Smith,YK Pathan,WPUJC Vaas,4,0,,,,,,"",""
ball,2,4.6,Rajasthan Royals,GC Smith,YK Pathan,WPUJC Vaas,1,0,,,,,,"",""
ball,2,5.1,Rajasthan Royals,GC Smith,YK Pathan,PP Ojha,4,0,,,,,,"",""
ball,2,5.2,Rajasthan Royals,GC Smith,YK Pathan,PP Ojha,4,0,,,,,,"",""
ball,2,5.3,Rajasthan Royals,GC Smith,YK Pathan,PP Ojha,1,0,,,,,,"",""
ball,2,5.4,Rajasthan Royals,YK Pathan,GC Smith,PP Ojha,6,0,,,,,,"",""
ball,2,5.5,Rajasthan Royals,YK Pathan,GC Smith,PP Ojha,0,0,,,,,,"",""
ball,2,5.6,Rajasthan Royals,YK Pathan,GC Smith,PP Ojha,1,0,,,,,,"",""
ball,2,6.1,Rajasthan Royals,YK Pathan,GC Smith,D Kalyankrishna,1,0,,,,,,"",""
ball,2,6.2,Rajasthan Royals,GC Smith,YK Pathan,D Kalyankrishna,1,0,,,,,,"",""
ball,2,6.3,Rajasthan Royals,YK Pathan,GC Smith,D Kalyankrishna,0,0,,,,,,"",""
ball,2,6.4,Rajasthan Royals,YK Pathan,GC Smith,D Kalyankrishna,6,0,,,,,,"",""
ball,2,6.5,Rajasthan Royals,YK Pathan,GC Smith,D Kalyankrishna,1,0,,,,,,"",""
ball,2,6.6,Rajasthan Royals,GC Smith,YK Pathan,D Kalyankrishna,0,0,,,,,,"",""
ball,2,7.1,Rajasthan Royals,YK Pathan,GC Smith,RP Singh,1,0,,,,,,"",""
ball,2,7.2,Rajasthan Royals,GC Smith,YK Pathan,RP Singh,1,0,,,,,,"",""
ball,2,7.3,Rajasthan Royals,YK Pathan,GC Smith,RP Singh,6,0,,,,,,"",""
ball,2,7.4,Rajasthan Royals,YK Pathan,GC Smith,RP Singh,4,0,,,,,,"",""
ball,2,7.5,Rajasthan Royals,YK Pathan,GC Smith,RP Singh,0,0,,,,,,"",""
ball,2,7.6,Rajasthan Royals,YK Pathan,GC Smith,RP Singh,4,0,,,,,,"",""
ball,2,8.1,Rajasthan Royals,GC Smith,YK Pathan,Shahid Afridi,1,0,,,,,,"",""
ball,2,8.2,Rajasthan Royals,YK Pathan,GC Smith,Shahid Afridi,0,0,,,,,,"",""
ball,2,8.3,Rajasthan Royals,YK Pathan,GC Smith,Shahid Afridi,1,0,,,,,,"",""
ball,2,8.4,Rajasthan Royals,GC Smith,YK Pathan,Shahid Afridi,4,0,,,,,,"",""
ball,2,8.5,Rajasthan Royals,GC Smith,YK Pathan,Shahid Afridi,6,0,,,,,,"",""
ball,2,8.6,Rajasthan Royals,GC Smith,YK Pathan,Shahid Afridi,0,0,,,,,,"",""
ball,2,9.1,Rajasthan Royals,YK Pathan,GC Smith,D Kalyankrishna,1,0,,,,,,"",""
ball,2,9.2,Rajasthan Royals,GC Smith,YK Pathan,D Kalyankrishna,1,0,,,,,,"",""
ball,2,9.3,Rajasthan Royals,YK Pathan,GC Smith,D Kalyankrishna,0,0,,,,,,caught,YK Pathan
ball,2,9.4,Rajasthan Royals,SR Watson,GC Smith,D Kalyankrishna,1,0,,,,,,"",""
ball,2,9.5,Rajasthan Royals,GC Smith,SR Watson,D Kalyankrishna,1,0,,,,,,"",""
ball,2,9.6,Rajasthan Royals,SR Watson,GC Smith,D Kalyankrishna,0,0,,,,,,"",""
ball,2,10.1,Rajasthan Royals,GC Smith,SR Watson,PP Ojha,1,0,,,,,,"",""
ball,2,10.2,Rajasthan Royals,SR Watson,GC Smith,PP Ojha,1,0,,,,,,"",""
ball,2,10.3,Rajasthan Royals,GC Smith,SR Watson,PP Ojha,0,0,,,,,,"",""
ball,2,10.4,Rajasthan Royals,GC Smith,SR Watson,PP Ojha,4,0,,,,,,"",""
ball,2,10.5,Rajasthan Royals,GC Smith,SR Watson,PP Ojha,0,0,,,,,,"",""
ball,2,10.6,Rajasthan Royals,GC Smith,SR Watson,PP Ojha,1,0,,,,,,"",""
ball,2,11.1,Rajasthan Royals,GC Smith,SR Watson,Shahid Afridi,1,0,,,,,,"",""
ball,2,11.2,Rajasthan Royals,SR Watson,GC Smith,Shahid Afridi,1,0,,,,,,"",""
ball,2,11.3,Rajasthan Royals,GC Smith,SR Watson,Shahid Afridi,1,0,,,,,,"",""
ball,2,11.4,Rajasthan Royals,SR Watson,GC Smith,Shahid Afridi,1,0,,,,,,"",""
ball,2,11.5,Rajasthan Royals,GC Smith,SR Watson,Shahid Afridi,1,0,,,,,,"",""
ball,2,11.6,Rajasthan Royals,SR Watson,GC Smith,Shahid Afridi,0,0,,,,,,bowled,SR Watson
ball,2,12.1,Rajasthan Royals,GC Smith,M Kaif,A Symonds,1,0,,,,,,"",""
ball,2,12.2,Rajasthan Royals,M Kaif,GC Smith,A Symonds,1,0,,,,,,"",""
ball,2,12.3,Rajasthan Royals,GC Smith,M Kaif,A Symonds,1,0,,,,,,"",""
ball,2,12.4,Rajasthan Royals,M Kaif,GC Smith,A Symonds,4,0,,,,,,"",""
ball,2,12.5,Rajasthan Royals,M Kaif,GC Smith,A Symonds,0,0,,,,,,"",""
ball,2,12.6,Rajasthan Royals,M Kaif,GC Smith,A Symonds,1,0,,,,,,"",""
ball,2,13.1,Rajasthan Royals,M Kaif,GC Smith,Shahid Afridi,1,0,,,,,,"",""
ball,2,13.2,Rajasthan Royals,GC Smith,M Kaif,Shahid Afridi,1,0,,,,,,"",""
ball,2,13.3,Rajasthan Royals,M Kaif,GC Smith,Shahid Afridi,1,0,,,,,,"",""
ball,2,13.4,Rajasthan Royals,GC Smith,M Kaif,Shahid Afridi,0,0,,,,,,"",""
ball,2,13.5,Rajasthan Royals,GC Smith,M Kaif,Shahid Afridi,2,0,,,,,,"",""
ball,2,13.6,Rajasthan Royals,GC Smith,M Kaif,Shahid Afridi,0,0,,,,,,"",""
ball,2,14.1,Rajasthan Royals,M Kaif,GC Smith,A Symonds,6,0,,,,,,"",""
ball,2,14.2,Rajasthan Royals,M Kaif,GC Smith,A Symonds,0,0,,,,,,"",""
ball,2,14.3,Rajasthan Royals,M Kaif,GC Smith,A Symonds,1,0,,,,,,"",""
ball,2,14.4,Rajasthan Royals,GC Smith,M Kaif,A Symonds,0,1,,,,1,,"",""
ball,2,14.5,Rajasthan Royals,M Kaif,GC Smith,A Symonds,6,0,,,,,,"",""
ball,2,14.6,Rajasthan Royals,M Kaif,GC Smith,A Symonds,6,0,,,,,,"",""
ball,2,15.1,Rajasthan Royals,GC Smith,M Kaif,D Kalyankrishna,1,0,,,,,,"",""
ball,2,15.2,Rajasthan Royals,M Kaif,GC Smith,D Kalyankrishna,1,0,,,,,,"",""
ball,2,15.3,Rajasthan Royals,GC Smith,M Kaif,D Kalyankrishna,6,0,,,,,,"",""
ball,2,15.4,Rajasthan Royals,GC Smith,M Kaif,D Kalyankrishna,4,0,,,,,,"",""
ball,2,15.5,Rajasthan Royals,GC Smith,M Kaif,D Kalyankrishna,1,0,,,,,,"",""
ball,2,15.6,Rajasthan Royals,M Kaif,GC Smith,D Kalyankrishna,4,0,,,,,,"",""
ball,2,16.1,Rajasthan Royals,GC Smith,M Kaif,WPUJC Vaas,4,0,,,,,,"",""
ball,2,16.2,Rajasthan Royals,GC Smith,M Kaif,WPUJC Vaas,1,0,,,,,,"",""
ball,2,16.3,Rajasthan Royals,M Kaif,GC Smith,WPUJC Vaas,1,0,,,,,,"",""
ball,2,16.4,Rajasthan Royals,GC Smith,M Kaif,WPUJC Vaas,1,0,,,,,,"",""
ball,2,16.5,Rajasthan Royals,M Kaif,GC Smith,WPUJC Vaas,1,0,,,,,,"",""
ball,2,16.6,Rajasthan Royals,GC Smith,M Kaif,WPUJC Vaas,2,0,,,,,,"",""
ball,2,17.1,Rajasthan Royals,M Kaif,GC Smith,Shahid Afridi,0,0,,,,,,caught,M Kaif
ball,2,17.2,Rajasthan Royals,GC Smith,RA Jadeja,Shahid Afridi,0,1,1,,,,,"",""
ball,2,17.3,Rajasthan Royals,GC Smith,RA Jadeja,Shahid Afridi,0,0,,,,,,caught,GC Smith
ball,2,17.4,Rajasthan Royals,RA Jadeja,SK Warne,Shahid Afridi,1,0,,,,,,"",""
ball,2,17.5,Rajasthan Royals,SK Warne,RA Jadeja,Shahid Afridi,0,0,,,,,,"",""
ball,2,17.6,Rajasthan Royals,SK Warne,RA Jadeja,Shahid Afridi,0,0,,,,,,"",""
ball,2,17.7,Rajasthan Royals,SK Warne,RA Jadeja,Shahid Afridi,4,0,,,,,,"",""
ball,2,18.1,Rajasthan Royals,RA Jadeja,SK Warne,RP Singh,0,1,,,,1,,"",""
ball,2,18.2,Rajasthan Royals,SK Warne,RA Jadeja,RP Singh,1,1,,1,,,,"",""
ball,2,18.3,Rajasthan Royals,RA Jadeja,SK Warne,RP Singh,0,0,,,,,,bowled,RA Jadeja
ball,2,18.4,Rajasthan Royals,D Salunkhe,SK Warne,RP Singh,1,0,,,,,,"",""
ball,2,18.5,Rajasthan Royals,SK Warne,D Salunkhe,RP Singh,0,0,,,,,,run out,D Salunkhe
ball,2,18.6,Rajasthan Royals,SK Warne,Pankaj Singh,RP Singh,1,0,,,,,,"",""
ball,2,18.7,Rajasthan Royals,Pankaj Singh,SK Warne,RP Singh,1,0,,,,,,"",""
ball,2,19.1,Rajasthan Royals,Pankaj Singh,SK Warne,A Symonds,2,0,,,,,,"",""
ball,2,19.2,Rajasthan Royals,Pankaj Singh,SK Warne,A Symonds,1,0,,,,,,"",""
ball,2,19.3,Rajasthan Royals,SK Warne,Pankaj Singh,A Symonds,4,0,,,,,,"",""
ball,2,19.4,Rajasthan Royals,SK Warne,Pankaj Singh,A Symonds,6,0,,,,,,"",""
ball,2,19.5,Rajasthan Royals,SK Warne,Pankaj Singh,A Symonds,6,0,,,,,,"",""
