version,1.6.0
info,balls_per_over,6
info,team,Chennai Super Kings
info,team,Mumbai Indians
info,gender,male
info,season,2007/08
info,date,2008/04/23
info,event,Indian Premier League
info,match_number,8
info,venue,"MA Chidambaram Stadium, Chepauk"
info,city,Chennai
info,toss_winner,Mumbai Indians
info,toss_decision,field
info,player_of_match,ML Hayden
info,umpire,DJ Harper
info,umpire,GA Pratapkumar
info,reserve_umpire,S Ravi
info,tv_umpire,BF Bowden
info,match_referee,FM Engineer
info,winner,Chennai Super Kings
info,winner_runs,6
info,player,Chennai Super Kings,PA Patel
info,player,Chennai Super Kings,ML Hayden
info,player,Chennai Super Kings,MEK Hussey
info,player,Chennai Super Kings,SK Raina
info,player,Chennai Super Kings,MS Dhoni
info,player,Chennai Super Kings,JDP Oram
info,player,Chennai Super Kings,S Badrinath
info,player,Chennai Super Kings,Joginder Sharma
info,player,Chennai Super Kings,P Amarnath
info,player,Chennai Super Kings,MS Gony
info,player,Chennai Super Kings,M Muralitharan
info,player,Mumbai Indians,L Ronchi
info,player,Mumbai Indians,ST Jayasuriya
info,player,Mumbai Indians,RV Uthappa
info,player,Mumbai Indians,SM Pollock
info,player,Mumbai Indians,DJ Bravo
info,player,Mumbai Indians,AM Nayar
info,player,Mumbai Indians,MA Khote
info,player,Mumbai Indians,Harbhajan Singh
info,player,Mumbai Indians,A Nehra
info,player,Mumbai Indians,VS Yeligati
info,player,Mumbai Indians,DS Kulkarni
info,registry,people,A Nehra,96fd40ae
info,registry,people,AM Nayar,a45a5e8d
info,registry,people,BF Bowden,efc0a862
info,registry,people,DJ Bravo,87e562a9
info,registry,people,DJ Harper,0ec08b27
info,registry,people,DS Kulkarni,d2a989fc
info,registry,people,FM Engineer,6529ee42
info,registry,people,GA Pratapkumar,cf7c5778
info,registry,people,Harbhajan Singh,8b5b6769
info,registry,people,JDP Oram,3eac9d95
info,registry,people,Joginder Sharma,9f961c14
info,registry,people,L Ronchi,0fa5042b
info,registry,people,M Muralitharan,4ba44e19
info,registry,people,MA Khote,0d232ffd
info,registry,people,MEK Hussey,48fd7349
info,registry,people,ML Hayden,d8699ab7
info,registry,people,MS Dhoni,4a8a2e3b
info,registry,people,MS Gony,ae78bc32
info,registry,people,P Amarnath,6ad3a659
info,registry,people,PA Patel,b5da6c24
info,registry,people,RV Uthappa,1c17e270
info,registry,people,S Badrinath,3576e47e
info,registry,people,S Ravi,9b9ee0df
info,registry,people,SK Raina,1dc12ab9
info,registry,people,SM Pollock,88fccd6c
info,registry,people,ST Jayasuriya,f233bbb4
info,registry,people,VS Yeligati,38f2c66c
ball,1,0.1,Chennai Super Kings,PA Patel,ML Hayden,SM Pollock,0,1,1,,,,,"",""
ball,1,0.2,Chennai Super Kings,PA Patel,ML Hayden,SM Pollock,0,0,,,,,,"",""
ball,1,0.3,Chennai Super Kings,PA Patel,ML Hayden,SM Pollock,0,0,,,,,,"",""
ball,1,0.4,Chennai Super Kings,PA Patel,ML Hayden,SM Pollock,0,0,,,,,,"",""
ball,1,0.5,Chennai Super Kings,PA Patel,ML Hayden,SM Pollock,4,0,,,,,,"",""
ball,1,0.6,Chennai Super Kings,PA Patel,ML Hayden,SM Pollock,0,0,,,,,,"",""
ball,1,0.7,Chennai Super Kings,PA Patel,ML Hayden,SM Pollock,2,0,,,,,,"",""
ball,1,1.1,Chennai Super Kings,ML Hayden,PA Patel,A Nehra,0,0,,,,,,"",""
ball,1,1.2,Chennai Super Kings,ML Hayden,PA Patel,A Nehra,1,0,,,,,,"",""
ball,1,1.3,Chennai Super Kings,PA Patel,ML Hayden,A Nehra,0,0,,,,,,"",""
ball,1,1.4,Chennai Super Kings,PA Patel,ML Hayden,A Nehra,4,0,,,,,,"",""
ball,1,1.5,Chennai Super Kings,PA Patel,ML Hayden,A Nehra,0,0,,,,,,"",""
ball,1,1.6,Chennai Super Kings,PA Patel,ML Hayden,A Nehra,4,0,,,,,,"",""
ball,1,2.1,Chennai Super Kings,ML Hayden,PA Patel,SM Pollock,0,0,,,,,,"",""
ball,1,2.2,Chennai Super Kings,ML Hayden,PA Patel,SM Pollock,4,0,,,,,,"",""
ball,1,2.3,Chennai Super Kings,ML Hayden,PA Patel,SM Pollock,6,0,,,,,,"",""
ball,1,2.4,Chennai Super Kings,ML Hayden,PA Patel,SM Pollock,0,0,,,,,,"",""
ball,1,2.5,Chennai Super Kings,ML Hayden,PA Patel,SM Pollock,4,0,,,,,,"",""
ball,1,2.6,Chennai Super Kings,ML Hayden,PA Patel,SM Pollock,0,4,,,4,,,"",""
ball,1,3.1,Chennai Super Kings,PA Patel,ML Hayden,A Nehra,0,0,,,,,,caught,PA Patel
ball,1,3.2,Chennai Super Kings,MEK Hussey,ML Hayden,A Nehra,0,0,,,,,,"",""
ball,1,3.3,Chennai Super Kings,MEK Hussey,ML Hayden,A Nehra,0,0,,,,,,"",""
ball,1,3.4,Chennai Super Kings,MEK Hussey,ML Hayden,A Nehra,0,0,,,,,,"",""
ball,1,3.5,Chennai Super Kings,MEK Hussey,ML Hayden,A Nehra,0,0,,,,,,"",""
ball,1,3.6,Chennai Super Kings,MEK Hussey,ML Hayden,A Nehra,1,0,,,,,,"",""
ball,1,4.1,Chennai Super Kings,MEK Hussey,ML Hayden,DS Kulkarni,0,0,,,,,,"",""
ball,1,4.2,Chennai Super Kings,MEK Hussey,ML Hayden,DS Kulkarni,0,0,,,,,,"",""
ball,1,4.3,Chennai Super Kings,MEK Hussey,ML Hayden,DS Kulkarni,4,0,,,,,,"",""
ball,1,4.4,Chennai Super Kings,MEK Hussey,ML Hayden,DS Kulkarni,0,0,,,,,,bowled,MEK Hussey
ball,1,4.5,Chennai Super Kings,SK Raina,ML Hayden,DS Kulkarni,0,0,,,,,,"",""
ball,1,4.6,Chennai Super Kings,SK Raina,ML Hayden,DS Kulkarni,1,0,,,,,,"",""
ball,1,5.1,Chennai Super Kings,SK Raina,ML Hayden,A Nehra,1,0,,,,,,"",""
ball,1,5.2,Chennai Super Kings,ML Hayden,SK Raina,A Nehra,0,1,1,,,,,"",""
ball,1,5.3,Chennai Super Kings,ML Hayden,SK Raina,A Nehra,4,0,,,,,,"",""
ball,1,5.4,Chennai Super Kings,ML Hayden,SK Raina,A Nehra,4,0,,,,,,"",""
ball,1,5.5,Chennai Super Kings,ML Hayden,SK Raina,A Nehra,1,0,,,,,,"",""
ball,1,5.6,Chennai Super Kings,SK Raina,ML Hayden,A Nehra,0,1,1,,,,,"",""
ball,1,5.7,Chennai Super Kings,SK Raina,ML Hayden,A Nehra,1,0,,,,,,"",""
ball,1,5.8,Chennai Super Kings,ML Hayden,SK Raina,A Nehra,0,0,,,,,,"",""
ball,1,6.1,Chennai Super Kings,SK Raina,ML Hayden,DS Kulkarni,0,0,,,,,,"",""
ball,1,6.2,Chennai Super Kings,SK Raina,ML Hayden,DS Kulkarni,1,0,,,,,,"",""
ball,1,6.3,Chennai Super Kings,ML Hayden,SK Raina,DS Kulkarni,1,0,,,,,,"",""
ball,1,6.4,Chennai Super Kings,SK Raina,ML Hayden,DS Kulkarni,0,0,,,,,,"",""
ball,1,6.5,Chennai Super Kings,SK Raina,ML Hayden,DS Kulkarni,1,0,,,,,,"",""
ball,1,6.6,Chennai Super Kings,ML Hayden,SK Raina,DS Kulkarni,1,1,,1,,,,"",""
ball,1,6.7,Chennai Super Kings,SK Raina,ML Hayden,DS Kulkarni,1,0,,,,,,"",""
ball,1,7.1,Chennai Super Kings,SK Raina,ML Hayden,Harbhajan Singh,0,0,,,,,,"",""
ball,1,7.2,Chennai Super Kings,SK Raina,ML Hayden,Harbhajan Singh,1,0,,,,,,"",""
ball,1,7.3,Chennai Super Kings,ML Hayden,SK Raina,Harbhajan Singh,1,0,,,,,,"",""
ball,1,7.4,Chennai Super Kings,SK Raina,ML Hayden,Harbhajan Singh,1,0,,,,,,"",""
ball,1,7.5,Chennai Super Kings,ML Hayden,SK Raina,Harbhajan Singh,1,0,,,,,,"",""
ball,1,7.6,Chennai Super Kings,SK Raina,ML Hayden,Harbhajan Singh,1,0,,,,,,"",""
ball,1,8.1,Chennai Super Kings,SK Raina,ML Hayden,DJ Bravo,0,0,,,,,,"",""
ball,1,8.2,Chennai Super Kings,SK Raina,ML Hayden,DJ Bravo,0,0,,,,,,"",""
ball,1,8.3,Chennai Super Kings,SK Raina,ML Hayden,DJ Bravo,0,1,,,,1,,"",""
ball,1,8.4,Chennai Super Kings,ML Hayden,SK Raina,DJ Bravo,4,0,,,,,,"",""
ball,1,8.5,Chennai Super Kings,ML Hayden,SK Raina,DJ Bravo,1,0,,,,,,"",""
ball,1,8.6,Chennai Super Kings,SK Raina,ML Hayden,DJ Bravo,2,0,,,,,,"",""
ball,1,9.1,Chennai Super Kings,ML Hayden,SK Raina,Harbhajan Singh,0,0,,,,,,"",""
ball,1,9.2,Chennai Super Kings,ML Hayden,SK Raina,Harbhajan Singh,0,1,,,,1,,"",""
ball,1,9.3,Chennai Super Kings,SK Raina,ML Hayden,Harbhajan Singh,6,0,,,,,,"",""
ball,1,9.4,Chennai Super Kings,SK Raina,ML Hayden,Harbhajan Singh,1,0,,,,,,"",""
ball,1,9.5,Chennai Super Kings,ML Hayden,SK Raina,Harbhajan Singh,1,0,,,,,,"",""
ball,1,9.6,Chennai Super Kings,SK Raina,ML Hayden,Harbhajan Singh,1,0,,,,,,"",""
ball,1,10.1,Chennai Super Kings,SK Raina,ML Hayden,DJ Bravo,6,0,,,,,,"",""
ball,1,10.2,Chennai Super Kings,SK Raina,ML Hayden,DJ Bravo,1,0,,,,,,"",""
ball,1,10.3,Chennai Super Kings,ML Hayden,SK Raina,DJ Bravo,1,0,,,,,,"",""
ball,1,10.4,Chennai Super Kings,SK Raina,ML Hayden,DJ Bravo,1,0,,,,,,"",""
ball,1,10.5,Chennai Super Kings,ML Hayden,SK Raina,DJ Bravo,4,0,,,,,,"",""
ball,1,10.6,Chennai Super Kings,ML Hayden,SK Raina,DJ Bravo,1,0,,,,,,"",""
ball,1,11.1,Chennai Super Kings,ML Hayden,SK Raina,VS Yeligati,0,0,,,,,,"",""
ball,1,11.2,Chennai Super Kings,ML Hayden,SK Raina,VS Yeligati,1,0,,,,,,"",""
ball,1,11.3,Chennai Super Kings,SK Raina,ML Hayden,VS Yeligati,4,0,,,,,,"",""
ball,1,11.4,Chennai Super Kings,SK Raina,ML Hayden,VS Yeligati,4,0,,,,,,"",""
ball,1,11.5,Chennai Super Kings,SK Raina,ML Hayden,VS Yeligati,0,5,5,,,,,"",""
ball,1,11.6,Chennai Super Kings,SK Raina,ML Hayden,VS Yeligati,1,0,,,,,,"",""
ball,1,11.7,Chennai Super Kings,ML Hayden,SK Raina,VS Yeligati,1,0,,,,,,"",""
ball,1,12.1,Chennai Super Kings,ML Hayden,SK Raina,SM Pollock,1,0,,,,,,"",""
ball,1,12.2,Chennai Super Kings,SK Raina,ML Hayden,SM Pollock,0,0,,,,,,"",""
ball,1,12.3,Chennai Super Kings,SK Raina,ML Hayden,SM Pollock,1,0,,,,,,"",""
ball,1,12.4,Chennai Super Kings,ML Hayden,SK Raina,SM Pollock,4,0,,,,,,"",""
ball,1,12.5,Chennai Super Kings,ML Hayden,SK Raina,SM Pollock,1,0,,,,,,"",""
ball,1,12.6,Chennai Super Kings,SK Raina,ML Hayden,SM Pollock,4,0,,,,,,"",""
ball,1,13.1,Chennai Super Kings,ML Hayden,SK Raina,AM Nayar,0,0,,,,,,"",""
ball,1,13.2,Chennai Super Kings,ML Hayden,SK Raina,AM Nayar,1,0,,,,,,"",""
ball,1,13.3,Chennai Super Kings,SK Raina,ML Hayden,AM Nayar,6,0,,,,,,"",""
ball,1,13.4,Chennai Super Kings,SK Raina,ML Hayden,AM Nayar,0,0,,,,,,"",""
ball,1,13.5,Chennai Super Kings,SK Raina,ML Hayden,AM Nayar,1,0,,,,,,"",""
ball,1,13.6,Chennai Super Kings,ML Hayden,SK Raina,AM Nayar,6,0,,,,,,"",""
ball,1,14.1,Chennai Super Kings,SK Raina,ML Hayden,MA Khote,2,0,,,,,,"",""
ball,1,14.2,Chennai Super Kings,SK Raina,ML Hayden,MA Khote,1,0,,,,,,"",""
ball,1,14.3,Chennai Super Kings,ML Hayden,SK Raina,MA Khote,1,0,,,,,,"",""
ball,1,14.4,Chennai Super Kings,SK Raina,ML Hayden,MA Khote,2,0,,,,,,"",""
ball,1,14.5,Chennai Super Kings,SK Raina,ML Hayden,MA Khote,0,0,,,,,,"",""
ball,1,14.6,Chennai Super Kings,SK Raina,ML Hayden,MA Khote,0,0,,,,,,caught,SK Raina
ball,1,15.1,Chennai Super Kings,MS Dhoni,ML Hayden,DJ Bravo,0,1,1,,,,,"",""
ball,1,15.2,Chennai Super Kings,MS Dhoni,ML Hayden,DJ Bravo,4,0,,,,,,"",""
ball,1,15.3,Chennai Super Kings,MS Dhoni,ML Hayden,DJ Bravo,0,0,,,,,,"",""
ball,1,15.4,Chennai Super Kings,MS Dhoni,ML Hayden,DJ Bravo,4,0,,,,,,"",""
ball,1,15.5,Chennai Super Kings,MS Dhoni,ML Hayden,DJ Bravo,1,0,,,,,,"",""
ball,1,15.6,Chennai Super Kings,ML Hayden,MS Dhoni,DJ Bravo,4,0,,,,,,"",""
ball,1,15.7,Chennai Super Kings,ML Hayden,MS Dhoni,DJ Bravo,1,0,,,,,,"",""
ball,1,16.1,Chennai Super Kings,ML Hayden,MS Dhoni,MA Khote,4,0,,,,,,"",""
ball,1,16.2,Chennai Super Kings,ML Hayden,MS Dhoni,MA Khote,1,0,,,,,,"",""
ball,1,16.3,Chennai Super Kings,MS Dhoni,ML Hayden,MA Khote,1,0,,,,,,"",""
ball,1,16.4,Chennai Super Kings,ML Hayden,MS Dhoni,MA Khote,1,0,,,,,,"",""
ball,1,16.5,Chennai Super Kings,MS Dhoni,ML Hayden,MA Khote,2,0,,,,,,"",""
ball,1,16.6,Chennai Super Kings,MS Dhoni,ML Hayden,MA Khote,1,0,,,,,,"",""
ball,1,17.1,Chennai Super Kings,MS Dhoni,ML Hayden,DS Kulkarni,4,0,,,,,,"",""
ball,1,17.2,Chennai Super Kings,MS Dhoni,ML Hayden,DS Kulkarni,1,0,,,,,,"",""
ball,1,17.3,Chennai Super Kings,ML Hayden,MS Dhoni,DS Kulkarni,4,0,,,,,,"",""
ball,1,17.4,Chennai Super Kings,ML Hayden,MS Dhoni,DS Kulkarni,4,0,,,,,,"",""
ball,1,17.5,Chennai Super Kings,ML Hayden,MS Dhoni,DS Kulkarni,1,0,,,,,,"",""
ball,1,17.6,Chennai Super Kings,MS Dhoni,ML Hayden,DS Kulkarni,0,0,,,,,,"",""
ball,1,18.1,Chennai Super Kings,ML Hayden,MS Dhoni,A Nehra,0,0,,,,,,"",""
ball,1,18.2,Chennai Super Kings,ML Hayden,MS Dhoni,A Nehra,4,1,,1,,,,"",""
ball,1,18.3,Chennai Super Kings,ML Hayden,MS Dhoni,A Nehra,0,0,,,,,,"",""
ball,1,18.4,Chennai Super Kings,ML Hayden,MS Dhoni,A Nehra,1,0,,,,,,"",""
ball,1,18.5,Chennai Super Kings,MS Dhoni,ML Hayden,A Nehra,4,0,,,,,,"",""
ball,1,18.6,Chennai Super Kings,MS Dhoni,ML Hayden,A Nehra,2,0,,,,,,"",""
ball,1,18.7,Chennai Super Kings,MS Dhoni,ML Hayden,A Nehra,0,0,,,,,,run out,ML Hayden
ball,1,19.1,Chennai Super Kings,MS Dhoni,JDP Oram,MA Khote,6,0,,,,,,"",""
ball,1,19.2,Chennai Super Kings,MS Dhoni,JDP Oram,MA Khote,0,1,,,,1,,"",""
ball,1,19.3,Chennai Super Kings,JDP Oram,MS Dhoni,MA Khote,4,0,,,,,,"",""
ball,1,19.4,Chennai Super Kings,JDP Oram,MS Dhoni,MA Khote,1,0,,,,,,"",""
ball,1,19.5,Chennai Super Kings,MS Dhoni,JDP Oram,MA Khote,0,0,,,,,,caught,MS Dhoni
ball,1,19.6,Chennai Super Kings,S Badrinath,JDP Oram,MA Khote,2,0,,,,,,"",""
ball,2,0.1,Mumbai Indians,L Ronchi,ST Jayasuriya,JDP Oram,0,0,,,,,,"",""
ball,2,0.2,Mumbai Indians,L Ronchi,ST Jayasuriya,JDP Oram,0,1,1,,,,,"",""
ball,2,0.3,Mumbai Indians,L Ronchi,ST Jayasuriya,JDP Oram,1,0,,,,,,"",""
ball,2,0.4,Mumbai Indians,ST Jayasuriya,L Ronchi,JDP Oram,4,0,,,,,,"",""
ball,2,0.5,Mumbai Indians,ST Jayasuriya,L Ronchi,JDP Oram,0,1,1,,,,,"",""
ball,2,0.6,Mumbai Indians,ST Jayasuriya,L Ronchi,JDP Oram,1,0,,,,,,"",""
ball,2,0.7,Mumbai Indians,L Ronchi,ST Jayasuriya,JDP Oram,1,0,,,,,,"",""
ball,2,0.8,Mumbai Indians,ST Jayasuriya,L Ronchi,JDP Oram,0,0,,,,,,run out,L Ronchi
ball,2,1.1,Mumbai Indians,RV Uthappa,ST Jayasuriya,MS Gony,0,4,,,,4,,"",""
ball,2,1.2,Mumbai Indians,RV Uthappa,ST Jayasuriya,MS Gony,0,0,,,,,,"",""
ball,2,1.3,Mumbai Indians,RV Uthappa,ST Jayasuriya,MS Gony,0,0,,,,,,"",""
ball,2,1.4,Mumbai Indians,RV Uthappa,ST Jayasuriya,MS Gony,0,0,,,,,,"",""
ball,2,1.5,Mumbai Indians,RV Uthappa,ST Jayasuriya,MS Gony,0,0,,,,,,"",""
ball,2,1.6,Mumbai Indians,RV Uthappa,ST Jayasuriya,MS Gony,0,0,,,,,,"",""
ball,2,2.1,Mumbai Indians,ST Jayasuriya,RV Uthappa,JDP Oram,1,0,,,,,,"",""
ball,2,2.2,Mumbai Indians,RV Uthappa,ST Jayasuriya,JDP Oram,1,0,,,,,,"",""
ball,2,2.3,Mumbai Indians,ST Jayasuriya,RV Uthappa,JDP Oram,4,0,,,,,,"",""
ball,2,2.4,Mumbai Indians,ST Jayasuriya,RV Uthappa,JDP Oram,4,0,,,,,,"",""
ball,2,2.5,Mumbai Indians,ST Jayasuriya,RV Uthappa,JDP Oram,2,0,,,,,,"",""
ball,2,2.6,Mumbai Indians,ST Jayasuriya,RV Uthappa,JDP Oram,0,0,,,,,,"",""
ball,2,3.1,Mumbai Indians,RV Uthappa,ST Jayasuriya,MS Gony,1,0,,,,,,"",""
ball,2,3.2,Mumbai Indians,ST Jayasuriya,RV Uthappa,MS Gony,0,0,,,,,,"",""
ball,2,3.3,Mumbai Indians,ST Jayasuriya,RV Uthappa,MS Gony,4,0,,,,,,"",""
ball,2,3.4,Mumbai Indians,ST Jayasuriya,RV Uthappa,MS Gony,0,0,,,,,,caught,ST Jayasuriya
ball,2,3.5,Mumbai Indians,RV Uthappa,SM Pollock,MS Gony,0,0,,,,,,"",""
ball,2,3.6,Mumbai Indians,RV Uthappa,SM Pollock,MS Gony,0,1,,,,1,,"",""
ball,2,4.1,Mumbai Indians,RV Uthappa,SM Pollock,JDP Oram,4,0,,,,,,"",""
ball,2,4.2,Mumbai Indians,RV Uthappa,SM Pollock,JDP Oram,0,0,,,,,,"",""
ball,2,4.3,Mumbai Indians,RV Uthappa,SM Pollock,JDP Oram,4,0,,,,,,"",""
ball,2,4.4,Mumbai Indians,RV Uthappa,SM Pollock,JDP Oram,6,0,,,,,,"",""
ball,2,4.5,Mumbai Indians,RV Uthappa,SM Pollock,JDP Oram,4,0,,,,,,"",""
ball,2,4.6,Mumbai Indians,RV Uthappa,SM Pollock,JDP Oram,1,0,,,,,,"",""
ball,2,5.1,Mumbai Indians,RV Uthappa,SM Pollock,MS Gony,0,0,,,,,,"",""
ball,2,5.2,Mumbai Indians,RV Uthappa,SM Pollock,MS Gony,0,0,,,,,,"",""
ball,2,5.3,Mumbai Indians,RV Uthappa,SM Pollock,MS Gony,0,0,,,,,,"",""
ball,2,5.4,Mumbai Indians,RV Uthappa,SM Pollock,MS Gony,1,0,,,,,,"",""
ball,2,5.5,Mumbai Indians,SM Pollock,RV Uthappa,MS Gony,0,0,,,,,,"",""
ball,2,5.6,Mumbai Indians,SM Pollock,RV Uthappa,MS Gony,1,0,,,,,,"",""
ball,2,6.1,Mumbai Indians,SM Pollock,RV Uthappa,Joginder Sharma,1,0,,,,,,"",""
ball,2,6.2,Mumbai Indians,RV Uthappa,SM Pollock,Joginder Sharma,0,0,,,,,,"",""
ball,2,6.3,Mumbai Indians,RV Uthappa,SM Pollock,Joginder Sharma,1,0,,,,,,"",""
ball,2,6.4,Mumbai Indians,SM Pollock,RV Uthappa,Joginder Sharma,1,0,,,,,,"",""
ball,2,6.5,Mumbai Indians,RV Uthappa,SM Pollock,Joginder Sharma,0,0,,,,,,"",""
ball,2,6.6,Mumbai Indians,RV Uthappa,SM Pollock,Joginder Sharma,2,0,,,,,,"",""
ball,2,7.1,Mumbai Indians,SM Pollock,RV Uthappa,MS Gony,1,0,,,,,,"",""
ball,2,7.2,Mumbai Indians,RV Uthappa,SM Pollock,MS Gony,1,1,,1,,,,"",""
ball,2,7.3,Mumbai Indians,SM Pollock,RV Uthappa,MS Gony,1,0,,,,,,"",""
ball,2,7.4,Mumbai Indians,RV Uthappa,SM Pollock,MS Gony,1,0,,,,,,"",""
ball,2,7.5,Mumbai Indians,SM Pollock,RV Uthappa,MS Gony,1,0,,,,,,"",""
ball,2,7.6,Mumbai Indians,RV Uthappa,SM Pollock,MS Gony,4,0,,,,,,"",""
ball,2,7.7,Mumbai Indians,RV Uthappa,SM Pollock,MS Gony,1,0,,,,,,"",""
ball,2,8.1,Mumbai Indians,RV Uthappa,SM Pollock,P Amarnath,1,0,,,,,,"",""
ball,2,8.2,Mumbai Indians,SM Pollock,RV Uthappa,P Amarnath,1,0,,,,,,"",""
ball,2,8.3,Mumbai Indians,RV Uthappa,SM Pollock,P Amarnath,0,0,,,,,,"",""
ball,2,8.4,Mumbai Indians,RV Uthappa,SM Pollock,P Amarnath,4,0,,,,,,"",""
ball,2,8.5,Mumbai Indians,RV Uthappa,SM Pollock,P Amarnath,0,0,,,,,,"",""
ball,2,8.6,Mumbai Indians,RV Uthappa,SM Pollock,P Amarnath,1,0,,,,,,"",""
ball,2,9.1,Mumbai Indians,RV Uthappa,SM Pollock,Joginder Sharma,4,0,,,,,,"",""
ball,2,9.2,Mumbai Indians,RV Uthappa,SM Pollock,Joginder Sharma,1,0,,,,,,"",""
ball,2,9.3,Mumbai Indians,SM Pollock,RV Uthappa,Joginder Sharma,1,0,,,,,,"",""
ball,2,9.4,Mumbai Indians,RV Uthappa,SM Pollock,Joginder Sharma,0,0,,,,,,bowled,RV Uthappa
ball,2,9.5,Mumbai Indians,DJ Bravo,SM Pollock,Joginder Sharma,1,0,,,,,,"",""
ball,2,9.6,Mumbai Indians,SM Pollock,DJ Bravo,Joginder Sharma,1,0,,,,,,"",""
ball,2,10.1,Mumbai Indians,SM Pollock,DJ Bravo,M Muralitharan,0,1,1,,,,,"",""
ball,2,10.2,Mumbai Indians,SM Pollock,DJ Bravo,M Muralitharan,0,1,1,,,,,"",""
ball,2,10.3,Mumbai Indians,SM Pollock,DJ Bravo,M Muralitharan,0,1,1,,,,,"",""
ball,2,10.4,Mumbai Indians,SM Pollock,DJ Bravo,M Muralitharan,1,0,,,,,,"",""
ball,2,10.5,Mumbai Indians,DJ Bravo,SM Pollock,M Muralitharan,1,0,,,,,,"",""
ball,2,10.6,Mumbai Indians,SM Pollock,DJ Bravo,M Muralitharan,1,0,,,,,,"",""
ball,2,10.7,Mumbai Indians,DJ Bravo,SM Pollock,M Muralitharan,0,0,,,,,,"",""
ball,2,10.8,Mumbai Indians,DJ Bravo,SM Pollock,M Muralitharan,1,0,,,,,,"",""
ball,2,10.9,Mumbai Indians,SM Pollock,DJ Bravo,M Muralitharan,0,0,,,,,,"",""
ball,2,11.1,Mumbai Indians,DJ Bravo,SM Pollock,P Amarnath,0,0,,,,,,"",""
ball,2,11.2,Mumbai Indians,DJ Bravo,SM Pollock,P Amarnath,1,0,,,,,,"",""
ball,2,11.3,Mumbai Indians,SM Pollock,DJ Bravo,P Amarnath,6,0,,,,,,"",""
ball,2,11.4,Mumbai Indians,SM Pollock,DJ Bravo,P Amarnath,0,0,,,,,,bowled,SM Pollock
ball,2,11.5,Mumbai Indians,AM Nayar,DJ Bravo,P Amarnath,1,0,,,,,,"",""
ball,2,11.6,Mumbai Indians,DJ Bravo,AM Nayar,P Amarnath,1,0,,,,,,"",""
ball,2,12.1,Mumbai Indians,DJ Bravo,AM Nayar,M Muralitharan,6,0,,,,,,"",""
ball,2,12.2,Mumbai Indians,DJ Bravo,AM Nayar,M Muralitharan,0,1,1,,,,,"",""
ball,2,12.3,Mumbai Indians,DJ Bravo,AM Nayar,M Muralitharan,1,0,,,,,,"",""
ball,2,12.4,Mumbai Indians,AM Nayar,DJ Bravo,M Muralitharan,1,0,,,,,,"",""
ball,2,12.5,Mumbai Indians,DJ Bravo,AM Nayar,M Muralitharan,0,0,,,,,,"",""
ball,2,12.6,Mumbai Indians,DJ Bravo,AM Nayar,M Muralitharan,1,0,,,,,,"",""
ball,2,12.7,Mumbai Indians,AM Nayar,DJ Bravo,M Muralitharan,1,0,,,,,,"",""
ball,2,13.1,Mumbai Indians,AM Nayar,DJ Bravo,P Amarnath,0,0,,,,,,"",""
ball,2,13.2,Mumbai Indians,AM Nayar,DJ Bravo,P Amarnath,4,0,,,,,,"",""
ball,2,13.3,Mumbai Indians,AM Nayar,DJ Bravo,P Amarnath,5,0,,,,,,"",""
ball,2,13.4,Mumbai Indians,DJ Bravo,AM Nayar,P Amarnath,4,0,,,,,,"",""
ball,2,13.5,Mumbai Indians,DJ Bravo,AM Nayar,P Amarnath,4,0,,,,,,"",""
ball,2,13.6,Mumbai Indians,DJ Bravo,AM Nayar,P Amarnath,3,0,,,,,,"",""
ball,2,14.1,Mumbai Indians,DJ Bravo,AM Nayar,Joginder Sharma,0,0,,,,,,"",""
ball,2,14.2,Mumbai Indians,DJ Bravo,AM Nayar,Joginder Sharma,0,0,,,,,,caught,DJ Bravo
ball,2,14.3,Mumbai Indians,MA Khote,AM Nayar,Joginder Sharma,2,0,,,,,,"",""
ball,2,14.4,Mumbai Indians,MA Khote,AM Nayar,Joginder Sharma,1,0,,,,,,"",""
ball,2,14.5,Mumbai Indians,AM Nayar,MA Khote,Joginder Sharma,1,0,,,,,,"",""
ball,2,14.6,Mumbai Indians,MA Khote,AM Nayar,Joginder Sharma,0,0,,,,,,"",""
ball,2,15.1,Mumbai Indians,AM Nayar,MA Khote,M Muralitharan,1,0,,,,,,"",""
ball,2,15.2,Mumbai Indians,MA Khote,AM Nayar,M Muralitharan,6,0,,,,,,"",""
ball,2,15.3,Mumbai Indians,MA Khote,AM Nayar,M Muralitharan,0,0,,,,,,caught,MA Khote
ball,2,15.4,Mumbai Indians,AM Nayar,Harbhajan Singh,M Muralitharan,4,0,,,,,,"",""
ball,2,15.5,Mumbai Indians,AM Nayar,Harbhajan Singh,M Muralitharan,1,0,,,,,,"",""
ball,2,15.6,Mumbai Indians,Harbhajan Singh,AM Nayar,M Muralitharan,1,0,,,,,,"",""
ball,2,16.1,Mumbai Indians,Harbhajan Singh,AM Nayar,P Amarnath,0,0,,,,,,"",""
ball,2,16.2,Mumbai Indians,Harbhajan Singh,AM Nayar,P Amarnath,6,0,,,,,,"",""
ball,2,16.3,Mumbai Indians,Harbhajan Singh,AM Nayar,P Amarnath,1,0,,,,,,"",""
ball,2,16.4,Mumbai Indians,AM Nayar,Harbhajan Singh,P Amarnath,4,0,,,,,,"",""
ball,2,16.5,Mumbai Indians,AM Nayar,Harbhajan Singh,P Amarnath,4,0,,,,,,"",""
ball,2,16.6,Mumbai Indians,AM Nayar,Harbhajan Singh,P Amarnath,6,0,,,,,,"",""
ball,2,17.1,Mumbai Indians,Harbhajan Singh,AM Nayar,JDP Oram,0,0,,,,,,"",""
ball,2,17.2,Mumbai Indians,Harbhajan Singh,AM Nayar,JDP Oram,0,0,,,,,,"",""
ball,2,17.3,Mumbai Indians,Harbhajan Singh,AM Nayar,JDP Oram,6,0,,,,,,"",""
ball,2,17.4,Mumbai Indians,Harbhajan Singh,AM Nayar,JDP Oram,6,0,,,,,,"",""
ball,2,17.5,Mumbai Indians,Harbhajan Singh,AM Nayar,JDP Oram,0,0,,,,,,"",""
ball,2,17.6,Mumbai Indians,Harbhajan Singh,AM Nayar,JDP Oram,1,0,,,,,,"",""
ball,2,18.1,Mumbai Indians,Harbhajan Singh,AM Nayar,M Muralitharan,2,0,,,,,,"",""
ball,2,18.2,Mumbai Indians,Harbhajan Singh,AM Nayar,M Muralitharan,1,0,,,,,,"",""
ball,2,18.3,Mumbai Indians,AM Nayar,Harbhajan Singh,M Muralitharan,1,0,,,,,,"",""
ball,2,18.4,Mumbai Indians,Harbhajan Singh,AM Nayar,M Muralitharan,4,0,,,,,,"",""
ball,2,18.5,Mumbai Indians,Harbhajan Singh,AM Nayar,M Muralitharan,0,0,,,,,,caught,Harbhajan Singh
ball,2,18.6,Mumbai Indians,AM Nayar,A Nehra,M Muralitharan,1,0,,,,,,"",""
ball,2,19.1,Mumbai Indians,AM Nayar,A Nehra,Joginder Sharma,4,0,,,,,,"",""
ball,2,19.2,Mumbai Indians,AM Nayar,A Nehra,Joginder Sharma,4,0,,,,,,"",""
ball,2,19.3,Mumbai Indians,AM Nayar,A Nehra,Joginder Sharma,1,1,,1,,,,"",""
ball,2,19.4,Mumbai Indians,A Nehra,AM Nayar,Joginder Sharma,0,0,,,,,,"",""
ball,2,19.5,Mumbai Indians,A Nehra,AM Nayar,Joginder Sharma,1,0,,,,,,"",""
ball,2,19.6,Mumbai Indians,AM Nayar,A Nehra,Joginder Sharma,0,0,,,,,,"",""
ball,2,19.7,Mumbai Indians,AM Nayar,A Nehra,Joginder Sharma,1,0,,,,,,"",""
