version,1.6.0
info,balls_per_over,6
info,team,Rajasthan Royals
info,team,Kings XI Punjab
info,gender,male
info,season,2007/08
info,date,2008/04/21
info,event,Indian Premier League
info,match_number,6
info,venue,Sawai Mansingh Stadium
info,city,Jaipur
info,toss_winner,Kings XI Punjab
info,toss_decision,bat
info,player_of_match,SR Watson
info,umpire,Aleem Dar
info,umpire,RB Tiffin
info,reserve_umpire,MSS Ranawat
info,tv_umpire,I Shivram
info,match_referee,S Venkataraghavan
info,winner,Rajasthan Royals
info,winner_wickets,6
info,player,Kings XI Punjab,K Goel
info,player,Kings XI Punjab,JR Hopes
info,player,Kings XI Punjab,KC Sangakkara
info,player,Kings XI Punjab,DPMD Jayawardene
info,player,Kings XI Punjab,Yuvraj Singh
info,player,Kings XI Punjab,IK Pathan
info,player,Kings XI Punjab,S Sohal
info,player,Kings XI Punjab,B Lee
info,player,Kings XI Punjab,PP Chawla
info,player,Kings XI Punjab,WA Mota
info,player,Kings XI Punjab,S Sreesanth
info,player,Rajasthan Royals,M Kaif
info,player,Rajasthan Royals,Kamran Akmal
info,player,Rajasthan Royals,YK Pathan
info,player,Rajasthan Royals,SR Watson
info,player,Rajasthan Royals,DS Lehmann
info,player,Rajasthan Royals,RA Jadeja
info,player,Rajasthan Royals,Pankaj Singh
info,player,Rajasthan Royals,D Salunkhe
info,player,Rajasthan Royals,SK Warne
info,player,Rajasthan Royals,SK Trivedi
info,player,Rajasthan Royals,MM Patel
info,registry,people,Aleem Dar,f02778d1
info,registry,people,B Lee,dd09ff8e
info,registry,people,D Salunkhe,0264c10e
info,registry,people,DPMD Jayawardene,d18f9182
info,registry,people,DS Lehmann,53fe6ee4
info,registry,people,I Shivram,85143097
info,registry,people,IK Pathan,5fa06777
info,registry,people,JR Hopes,2498e163
info,registry,people,K Goel,a1f1829d
info,registry,people,KC Sangakkara,6b71e6cf
info,registry,people,Kamran Akmal,ff077124
info,registry,people,M Kaif,d84378a4
info,registry,people,MM Patel,f0f628c7
info,registry,people,MSS Ranawat,8048c698
info,registry,people,PP Chawla,98ae73b1
info,registry,people,Pankaj Singh,e32d22f6
info,registry,people,RA Jadeja,fe93fd9d
info,registry,people,RB Tiffin,89087a0d
info,registry,people,S Sohal,3fca55af
info,registry,people,S Sreesanth,6b8eb6e5
info,registry,people,S Venkataraghavan,12453319
info,registry,people,SK Trivedi,3d7e087f
info,registry,people,SK Warne,bb18be76
info,registry,people,SR Watson,4329fbb5
info,registry,people,WA Mota,3dba85c2
info,registry,people,YK Pathan,3c6ffae8
info,registry,people,Yuvraj Singh,1c914163
ball,1,0.1,Kings XI Punjab,K Goel,JR Hopes,MM Patel,0,0,,,,,,"",""
ball,1,0.2,Kings XI Punjab,K Goel,JR Hopes,MM Patel,0,0,,,,,,"",""
ball,1,0.3,Kings XI Punjab,K Goel,JR Hopes,MM Patel,0,0,,,,,,"",""
ball,1,0.4,Kings XI Punjab,K Goel,JR Hopes,MM Patel,0,0,,,,,,"",""
ball,1,0.5,Kings XI Punjab,K Goel,JR Hopes,MM Patel,1,0,,,,,,"",""
ball,1,0.6,Kings XI Punjab,JR Hopes,K Goel,MM Patel,0,0,,,,,,"",""
ball,1,1.1,Kings XI Punjab,K Goel,JR Hopes,SR Watson,4,0,,,,,,"",""
ball,1,1.2,Kings XI Punjab,K Goel,JR Hopes,SR Watson,0,0,,,,,,"",""
ball,1,1.3,Kings XI Punjab,K Goel,JR Hopes,SR Watson,0,0,,,,,,"",""
ball,1,1.4,Kings XI Punjab,K Goel,JR Hopes,SR Watson,0,0,,,,,,"",""
ball,1,1.5,Kings XI Punjab,K Goel,JR Hopes,SR Watson,1,0,,,,,,"",""
ball,1,1.6,Kings XI Punjab,JR Hopes,K Goel,SR Watson,0,0,,,,,,"",""
ball,1,2.1,Kings XI Punjab,K Goel,JR Hopes,MM Patel,4,0,,,,,,"",""
ball,1,2.2,Kings XI Punjab,K Goel,JR Hopes,MM Patel,0,0,,,,,,"",""
ball,1,2.3,Kings XI Punjab,K Goel,JR Hopes,MM Patel,0,0,,,,,,"",""
ball,1,2.4,Kings XI Punjab,K Goel,JR Hopes,MM Patel,6,0,,,,,,"",""
ball,1,2.5,Kings XI Punjab,K Goel,JR Hopes,MM Patel,0,0,,,,,,"",""
ball,1,2.6,Kings XI Punjab,K Goel,JR Hopes,MM Patel,0,0,,,,,,"",""
ball,1,3.1,Kings XI Punjab,JR Hopes,K Goel,SR Watson,4,0,,,,,,"",""
ball,1,3.2,Kings XI Punjab,JR Hopes,K Goel,SR Watson,0,0,,,,,,"",""
ball,1,3.3,Kings XI Punjab,JR Hopes,K Goel,SR Watson,0,0,,,,,,"",""
ball,1,3.4,Kings XI Punjab,JR Hopes,K Goel,SR Watson,0,0,,,,,,"",""
ball,1,3.5,Kings XI Punjab,JR Hopes,K Goel,SR Watson,4,0,,,,,,"",""
ball,1,3.6,Kings XI Punjab,JR Hopes,K Goel,SR Watson,0,0,,,,,,"",""
ball,1,4.1,Kings XI Punjab,K Goel,JR Hopes,MM Patel,0,0,,,,,,"",""
ball,1,4.2,Kings XI Punjab,K Goel,JR Hopes,MM Patel,0,0,,,,,,"",""
ball,1,4.3,Kings XI Punjab,K Goel,JR Hopes,MM Patel,4,0,,,,,,"",""
ball,1,4.4,Kings XI Punjab,K Goel,JR Hopes,MM Patel,6,0,,,,,,"",""
ball,1,4.5,Kings XI Punjab,K Goel,JR Hopes,MM Patel,0,0,,,,,,bowled,K Goel
ball,1,4.6,Kings XI Punjab,KC Sangakkara,JR Hopes,MM Patel,4,0,,,,,,"",""
ball,1,5.1,Kings XI Punjab,JR Hopes,KC Sangakkara,SK Trivedi,1,0,,,,,,"",""
ball,1,5.2,Kings XI Punjab,KC Sangakkara,JR Hopes,SK Trivedi,6,0,,,,,,"",""
ball,1,5.3,Kings XI Punjab,KC Sangakkara,JR Hopes,SK Trivedi,4,0,,,,,,"",""
ball,1,5.4,Kings XI Punjab,KC Sangakkara,JR Hopes,SK Trivedi,4,0,,,,,,"",""
ball,1,5.5,Kings XI Punjab,KC Sangakkara,JR Hopes,SK Trivedi,0,0,,,,,,"",""
ball,1,5.6,Kings XI Punjab,KC Sangakkara,JR Hopes,SK Trivedi,1,0,,,,,,"",""
ball,1,6.1,Kings XI Punjab,KC Sangakkara,JR Hopes,SK Warne,1,0,,,,,,"",""
ball,1,6.2,Kings XI Punjab,JR Hopes,KC Sangakkara,SK Warne,1,0,,,,,,"",""
ball,1,6.3,Kings XI Punjab,KC Sangakkara,JR Hopes,SK Warne,0,0,,,,,,caught and bowled,KC Sangakkara
ball,1,6.4,Kings XI Punjab,DPMD Jayawardene,JR Hopes,SK Warne,0,0,,,,,,"",""
ball,1,6.5,Kings XI Punjab,DPMD Jayawardene,JR Hopes,SK Warne,1,0,,,,,,"",""
ball,1,6.6,Kings XI Punjab,JR Hopes,DPMD Jayawardene,SK Warne,2,0,,,,,,"",""
ball,1,7.1,Kings XI Punjab,DPMD Jayawardene,JR Hopes,D Salunkhe,0,1,1,,,,,"",""
ball,1,7.2,Kings XI Punjab,DPMD Jayawardene,JR Hopes,D Salunkhe,1,0,,,,,,"",""
ball,1,7.3,Kings XI Punjab,JR Hopes,DPMD Jayawardene,D Salunkhe,3,0,,,,,,"",""
ball,1,7.4,Kings XI Punjab,DPMD Jayawardene,JR Hopes,D Salunkhe,0,0,,,,,,stumped,DPMD Jayawardene
ball,1,7.5,Kings XI Punjab,Yuvraj Singh,JR Hopes,D Salunkhe,4,0,,,,,,"",""
ball,1,7.6,Kings XI Punjab,Yuvraj Singh,JR Hopes,D Salunkhe,0,1,1,,,,,"",""
ball,1,7.7,Kings XI Punjab,Yuvraj Singh,JR Hopes,D Salunkhe,0,1,,,,1,,"",""
ball,1,8.1,Kings XI Punjab,Yuvraj Singh,JR Hopes,SK Warne,1,0,,,,,,"",""
ball,1,8.2,Kings XI Punjab,JR Hopes,Yuvraj Singh,SK Warne,0,0,,,,,,"",""
ball,1,8.3,Kings XI Punjab,JR Hopes,Yuvraj Singh,SK Warne,1,0,,,,,,"",""
ball,1,8.4,Kings XI Punjab,Yuvraj Singh,JR Hopes,SK Warne,1,0,,,,,,"",""
ball,1,8.5,Kings XI Punjab,JR Hopes,Yuvraj Singh,SK Warne,0,0,,,,,,"",""
ball,1,8.6,Kings XI Punjab,JR Hopes,Yuvraj Singh,SK Warne,0,0,,,,,,lbw,JR Hopes
ball,1,9.1,Kings XI Punjab,Yuvraj Singh,IK Pathan,SR Watson,0,0,,,,,,"",""
ball,1,9.2,Kings XI Punjab,Yuvraj Singh,IK Pathan,SR Watson,4,0,,,,,,"",""
ball,1,9.3,Kings XI Punjab,Yuvraj Singh,IK Pathan,SR Watson,4,0,,,,,,"",""
ball,1,9.4,Kings XI Punjab,Yuvraj Singh,IK Pathan,SR Watson,1,0,,,,,,"",""
ball,1,9.5,Kings XI Punjab,IK Pathan,Yuvraj Singh,SR Watson,0,0,,,,,,"",""
ball,1,9.6,Kings XI Punjab,IK Pathan,Yuvraj Singh,SR Watson,0,0,,,,,,"",""
ball,1,10.1,Kings XI Punjab,Yuvraj Singh,IK Pathan,SK Warne,1,0,,,,,,"",""
ball,1,10.2,Kings XI Punjab,IK Pathan,Yuvraj Singh,SK Warne,1,0,,,,,,"",""
ball,1,10.3,Kings XI Punjab,Yuvraj Singh,IK Pathan,SK Warne,0,0,,,,,,"",""
ball,1,10.4,Kings XI Punjab,Yuvraj Singh,IK Pathan,SK Warne,0,0,,,,,,"",""
ball,1,10.5,Kings XI Punjab,Yuvraj Singh,IK Pathan,SK Warne,1,0,,,,,,"",""
ball,1,10.6,Kings XI Punjab,IK Pathan,Yuvraj Singh,SK Warne,0,0,,,,,,"",""
ball,1,11.1,Kings XI Punjab,Yuvraj Singh,IK Pathan,Pankaj Singh,1,0,,,,,,"",""
ball,1,11.2,Kings XI Punjab,IK Pathan,Yuvraj Singh,Pankaj Singh,1,0,,,,,,"",""
ball,1,11.3,Kings XI Punjab,Yuvraj Singh,IK Pathan,Pankaj Singh,1,0,,,,,,"",""
ball,1,11.4,Kings XI Punjab,IK Pathan,Yuvraj Singh,Pankaj Singh,1,0,,,,,,"",""
ball,1,11.5,Kings XI Punjab,Yuvraj Singh,IK Pathan,Pankaj Singh,4,0,,,,,,"",""
ball,1,11.6,Kings XI Punjab,Yuvraj Singh,IK Pathan,Pankaj Singh,4,0,,,,,,"",""
ball,1,12.1,Kings XI Punjab,IK Pathan,Yuvraj Singh,SK Trivedi,1,0,,,,,,"",""
ball,1,12.2,Kings XI Punjab,Yuvraj Singh,IK Pathan,SK Trivedi,0,0,,,,,,"",""
ball,1,12.3,Kings XI Punjab,Yuvraj Singh,IK Pathan,SK Trivedi,0,0,,,,,,"",""
ball,1,12.4,Kings XI Punjab,Yuvraj Singh,IK Pathan,SK Trivedi,2,0,,,,,,"",""
ball,1,12.5,Kings XI Punjab,Yuvraj Singh,IK Pathan,SK Trivedi,1,0,,,,,,"",""
ball,1,12.6,Kings XI Punjab,IK Pathan,Yuvraj Singh,SK Trivedi,0,0,,,,,,"",""
ball,1,13.1,Kings XI Punjab,Yuvraj Singh,IK Pathan,D Salunkhe,6,0,,,,,,"",""
ball,1,13.2,Kings XI Punjab,Yuvraj Singh,IK Pathan,D Salunkhe,0,0,,,,,,"",""
ball,1,13.3,Kings XI Punjab,Yuvraj Singh,IK Pathan,D Salunkhe,4,0,,,,,,"",""
ball,1,13.4,Kings XI Punjab,Yuvraj Singh,IK Pathan,D Salunkhe,1,0,,,,,,"",""
ball,1,13.5,Kings XI Punjab,IK Pathan,Yuvraj Singh,D Salunkhe,0,0,,,,,,"",""
ball,1,13.6,Kings XI Punjab,IK Pathan,Yuvraj Singh,D Salunkhe,0,0,,,,,,"",""
ball,1,14.1,Kings XI Punjab,Yuvraj Singh,IK Pathan,SK Trivedi,1,0,,,,,,"",""
ball,1,14.2,Kings XI Punjab,IK Pathan,Yuvraj Singh,SK Trivedi,0,0,,,,,,"",""
ball,1,14.3,Kings XI Punjab,IK Pathan,Yuvraj Singh,SK Trivedi,0,0,,,,,,"",""
ball,1,14.4,Kings XI Punjab,IK Pathan,Yuvraj Singh,SK Trivedi,1,0,,,,,,"",""
ball,1,14.5,Kings XI Punjab,Yuvraj Singh,IK Pathan,SK Trivedi,0,0,,,,,,"",""
ball,1,14.6,Kings XI Punjab,Yuvraj Singh,IK Pathan,SK Trivedi,1,0,,,,,,"",""
ball,1,15.1,Kings XI Punjab,Yuvraj Singh,IK Pathan,YK Pathan,6,0,,,,,,"",""
ball,1,15.2,Kings XI Punjab,Yuvraj Singh,IK Pathan,YK Pathan,6,0,,,,,,"",""
ball,1,15.3,Kings XI Punjab,Yuvraj Singh,IK Pathan,YK Pathan,0,0,,,,,,"",""
ball,1,15.4,Kings XI Punjab,Yuvraj Singh,IK Pathan,YK Pathan,1,0,,,,,,"",""
ball,1,15.5,Kings XI Punjab,IK Pathan,Yuvraj Singh,YK Pathan,0,0,,,,,,"",""
ball,1,15.6,Kings XI Punjab,IK Pathan,Yuvraj Singh,YK Pathan,0,0,,,,,,"",""
ball,1,16.1,Kings XI Punjab,Yuvraj Singh,IK Pathan,SK Warne,0,0,,,,,,"",""
ball,1,16.2,Kings XI Punjab,Yuvraj Singh,IK Pathan,SK Warne,1,0,,,,,,"",""
ball,1,16.3,Kings XI Punjab,IK Pathan,Yuvraj Singh,SK Warne,6,0,,,,,,"",""
ball,1,16.4,Kings XI Punjab,IK Pathan,Yuvraj Singh,SK Warne,1,0,,,,,,"",""
ball,1,16.5,Kings XI Punjab,Yuvraj Singh,IK Pathan,SK Warne,0,0,,,,,,lbw,Yuvraj Singh
ball,1,16.6,Kings XI Punjab,S Sohal,IK Pathan,SK Warne,0,0,,,,,,"",""
ball,1,17.1,Kings XI Punjab,IK Pathan,S Sohal,SK Trivedi,0,0,,,,,,"",""
ball,1,17.2,Kings XI Punjab,IK Pathan,S Sohal,SK Trivedi,0,0,,,,,,bowled,IK Pathan
ball,1,17.3,Kings XI Punjab,B Lee,S Sohal,SK Trivedi,0,0,,,,,,"",""
ball,1,17.4,Kings XI Punjab,B Lee,S Sohal,SK Trivedi,0,0,,,,,,caught,B Lee
ball,1,17.5,Kings XI Punjab,PP Chawla,S Sohal,SK Trivedi,0,0,,,,,,"",""
ball,1,17.6,Kings XI Punjab,PP Chawla,S Sohal,SK Trivedi,2,0,,,,,,"",""
ball,1,18.1,Kings XI Punjab,S Sohal,PP Chawla,MM Patel,2,0,,,,,,"",""
ball,1,18.2,Kings XI Punjab,S Sohal,PP Chawla,MM Patel,1,0,,,,,,"",""
ball,1,18.3,Kings XI Punjab,PP Chawla,S Sohal,MM Patel,4,0,,,,,,"",""
ball,1,18.4,Kings XI Punjab,PP Chawla,S Sohal,MM Patel,2,0,,,,,,"",""
ball,1,18.5,Kings XI Punjab,PP Chawla,S Sohal,MM Patel,1,0,,,,,,"",""
ball,1,18.6,Kings XI Punjab,S Sohal,PP Chawla,MM Patel,1,0,,,,,,run out,S Sohal
ball,1,19.1,Kings XI Punjab,PP Chawla,WA Mota,SR Watson,4,0,,,,,,"",""
ball,1,19.2,Kings XI Punjab,PP Chawla,WA Mota,SR Watson,1,1,,1,,,,"",""
ball,1,19.3,Kings XI Punjab,WA Mota,PP Chawla,SR Watson,1,0,,,,,,"",""
ball,1,19.4,Kings XI Punjab,PP Chawla,WA Mota,SR Watson,0,0,,,,,,"",""
ball,1,19.5,Kings XI Punjab,PP Chawla,WA Mota,SR Watson,2,0,,,,,,"",""
ball,1,19.6,Kings XI Punjab,PP Chawla,WA Mota,SR Watson,4,0,,,,,,"",""
ball,1,19.7,Kings XI Punjab,PP Chawla,WA Mota,SR Watson,4,0,,,,,,"",""
ball,2,0.1,Rajasthan Royals,M Kaif,Kamran Akmal,B Lee,0,0,,,,,,"",""
ball,2,0.2,Rajasthan Royals,M Kaif,Kamran Akmal,B Lee,0,1,,1,,,,"",""
ball,2,0.3,Rajasthan Royals,M Kaif,Kamran Akmal,B Lee,0,0,,,,,,"",""
ball,2,0.4,Rajasthan Royals,M Kaif,Kamran Akmal,B Lee,0,0,,,,,,"",""
ball,2,0.5,Rajasthan Royals,M Kaif,Kamran Akmal,B Lee,0,0,,,,,,"",""
ball,2,0.6,Rajasthan Royals,M Kaif,Kamran Akmal,B Lee,4,0,,,,,,"",""
ball,2,0.7,Rajasthan Royals,M Kaif,Kamran Akmal,B Lee,1,0,,,,,,"",""
ball,2,1.1,Rajasthan Royals,M Kaif,Kamran Akmal,S Sreesanth,0,0,,,,,,caught,M Kaif
ball,2,1.2,Rajasthan Royals,YK Pathan,Kamran Akmal,S Sreesanth,0,1,1,,,,,"",""
ball,2,1.3,Rajasthan Royals,YK Pathan,Kamran Akmal,S Sreesanth,0,0,,,,,,"",""
ball,2,1.4,Rajasthan Royals,YK Pathan,Kamran Akmal,S Sreesanth,1,0,,,,,,"",""
ball,2,1.5,Rajasthan Royals,Kamran Akmal,YK Pathan,S Sreesanth,0,0,,,,,,"",""
ball,2,1.6,Rajasthan Royals,Kamran Akmal,YK Pathan,S Sreesanth,0,0,,,,,,"",""
ball,2,1.7,Rajasthan Royals,Kamran Akmal,YK Pathan,S Sreesanth,4,1,,1,,,,"",""
ball,2,1.8,Rajasthan Royals,Kamran Akmal,YK Pathan,S Sreesanth,0,0,,,,,,"",""
ball,2,2.1,Rajasthan Royals,YK Pathan,Kamran Akmal,B Lee,2,0,,,,,,"",""
ball,2,2.2,Rajasthan Royals,YK Pathan,Kamran Akmal,B Lee,4,0,,,,,,"",""
ball,2,2.3,Rajasthan Royals,YK Pathan,Kamran Akmal,B Lee,0,0,,,,,,caught and bowled,YK Pathan
ball,2,2.4,Rajasthan Royals,Kamran Akmal,SR Watson,B Lee,1,0,,,,,,"",""
ball,2,2.5,Rajasthan Royals,SR Watson,Kamran Akmal,B Lee,1,1,,1,,,,"",""
ball,2,2.6,Rajasthan Royals,Kamran Akmal,SR Watson,B Lee,0,0,,,,,,"",""
ball,2,2.7,Rajasthan Royals,Kamran Akmal,SR Watson,B Lee,6,0,,,,,,"",""
ball,2,3.1,Rajasthan Royals,SR Watson,Kamran Akmal,S Sreesanth,0,1,1,,,,,"",""
ball,2,3.2,Rajasthan Royals,SR Watson,Kamran Akmal,S Sreesanth,0,0,,,,,,"",""
ball,2,3.3,Rajasthan Royals,SR Watson,Kamran Akmal,S Sreesanth,0,0,,,,,,"",""
ball,2,3.4,Rajasthan Royals,SR Watson,Kamran Akmal,S Sreesanth,2,0,,,,,,"",""
ball,2,3.5,Rajasthan Royals,SR Watson,Kamran Akmal,S Sreesanth,0,1,1,,,,,"",""
ball,2,3.6,Rajasthan Royals,SR Watson,Kamran Akmal,S Sreesanth,6,0,,,,,,"",""
ball,2,3.7,Rajasthan Royals,SR Watson,Kamran Akmal,S Sreesanth,0,0,,,,,,"",""
ball,2,3.8,Rajasthan Royals,SR Watson,Kamran Akmal,S Sreesanth,4,0,,,,,,"",""
ball,2,4.1,Rajasthan Royals,Kamran Akmal,SR Watson,JR Hopes,0,1,,,,1,,"",""
ball,2,4.2,Rajasthan Royals,SR Watson,Kamran Akmal,JR Hopes,0,0,,,,,,"",""
ball,2,4.3,Rajasthan Royals,SR Watson,Kamran Akmal,JR Hopes,1,0,,,,,,"",""
ball,2,4.4,Rajasthan Royals,Kamran Akmal,SR Watson,JR Hopes,4,0,,,,,,"",""
ball,2,4.5,Rajasthan Royals,Kamran Akmal,SR Watson,JR Hopes,0,0,,,,,,caught,Kamran Akmal
ball,2,4.6,Rajasthan Royals,SR Watson,DS Lehmann,JR Hopes,0,0,,,,,,"",""
ball,2,5.1,Rajasthan Royals,DS Lehmann,SR Watson,B Lee,4,0,,,,,,"",""
ball,2,5.2,Rajasthan Royals,DS Lehmann,SR Watson,B Lee,0,0,,,,,,"",""
ball,2,5.3,Rajasthan Royals,DS Lehmann,SR Watson,B Lee,0,1,,,,1,,"",""
ball,2,5.4,Rajasthan Royals,SR Watson,DS Lehmann,B Lee,0,0,,,,,,"",""
ball,2,5.5,Rajasthan Royals,SR Watson,DS Lehmann,B Lee,0,0,,,,,,"",""
ball,2,5.6,Rajasthan Royals,SR Watson,DS Lehmann,B Lee,0,0,,,,,,"",""
ball,2,6.1,Rajasthan Royals,DS Lehmann,SR Watson,JR Hopes,1,0,,,,,,"",""
ball,2,6.2,Rajasthan Royals,SR Watson,DS Lehmann,JR Hopes,6,0,,,,,,"",""
ball,2,6.3,Rajasthan Royals,SR Watson,DS Lehmann,JR Hopes,0,0,,,,,,"",""
ball,2,6.4,Rajasthan Royals,SR Watson,DS Lehmann,JR Hopes,0,0,,,,,,"",""
ball,2,6.5,Rajasthan Royals,SR Watson,DS Lehmann,JR Hopes,0,0,,,,,,"",""
ball,2,6.6,Rajasthan Royals,SR Watson,DS Lehmann,JR Hopes,0,0,,,,,,"",""
ball,2,7.1,Rajasthan Royals,DS Lehmann,SR Watson,IK Pathan,1,0,,,,,,"",""
ball,2,7.2,Rajasthan Royals,SR Watson,DS Lehmann,IK Pathan,0,0,,,,,,"",""
ball,2,7.3,Rajasthan Royals,SR Watson,DS Lehmann,IK Pathan,0,0,,,,,,"",""
ball,2,7.4,Rajasthan Royals,SR Watson,DS Lehmann,IK Pathan,1,0,,,,,,"",""
ball,2,7.5,Rajasthan Royals,DS Lehmann,SR Watson,IK Pathan,0,1,1,,,,,"",""
ball,2,7.6,Rajasthan Royals,DS Lehmann,SR Watson,IK Pathan,1,0,,,,,,"",""
ball,2,7.7,Rajasthan Royals,SR Watson,DS Lehmann,IK Pathan,1,0,,,,,,"",""
ball,2,8.1,Rajasthan Royals,SR Watson,DS Lehmann,JR Hopes,6,0,,,,,,"",""
ball,2,8.2,Rajasthan Royals,SR Watson,DS Lehmann,JR Hopes,1,0,,,,,,"",""
ball,2,8.3,Rajasthan Royals,DS Lehmann,SR Watson,JR Hopes,0,0,,,,,,"",""
ball,2,8.4,Rajasthan Royals,DS Lehmann,SR Watson,JR Hopes,0,0,,,,,,"",""
ball,2,8.5,Rajasthan Royals,DS Lehmann,SR Watson,JR Hopes,4,0,,,,,,"",""
ball,2,8.6,Rajasthan Royals,DS Lehmann,SR Watson,JR Hopes,0,0,,,,,,"",""
ball,2,9.1,Rajasthan Royals,SR Watson,DS Lehmann,IK Pathan,4,0,,,,,,"",""
ball,2,9.2,Rajasthan Royals,SR Watson,DS Lehmann,IK Pathan,1,0,,,,,,"",""
ball,2,9.3,Rajasthan Royals,DS Lehmann,SR Watson,IK Pathan,1,0,,,,,,"",""
ball,2,9.4,Rajasthan Royals,SR Watson,DS Lehmann,IK Pathan,4,0,,,,,,"",""
ball,2,9.5,Rajasthan Royals,SR Watson,DS Lehmann,IK Pathan,1,0,,,,,,"",""
ball,2,9.6,Rajasthan Royals,DS Lehmann,SR Watson,IK Pathan,0,0,,,,,,"",""
ball,2,10.1,Rajasthan Royals,SR Watson,DS Lehmann,PP Chawla,1,0,,,,,,"",""
ball,2,10.2,Rajasthan Royals,DS Lehmann,SR Watson,PP Chawla,4,0,,,,,,"",""
ball,2,10.3,Rajasthan Royals,DS Lehmann,SR Watson,PP Chawla,1,0,,,,,,"",""
ball,2,10.4,Rajasthan Royals,SR Watson,DS Lehmann,PP Chawla,0,0,,,,,,"",""
ball,2,10.5,Rajasthan Royals,SR Watson,DS Lehmann,PP Chawla,6,0,,,,,,"",""
ball,2,10.6,Rajasthan Royals,SR Watson,DS Lehmann,PP Chawla,0,0,,,,,,"",""
ball,2,11.1,Rajasthan Royals,DS Lehmann,SR Watson,IK Pathan,0,0,,,,,,"",""
ball,2,11.2,Rajasthan Royals,DS Lehmann,SR Watson,IK Pathan,0,0,,,,,,lbw,DS Lehmann
ball,2,11.3,Rajasthan Royals,RA Jadeja,SR Watson,IK Pathan,0,1,1,,,,,"",""
ball,2,11.4,Rajasthan Royals,RA Jadeja,SR Watson,IK Pathan,0,0,,,,,,"",""
ball,2,11.5,Rajasthan Royals,RA Jadeja,SR Watson,IK Pathan,0,0,,,,,,"",""
ball,2,11.6,Rajasthan Royals,RA Jadeja,SR Watson,IK Pathan,1,0,,,,,,"",""
ball,2,11.7,Rajasthan Royals,SR Watson,RA Jadeja,IK Pathan,1,0,,,,,,"",""
ball,2,12.1,Rajasthan Royals,SR Watson,RA Jadeja,WA Mota,1,0,,,,,,"",""
ball,2,12.2,Rajasthan Royals,RA Jadeja,SR Watson,WA Mota,1,0,,,,,,"",""
ball,2,12.3,Rajasthan Royals,SR Watson,RA Jadeja,WA Mota,2,0,,,,,,"",""
ball,2,12.4,Rajasthan Royals,SR Watson,RA Jadeja,WA Mota,6,0,,,,,,"",""
ball,2,12.5,Rajasthan Royals,SR Watson,RA Jadeja,WA Mota,2,0,,,,,,"",""
ball,2,12.6,Rajasthan Royals,SR Watson,RA Jadeja,WA Mota,0,0,,,,,,"",""
ball,2,13.1,Rajasthan Royals,RA Jadeja,SR Watson,S Sreesanth,0,0,,,,,,"",""
ball,2,13.2,Rajasthan Royals,RA Jadeja,SR Watson,S Sreesanth,4,0,,,,,,"",""
ball,2,13.3,Rajasthan Royals,RA Jadeja,SR Watson,S Sreesanth,1,0,,,,,,"",""
ball,2,13.4,Rajasthan Royals,SR Watson,RA Jadeja,S Sreesanth,1,0,,,,,,"",""
ball,2,13.5,Rajasthan Royals,RA Jadeja,SR Watson,S Sreesanth,4,0,,,,,,"",""
ball,2,13.6,Rajasthan Royals,RA Jadeja,SR Watson,S Sreesanth,0,1,,1,,,,"",""
ball,2,13.7,Rajasthan Royals,RA Jadeja,SR Watson,S Sreesanth,2,0,,,,,,"",""
ball,2,14.1,Rajasthan Royals,SR Watson,RA Jadeja,PP Chawla,4,0,,,,,,"",""
ball,2,14.2,Rajasthan Royals,SR Watson,RA Jadeja,PP Chawla,1,0,,,,,,"",""
ball,2,14.3,Rajasthan Royals,RA Jadeja,SR Watson,PP Chawla,4,0,,,,,,"",""
ball,2,14.4,Rajasthan Royals,RA Jadeja,SR Watson,PP Chawla,0,0,,,,,,"",""
ball,2,14.5,Rajasthan Royals,RA Jadeja,SR Watson,PP Chawla,6,0,,,,,,"",""
ball,2,14.6,Rajasthan Royals,RA Jadeja,SR Watson,PP Chawla,0,0,,,,,,"",""
ball,2,15.1,Rajasthan Royals,SR Watson,RA Jadeja,B Lee,1,0,,,,,,"",""
ball,2,15.2,Rajasthan Royals,RA Jadeja,SR Watson,B Lee,4,0,,,,,,"",""
ball,2,15.3,Rajasthan Royals,RA Jadeja,SR Watson,B Lee,0,0,,,,,,"",""
ball,2,15.4,Rajasthan Royals,RA Jadeja,SR Watson,B Lee,0,0,,,,,,"",""
ball,2,15.5,Rajasthan Royals,RA Jadeja,SR Watson,B Lee,4,0,,,,,,"",""
ball,2,15.6,Rajasthan Royals,RA Jadeja,SR Watson,B Lee,1,0,,,,,,"",""
ball,2,16.1,Rajasthan Royals,RA Jadeja,SR Watson,IK Pathan,0,0,,,,,,"",""
ball,2,16.2,Rajasthan Royals,RA Jadeja,SR Watson,IK Pathan,0,0,,,,,,"",""
ball,2,16.3,Rajasthan Royals,RA Jadeja,SR Watson,IK Pathan,0,0,,,,,,"",""
ball,2,16.4,Rajasthan Royals,RA Jadeja,SR Watson,IK Pathan,1,0,,,,,,"",""
ball,2,16.5,Rajasthan Royals,SR Watson,RA Jadeja,IK Pathan,0,0,,,,,,"",""
ball,2,16.6,Rajasthan Royals,SR Watson,RA Jadeja,IK Pathan,1,0,,,,,,"",""
ball,2,17.1,Rajasthan Royals,SR Watson,RA Jadeja,JR Hopes,1,0,,,,,,"",""
ball,2,17.2,Rajasthan Royals,RA Jadeja,SR Watson,JR Hopes,0,1,1,,,,,"",""
ball,2,17.3,Rajasthan Royals,RA Jadeja,SR Watson,JR Hopes,2,0,,,,,,"",""
ball,2,17.4,Rajasthan Royals,RA Jadeja,SR Watson,JR Hopes,1,0,,,,,,"",""
ball,2,17.5,Rajasthan Royals,SR Watson,RA Jadeja,JR Hopes,2,0,,,,,,"",""
ball,2,17.6,Rajasthan Royals,SR Watson,RA Jadeja,JR Hopes,2,0,,,,,,"",""
ball,2,17.7,Rajasthan Royals,SR Watson,RA Jadeja,JR Hopes,1,0,,,,,,"",""
ball,2,18.1,Rajasthan Royals,SR Watson,RA Jadeja,S Sreesanth,4,0,,,,,,"",""
