version,1.6.0
info,balls_per_over,6
info,team,Deccan Chargers
info,team,Kolkata Knight Riders
info,gender,male
info,season,2007/08
info,date,2008/05/11
info,event,Indian Premier League
info,match_number,32
info,venue,"Rajiv Gandhi International Stadium, Uppal"
info,city,Hyderabad
info,toss_winner,Kolkata Knight Riders
info,toss_decision,bat
info,player_of_match,SC Ganguly
info,umpire,IL Howell
info,umpire,AM Saheba
info,tv_umpire,BF Bowden
info,match_referee,Talat Ali
info,winner,Kolkata Knight Riders
info,winner_runs,23
info,player,Deccan Chargers,AC Gilchrist
info,player,Deccan Chargers,HH Gibbs
info,player,Deccan Chargers,DB Ravi Teja
info,player,Deccan Chargers,RG Sharma
info,player,Deccan Chargers,SB Styris
info,player,Deccan Chargers,Y Venugopal Rao
info,player,Deccan Chargers,SB Bangar
info,player,Deccan Chargers,WPUJC Vaas
info,player,Deccan Chargers,RP Singh
info,player,Deccan Chargers,DP Vijaykumar
info,player,Deccan Chargers,PP Ojha
info,player,Kolkata Knight Riders,Salman Butt
info,player,Kolkata Knight Riders,A Chopra
info,player,Kolkata Knight Riders,SC Ganguly
info,player,Kolkata Knight Riders,DJ Hussey
info,player,Kolkata Knight Riders,T Taibu
info,player,Kolkata Knight Riders,LR Shukla
info,player,Kolkata Knight Riders,WP Saha
info,player,Kolkata Knight Riders,Umar Gul
info,player,Kolkata Knight Riders,I Sharma
info,player,Kolkata Knight Riders,AB Dinda
info,player,Kolkata Knight Riders,M Kartik
info,registry,people,A Chopra,e249fdaa
info,registry,people,AB Dinda,66b30f71
info,registry,people,AC Gilchrist,2b6e6dec
info,registry,people,AM Saheba,883e3818
info,registry,people,BF Bowden,efc0a862
info,registry,people,DB Ravi Teja,b720a5d6
info,registry,people,DJ Hussey,fd835ab3
info,registry,people,DP Vijaykumar,acd4f5dc
info,registry,people,HH Gibbs,e1d1b294
info,registry,people,I Sharma,5bb1a1c4
info,registry,people,IL Howell,c1cd91c3
info,registry,people,LR Shukla,b1451597
info,registry,people,M Kartik,abfeb126
info,registry,people,PP Ojha,6c6591ab
info,registry,people,RG Sharma,740742ef
info,registry,people,RP Singh,c3d1402f
info,registry,people,SB Bangar,0604ef16
info,registry,people,SB Styris,57efa3be
info,registry,people,SC Ganguly,725529bc
info,registry,people,Salman Butt,4d6d6280
info,registry,people,T Taibu,75de770f
info,registry,people,Talat Ali,1df4131e
info,registry,people,Umar Gul,16dfcc19
info,registry,people,WP Saha,fe11caa6
info,registry,people,WPUJC Vaas,bcce309e
info,registry,people,Y Venugopal Rao,fe763256
ball,1,0.1,Kolkata Knight Riders,Salman Butt,A Chopra,WPUJC Vaas,0,0,,,,,,"",""
ball,1,0.2,Kolkata Knight Riders,Salman Butt,A Chopra,WPUJC Vaas,4,0,,,,,,"",""
ball,1,0.3,Kolkata Knight Riders,Salman Butt,A Chopra,WPUJC Vaas,0,0,,,,,,"",""
ball,1,0.4,Kolkata Knight Riders,Salman Butt,A Chopra,WPUJC Vaas,0,0,,,,,,caught,Salman Butt
ball,1,0.5,Kolkata Knight Riders,SC Ganguly,A Chopra,WPUJC Vaas,2,0,,,,,,"",""
ball,1,0.6,Kolkata Knight Riders,SC Ganguly,A Chopra,WPUJC Vaas,0,0,,,,,,"",""
ball,1,1.1,Kolkata Knight Riders,A Chopra,SC Ganguly,DP Vijaykumar,0,0,,,,,,"",""
ball,1,1.2,Kolkata Knight Riders,A Chopra,SC Ganguly,DP Vijaykumar,0,0,,,,,,"",""
ball,1,1.3,Kolkata Knight Riders,A Chopra,SC Ganguly,DP Vijaykumar,0,0,,,,,,"",""
ball,1,1.4,Kolkata Knight Riders,A Chopra,SC Ganguly,DP Vijaykumar,1,0,,,,,,"",""
ball,1,1.5,Kolkata Knight Riders,SC Ganguly,A Chopra,DP Vijaykumar,0,0,,,,,,"",""
ball,1,1.6,Kolkata Knight Riders,SC Ganguly,A Chopra,DP Vijaykumar,1,0,,,,,,"",""
ball,1,2.1,Kolkata Knight Riders,SC Ganguly,A Chopra,WPUJC Vaas,1,0,,,,,,"",""
ball,1,2.2,Kolkata Knight Riders,A Chopra,SC Ganguly,WPUJC Vaas,0,0,,,,,,"",""
ball,1,2.3,Kolkata Knight Riders,A Chopra,SC Ganguly,WPUJC Vaas,1,0,,,,,,"",""
ball,1,2.4,Kolkata Knight Riders,SC Ganguly,A Chopra,WPUJC Vaas,4,0,,,,,,"",""
ball,1,2.5,Kolkata Knight Riders,SC Ganguly,A Chopra,WPUJC Vaas,4,0,,,,,,"",""
ball,1,2.6,Kolkata Knight Riders,SC Ganguly,A Chopra,WPUJC Vaas,1,0,,,,,,"",""
ball,1,3.1,Kolkata Knight Riders,SC Ganguly,A Chopra,DP Vijaykumar,0,0,,,,,,"",""
ball,1,3.2,Kolkata Knight Riders,SC Ganguly,A Chopra,DP Vijaykumar,4,0,,,,,,"",""
ball,1,3.3,Kolkata Knight Riders,SC Ganguly,A Chopra,DP Vijaykumar,0,0,,,,,,"",""
ball,1,3.4,Kolkata Knight Riders,SC Ganguly,A Chopra,DP Vijaykumar,4,0,,,,,,"",""
ball,1,3.5,Kolkata Knight Riders,SC Ganguly,A Chopra,DP Vijaykumar,1,0,,,,,,"",""
ball,1,3.6,Kolkata Knight Riders,A Chopra,SC Ganguly,DP Vijaykumar,0,0,,,,,,"",""
ball,1,4.1,Kolkata Knight Riders,SC Ganguly,A Chopra,SB Styris,0,0,,,,,,"",""
ball,1,4.2,Kolkata Knight Riders,SC Ganguly,A Chopra,SB Styris,0,0,,,,,,"",""
ball,1,4.3,Kolkata Knight Riders,SC Ganguly,A Chopra,SB Styris,4,0,,,,,,"",""
ball,1,4.4,Kolkata Knight Riders,SC Ganguly,A Chopra,SB Styris,0,0,,,,,,"",""
ball,1,4.5,Kolkata Knight Riders,SC Ganguly,A Chopra,SB Styris,0,0,,,,,,"",""
ball,1,4.6,Kolkata Knight Riders,SC Ganguly,A Chopra,SB Styris,1,0,,,,,,"",""
ball,1,5.1,Kolkata Knight Riders,SC Ganguly,A Chopra,RP Singh,0,0,,,,,,"",""
ball,1,5.2,Kolkata Knight Riders,SC Ganguly,A Chopra,RP Singh,0,0,,,,,,"",""
ball,1,5.3,Kolkata Knight Riders,SC Ganguly,A Chopra,RP Singh,4,0,,,,,,"",""
ball,1,5.4,Kolkata Knight Riders,SC Ganguly,A Chopra,RP Singh,1,0,,,,,,"",""
ball,1,5.5,Kolkata Knight Riders,A Chopra,SC Ganguly,RP Singh,4,0,,,,,,"",""
ball,1,5.6,Kolkata Knight Riders,A Chopra,SC Ganguly,RP Singh,1,0,,,,,,"",""
ball,1,6.1,Kolkata Knight Riders,A Chopra,SC Ganguly,SB Styris,1,0,,,,,,"",""
ball,1,6.2,Kolkata Knight Riders,SC Ganguly,A Chopra,SB Styris,0,0,,,,,,"",""
ball,1,6.3,Kolkata Knight Riders,SC Ganguly,A Chopra,SB Styris,4,0,,,,,,"",""
ball,1,6.4,Kolkata Knight Riders,SC Ganguly,A Chopra,SB Styris,0,0,,,,,,"",""
ball,1,6.5,Kolkata Knight Riders,SC Ganguly,A Chopra,SB Styris,0,0,,,,,,"",""
ball,1,6.6,Kolkata Knight Riders,SC Ganguly,A Chopra,SB Styris,0,0,,,,,,"",""
ball,1,7.1,Kolkata Knight Riders,A Chopra,SC Ganguly,RP Singh,1,0,,,,,,"",""
ball,1,7.2,Kolkata Knight Riders,SC Ganguly,A Chopra,RP Singh,4,0,,,,,,"",""
ball,1,7.3,Kolkata Knight Riders,SC Ganguly,A Chopra,RP Singh,0,0,,,,,,"",""
ball,1,7.4,Kolkata Knight Riders,SC Ganguly,A Chopra,RP Singh,1,0,,,,,,"",""
ball,1,7.5,Kolkata Knight Riders,A Chopra,SC Ganguly,RP Singh,0,1,1,,,,,"",""
ball,1,7.6,Kolkata Knight Riders,A Chopra,SC Ganguly,RP Singh,2,0,,,,,,"",""
ball,1,7.7,Kolkata Knight Riders,A Chopra,SC Ganguly,RP Singh,1,0,,,,,,"",""
ball,1,8.1,Kolkata Knight Riders,A Chopra,SC Ganguly,Y Venugopal Rao,1,0,,,,,,"",""
ball,1,8.2,Kolkata Knight Riders,SC Ganguly,A Chopra,Y Venugopal Rao,1,0,,,,,,"",""
ball,1,8.3,Kolkata Knight Riders,A Chopra,SC Ganguly,Y Venugopal Rao,0,1,1,,,,,"",""
ball,1,8.4,Kolkata Knight Riders,A Chopra,SC Ganguly,Y Venugopal Rao,0,0,,,,,,"",""
ball,1,8.5,Kolkata Knight Riders,A Chopra,SC Ganguly,Y Venugopal Rao,0,0,,,,,,"",""
ball,1,8.6,Kolkata Knight Riders,A Chopra,SC Ganguly,Y Venugopal Rao,0,0,,,,,,"",""
ball,1,8.7,Kolkata Knight Riders,A Chopra,SC Ganguly,Y Venugopal Rao,2,0,,,,,,"",""
ball,1,9.1,Kolkata Knight Riders,SC Ganguly,A Chopra,SB Bangar,1,0,,,,,,"",""
ball,1,9.2,Kolkata Knight Riders,A Chopra,SC Ganguly,SB Bangar,4,0,,,,,,"",""
ball,1,9.3,Kolkata Knight Riders,A Chopra,SC Ganguly,SB Bangar,4,0,,,,,,"",""
ball,1,9.4,Kolkata Knight Riders,A Chopra,SC Ganguly,SB Bangar,0,0,,,,,,"",""
ball,1,9.5,Kolkata Knight Riders,A Chopra,SC Ganguly,SB Bangar,1,0,,,,,,"",""
ball,1,9.6,Kolkata Knight Riders,SC Ganguly,A Chopra,SB Bangar,0,0,,,,,,"",""
ball,1,10.1,Kolkata Knight Riders,A Chopra,SC Ganguly,Y Venugopal Rao,0,0,,,,,,run out,A Chopra
ball,1,10.2,Kolkata Knight Riders,DJ Hussey,SC Ganguly,Y Venugopal Rao,2,0,,,,,,"",""
ball,1,10.3,Kolkata Knight Riders,DJ Hussey,SC Ganguly,Y Venugopal Rao,0,0,,,,,,"",""
ball,1,10.4,Kolkata Knight Riders,DJ Hussey,SC Ganguly,Y Venugopal Rao,0,0,,,,,,"",""
ball,1,10.5,Kolkata Knight Riders,DJ Hussey,SC Ganguly,Y Venugopal Rao,1,0,,,,,,"",""
ball,1,10.6,Kolkata Knight Riders,SC Ganguly,DJ Hussey,Y Venugopal Rao,0,0,,,,,,"",""
ball,1,11.1,Kolkata Knight Riders,DJ Hussey,SC Ganguly,PP Ojha,1,0,,,,,,"",""
ball,1,11.2,Kolkata Knight Riders,SC Ganguly,DJ Hussey,PP Ojha,0,0,,,,,,"",""
ball,1,11.3,Kolkata Knight Riders,SC Ganguly,DJ Hussey,PP Ojha,0,1,,,,1,,"",""
ball,1,11.4,Kolkata Knight Riders,DJ Hussey,SC Ganguly,PP Ojha,1,0,,,,,,"",""
ball,1,11.5,Kolkata Knight Riders,SC Ganguly,DJ Hussey,PP Ojha,4,0,,,,,,"",""
ball,1,11.6,Kolkata Knight Riders,SC Ganguly,DJ Hussey,PP Ojha,0,0,,,,,,"",""
ball,1,12.1,Kolkata Knight Riders,DJ Hussey,SC Ganguly,Y Venugopal Rao,1,0,,,,,,"",""
ball,1,12.2,Kolkata Knight Riders,SC Ganguly,DJ Hussey,Y Venugopal Rao,4,0,,,,,,"",""
ball,1,12.3,Kolkata Knight Riders,SC Ganguly,DJ Hussey,Y Venugopal Rao,0,0,,,,,,"",""
ball,1,12.4,Kolkata Knight Riders,SC Ganguly,DJ Hussey,Y Venugopal Rao,0,0,,,,,,"",""
ball,1,12.5,Kolkata Knight Riders,SC Ganguly,DJ Hussey,Y Venugopal Rao,1,0,,,,,,"",""
ball,1,12.6,Kolkata Knight Riders,DJ Hussey,SC Ganguly,Y Venugopal Rao,0,0,,,,,,"",""
ball,1,13.1,Kolkata Knight Riders,SC Ganguly,DJ Hussey,PP Ojha,0,0,,,,,,"",""
ball,1,13.2,Kolkata Knight Riders,SC Ganguly,DJ Hussey,PP Ojha,6,0,,,,,,"",""
ball,1,13.3,Kolkata Knight Riders,SC Ganguly,DJ Hussey,PP Ojha,6,0,,,,,,"",""
ball,1,13.4,Kolkata Knight Riders,SC Ganguly,DJ Hussey,PP Ojha,0,1,1,,,,,"",""
ball,1,13.5,Kolkata Knight Riders,SC Ganguly,DJ Hussey,PP Ojha,1,0,,,,,,"",""
ball,1,13.6,Kolkata Knight Riders,DJ Hussey,SC Ganguly,PP Ojha,1,0,,,,,,"",""
ball,1,13.7,Kolkata Knight Riders,SC Ganguly,DJ Hussey,PP Ojha,4,0,,,,,,"",""
ball,1,14.1,Kolkata Knight Riders,DJ Hussey,SC Ganguly,Y Venugopal Rao,1,0,,,,,,"",""
ball,1,14.2,Kolkata Knight Riders,SC Ganguly,DJ Hussey,Y Venugopal Rao,1,0,,,,,,"",""
ball,1,14.3,Kolkata Knight Riders,DJ Hussey,SC Ganguly,Y Venugopal Rao,2,0,,,,,,"",""
ball,1,14.4,Kolkata Knight Riders,DJ Hussey,SC Ganguly,Y Venugopal Rao,4,0,,,,,,"",""
ball,1,14.5,Kolkata Knight Riders,DJ Hussey,SC Ganguly,Y Venugopal Rao,1,0,,,,,,"",""
ball,1,14.6,Kolkata Knight Riders,SC Ganguly,DJ Hussey,Y Venugopal Rao,1,0,,,,,,"",""
ball,1,15.1,Kolkata Knight Riders,SC Ganguly,DJ Hussey,SB Styris,1,0,,,,,,"",""
ball,1,15.2,Kolkata Knight Riders,DJ Hussey,SC Ganguly,SB Styris,4,0,,,,,,"",""
ball,1,15.3,Kolkata Knight Riders,DJ Hussey,SC Ganguly,SB Styris,1,0,,,,,,"",""
ball,1,15.4,Kolkata Knight Riders,SC Ganguly,DJ Hussey,SB Styris,6,0,,,,,,"",""
ball,1,15.5,Kolkata Knight Riders,SC Ganguly,DJ Hussey,SB Styris,6,0,,,,,,"",""
ball,1,15.6,Kolkata Knight Riders,SC Ganguly,DJ Hussey,SB Styris,0,0,,,,,,"",""
ball,1,16.1,Kolkata Knight Riders,DJ Hussey,SC Ganguly,WPUJC Vaas,1,0,,,,,,"",""
ball,1,16.2,Kolkata Knight Riders,SC Ganguly,DJ Hussey,WPUJC Vaas,6,0,,,,,,"",""
ball,1,16.3,Kolkata Knight Riders,SC Ganguly,DJ Hussey,WPUJC Vaas,1,0,,,,,,"",""
ball,1,16.4,Kolkata Knight Riders,DJ Hussey,SC Ganguly,WPUJC Vaas,4,0,,,,,,"",""
ball,1,16.5,Kolkata Knight Riders,DJ Hussey,SC Ganguly,WPUJC Vaas,6,0,,,,,,"",""
ball,1,16.6,Kolkata Knight Riders,DJ Hussey,SC Ganguly,WPUJC Vaas,1,0,,,,,,"",""
ball,1,17.1,Kolkata Knight Riders,DJ Hussey,SC Ganguly,RP Singh,2,0,,,,,,"",""
ball,1,17.2,Kolkata Knight Riders,DJ Hussey,SC Ganguly,RP Singh,2,0,,,,,,"",""
ball,1,17.3,Kolkata Knight Riders,DJ Hussey,SC Ganguly,RP Singh,6,0,,,,,,"",""
ball,1,17.4,Kolkata Knight Riders,DJ Hussey,SC Ganguly,RP Singh,4,0,,,,,,"",""
ball,1,17.5,Kolkata Knight Riders,DJ Hussey,SC Ganguly,RP Singh,6,0,,,,,,"",""
ball,1,17.6,Kolkata Knight Riders,DJ Hussey,SC Ganguly,RP Singh,0,0,,,,,,"",""
ball,1,18.1,Kolkata Knight Riders,SC Ganguly,DJ Hussey,DP Vijaykumar,0,0,,,,,,caught,SC Ganguly
ball,1,18.2,Kolkata Knight Riders,DJ Hussey,T Taibu,DP Vijaykumar,1,1,,1,,,,"",""
ball,1,18.3,Kolkata Knight Riders,T Taibu,DJ Hussey,DP Vijaykumar,1,0,,,,,,"",""
ball,1,18.4,Kolkata Knight Riders,DJ Hussey,T Taibu,DP Vijaykumar,2,0,,,,,,"",""
ball,1,18.5,Kolkata Knight Riders,DJ Hussey,T Taibu,DP Vijaykumar,1,0,,,,,,"",""
ball,1,18.6,Kolkata Knight Riders,T Taibu,DJ Hussey,DP Vijaykumar,2,0,,,,,,"",""
ball,1,18.7,Kolkata Knight Riders,T Taibu,DJ Hussey,DP Vijaykumar,2,0,,,,,,"",""
ball,1,19.1,Kolkata Knight Riders,DJ Hussey,T Taibu,RP Singh,1,0,,,,,,"",""
ball,1,19.2,Kolkata Knight Riders,T Taibu,DJ Hussey,RP Singh,4,0,,,,,,"",""
ball,1,19.3,Kolkata Knight Riders,T Taibu,DJ Hussey,RP Singh,0,0,,,,,,caught,T Taibu
ball,1,19.4,Kolkata Knight Riders,LR Shukla,DJ Hussey,RP Singh,4,0,,,,,,"",""
ball,1,19.5,Kolkata Knight Riders,LR Shukla,DJ Hussey,RP Singh,4,0,,,,,,"",""
ball,1,19.6,Kolkata Knight Riders,LR Shukla,DJ Hussey,RP Singh,6,0,,,,,,"",""
ball,2,0.1,Deccan Chargers,AC Gilchrist,HH Gibbs,AB Dinda,0,0,,,,,,"",""
ball,2,0.2,Deccan Chargers,AC Gilchrist,HH Gibbs,AB Dinda,0,0,,,,,,"",""
ball,2,0.3,Deccan Chargers,AC Gilchrist,HH Gibbs,AB Dinda,0,0,,,,,,"",""
ball,2,0.4,Deccan Chargers,AC Gilchrist,HH Gibbs,AB Dinda,1,0,,,,,,"",""
ball,2,0.5,Deccan Chargers,HH Gibbs,AC Gilchrist,AB Dinda,0,0,,,,,,"",""
ball,2,0.6,Deccan Chargers,HH Gibbs,AC Gilchrist,AB Dinda,4,0,,,,,,"",""
ball,2,1.1,Deccan Chargers,AC Gilchrist,HH Gibbs,I Sharma,0,0,,,,,,"",""
ball,2,1.2,Deccan Chargers,AC Gilchrist,HH Gibbs,I Sharma,1,0,,,,,,"",""
ball,2,1.3,Deccan Chargers,HH Gibbs,AC Gilchrist,I Sharma,0,0,,,,,,"",""
ball,2,1.4,Deccan Chargers,HH Gibbs,AC Gilchrist,I Sharma,0,0,,,,,,"",""
ball,2,1.5,Deccan Chargers,HH Gibbs,AC Gilchrist,I Sharma,1,0,,,,,,"",""
ball,2,1.6,Deccan Chargers,AC Gilchrist,HH Gibbs,I Sharma,4,0,,,,,,"",""
ball,2,2.1,Deccan Chargers,HH Gibbs,AC Gilchrist,AB Dinda,0,0,,,,,,"",""
ball,2,2.2,Deccan Chargers,HH Gibbs,AC Gilchrist,AB Dinda,0,1,1,,,,,"",""
ball,2,2.3,Deccan Chargers,HH Gibbs,AC Gilchrist,AB Dinda,0,0,,,,,,caught,HH Gibbs
ball,2,2.4,Deccan Chargers,DB Ravi Teja,AC Gilchrist,AB Dinda,4,0,,,,,,"",""
ball,2,2.5,Deccan Chargers,DB Ravi Teja,AC Gilchrist,AB Dinda,0,0,,,,,,"",""
ball,2,2.6,Deccan Chargers,DB Ravi Teja,AC Gilchrist,AB Dinda,0,0,,,,,,"",""
ball,2,2.7,Deccan Chargers,DB Ravi Teja,AC Gilchrist,AB Dinda,1,0,,,,,,"",""
ball,2,3.1,Deccan Chargers,DB Ravi Teja,AC Gilchrist,I Sharma,1,0,,,,,,"",""
ball,2,3.2,Deccan Chargers,AC Gilchrist,DB Ravi Teja,I Sharma,0,0,,,,,,"",""
ball,2,3.3,Deccan Chargers,AC Gilchrist,DB Ravi Teja,I Sharma,4,0,,,,,,"",""
ball,2,3.4,Deccan Chargers,AC Gilchrist,DB Ravi Teja,I Sharma,0,0,,,,,,"",""
ball,2,3.5,Deccan Chargers,AC Gilchrist,DB Ravi Teja,I Sharma,0,1,,,,1,,"",""
ball,2,3.6,Deccan Chargers,DB Ravi Teja,AC Gilchrist,I Sharma,4,0,,,,,,"",""
ball,2,4.1,Deccan Chargers,AC Gilchrist,DB Ravi Teja,AB Dinda,4,0,,,,,,"",""
ball,2,4.2,Deccan Chargers,AC Gilchrist,DB Ravi Teja,AB Dinda,2,0,,,,,,"",""
ball,2,4.3,Deccan Chargers,AC Gilchrist,DB Ravi Teja,AB Dinda,4,0,,,,,,"",""
ball,2,4.4,Deccan Chargers,AC Gilchrist,DB Ravi Teja,AB Dinda,4,0,,,,,,"",""
ball,2,4.5,Deccan Chargers,AC Gilchrist,DB Ravi Teja,AB Dinda,0,0,,,,,,"",""
ball,2,4.6,Deccan Chargers,AC Gilchrist,DB Ravi Teja,AB Dinda,0,0,,,,,,caught,AC Gilchrist
ball,2,5.1,Deccan Chargers,DB Ravi Teja,RG Sharma,Umar Gul,0,0,,,,,,caught,DB Ravi Teja
ball,2,5.2,Deccan Chargers,SB Styris,RG Sharma,Umar Gul,1,0,,,,,,"",""
ball,2,5.3,Deccan Chargers,RG Sharma,SB Styris,Umar Gul,4,0,,,,,,"",""
ball,2,5.4,Deccan Chargers,RG Sharma,SB Styris,Umar Gul,0,1,,1,,,,"",""
ball,2,5.5,Deccan Chargers,RG Sharma,SB Styris,Umar Gul,4,1,,1,,,,"",""
ball,2,5.6,Deccan Chargers,RG Sharma,SB Styris,Umar Gul,0,0,,,,,,"",""
ball,2,5.7,Deccan Chargers,RG Sharma,SB Styris,Umar Gul,1,0,,,,,,"",""
ball,2,5.8,Deccan Chargers,SB Styris,RG Sharma,Umar Gul,0,1,,1,,,,"",""
ball,2,5.9,Deccan Chargers,SB Styris,RG Sharma,Umar Gul,1,0,,,,,,"",""
ball,2,6.1,Deccan Chargers,SB Styris,RG Sharma,SC Ganguly,0,0,,,,,,"",""
ball,2,6.2,Deccan Chargers,SB Styris,RG Sharma,SC Ganguly,0,0,,,,,,"",""
ball,2,6.3,Deccan Chargers,SB Styris,RG Sharma,SC Ganguly,0,0,,,,,,"",""
ball,2,6.4,Deccan Chargers,SB Styris,RG Sharma,SC Ganguly,1,0,,,,,,"",""
ball,2,6.5,Deccan Chargers,RG Sharma,SB Styris,SC Ganguly,1,0,,,,,,"",""
ball,2,6.6,Deccan Chargers,SB Styris,RG Sharma,SC Ganguly,1,0,,,,,,"",""
ball,2,7.1,Deccan Chargers,SB Styris,RG Sharma,Umar Gul,0,0,,,,,,"",""
ball,2,7.2,Deccan Chargers,SB Styris,RG Sharma,Umar Gul,1,0,,,,,,"",""
ball,2,7.3,Deccan Chargers,RG Sharma,SB Styris,Umar Gul,0,0,,,,,,"",""
ball,2,7.4,Deccan Chargers,RG Sharma,SB Styris,Umar Gul,0,0,,,,,,"",""
ball,2,7.5,Deccan Chargers,RG Sharma,SB Styris,Umar Gul,0,0,,,,,,"",""
ball,2,7.6,Deccan Chargers,RG Sharma,SB Styris,Umar Gul,0,4,,,,4,,"",""
ball,2,8.1,Deccan Chargers,SB Styris,RG Sharma,SC Ganguly,0,0,,,,,,caught,SB Styris
ball,2,8.2,Deccan Chargers,RG Sharma,Y Venugopal Rao,SC Ganguly,0,0,,,,,,"",""
ball,2,8.3,Deccan Chargers,RG Sharma,Y Venugopal Rao,SC Ganguly,6,0,,,,,,"",""
ball,2,8.4,Deccan Chargers,RG Sharma,Y Venugopal Rao,SC Ganguly,1,0,,,,,,"",""
ball,2,8.5,Deccan Chargers,Y Venugopal Rao,RG Sharma,SC Ganguly,0,0,,,,,,"",""
ball,2,8.6,Deccan Chargers,Y Venugopal Rao,RG Sharma,SC Ganguly,0,0,,,,,,"",""
ball,2,9.1,Deccan Chargers,RG Sharma,Y Venugopal Rao,M Kartik,0,0,,,,,,"",""
ball,2,9.2,Deccan Chargers,RG Sharma,Y Venugopal Rao,M Kartik,0,1,,,,1,,"",""
ball,2,9.3,Deccan Chargers,Y Venugopal Rao,RG Sharma,M Kartik,0,0,,,,,,"",""
ball,2,9.4,Deccan Chargers,Y Venugopal Rao,RG Sharma,M Kartik,1,0,,,,,,"",""
ball,2,9.5,Deccan Chargers,RG Sharma,Y Venugopal Rao,M Kartik,0,1,,,,1,,"",""
ball,2,9.6,Deccan Chargers,Y Venugopal Rao,RG Sharma,M Kartik,1,0,,,,,,"",""
ball,2,10.1,Deccan Chargers,Y Venugopal Rao,RG Sharma,SC Ganguly,1,0,,,,,,"",""
ball,2,10.2,Deccan Chargers,RG Sharma,Y Venugopal Rao,SC Ganguly,6,0,,,,,,"",""
ball,2,10.3,Deccan Chargers,RG Sharma,Y Venugopal Rao,SC Ganguly,1,0,,,,,,"",""
ball,2,10.4,Deccan Chargers,Y Venugopal Rao,RG Sharma,SC Ganguly,0,1,,,,1,,"",""
ball,2,10.5,Deccan Chargers,RG Sharma,Y Venugopal Rao,SC Ganguly,2,0,,,,,,"",""
ball,2,10.6,Deccan Chargers,RG Sharma,Y Venugopal Rao,SC Ganguly,1,0,,,,,,"",""
ball,2,11.1,Deccan Chargers,RG Sharma,Y Venugopal Rao,M Kartik,1,0,,,,,,"",""
ball,2,11.2,Deccan Chargers,Y Venugopal Rao,RG Sharma,M Kartik,1,0,,,,,,"",""
ball,2,11.3,Deccan Chargers,RG Sharma,Y Venugopal Rao,M Kartik,1,0,,,,,,"",""
ball,2,11.4,Deccan Chargers,Y Venugopal Rao,RG Sharma,M Kartik,0,0,,,,,,"",""
ball,2,11.5,Deccan Chargers,Y Venugopal Rao,RG Sharma,M Kartik,2,0,,,,,,"",""
ball,2,11.6,Deccan Chargers,Y Venugopal Rao,RG Sharma,M Kartik,0,0,,,,,,"",""
ball,2,12.1,Deccan Chargers,RG Sharma,Y Venugopal Rao,AB Dinda,4,0,,,,,,"",""
ball,2,12.2,Deccan Chargers,RG Sharma,Y Venugopal Rao,AB Dinda,0,0,,,,,,caught,RG Sharma
ball,2,12.3,Deccan Chargers,SB Bangar,Y Venugopal Rao,AB Dinda,0,0,,,,,,"",""
ball,2,12.4,Deccan Chargers,SB Bangar,Y Venugopal Rao,AB Dinda,1,0,,,,,,"",""
ball,2,12.5,Deccan Chargers,Y Venugopal Rao,SB Bangar,AB Dinda,2,0,,,,,,"",""
ball,2,12.6,Deccan Chargers,Y Venugopal Rao,SB Bangar,AB Dinda,1,0,,,,,,"",""
ball,2,13.1,Deccan Chargers,Y Venugopal Rao,SB Bangar,M Kartik,6,0,,,,,,"",""
ball,2,13.2,Deccan Chargers,Y Venugopal Rao,SB Bangar,M Kartik,0,0,,,,,,"",""
ball,2,13.3,Deccan Chargers,Y Venugopal Rao,SB Bangar,M Kartik,6,0,,,,,,"",""
ball,2,13.4,Deccan Chargers,Y Venugopal Rao,SB Bangar,M Kartik,6,0,,,,,,"",""
ball,2,13.5,Deccan Chargers,Y Venugopal Rao,SB Bangar,M Kartik,4,0,,,,,,"",""
ball,2,13.6,Deccan Chargers,Y Venugopal Rao,SB Bangar,M Kartik,0,0,,,,,,"",""
ball,2,14.1,Deccan Chargers,SB Bangar,Y Venugopal Rao,SC Ganguly,1,0,,,,,,"",""
ball,2,14.2,Deccan Chargers,Y Venugopal Rao,SB Bangar,SC Ganguly,0,0,,,,,,"",""
ball,2,14.3,Deccan Chargers,Y Venugopal Rao,SB Bangar,SC Ganguly,1,0,,,,,,"",""
ball,2,14.4,Deccan Chargers,SB Bangar,Y Venugopal Rao,SC Ganguly,0,0,,,,,,caught,SB Bangar
ball,2,14.5,Deccan Chargers,WPUJC Vaas,Y Venugopal Rao,SC Ganguly,0,0,,,,,,"",""
ball,2,14.6,Deccan Chargers,WPUJC Vaas,Y Venugopal Rao,SC Ganguly,2,0,,,,,,"",""
ball,2,15.1,Deccan Chargers,Y Venugopal Rao,WPUJC Vaas,I Sharma,0,0,,,,,,"",""
ball,2,15.2,Deccan Chargers,Y Venugopal Rao,WPUJC Vaas,I Sharma,1,0,,,,,,"",""
ball,2,15.3,Deccan Chargers,WPUJC Vaas,Y Venugopal Rao,I Sharma,1,0,,,,,,"",""
ball,2,15.4,Deccan Chargers,Y Venugopal Rao,WPUJC Vaas,I Sharma,0,0,,,,,,"",""
ball,2,15.5,Deccan Chargers,Y Venugopal Rao,WPUJC Vaas,I Sharma,6,0,,,,,,"",""
ball,2,15.6,Deccan Chargers,Y Venugopal Rao,WPUJC Vaas,I Sharma,4,0,,,,,,"",""
ball,2,16.1,Deccan Chargers,WPUJC Vaas,Y Venugopal Rao,Umar Gul,2,0,,,,,,"",""
ball,2,16.2,Deccan Chargers,WPUJC Vaas,Y Venugopal Rao,Umar Gul,1,0,,,,,,"",""
ball,2,16.3,Deccan Chargers,Y Venugopal Rao,WPUJC Vaas,Umar Gul,0,1,1,,,,,"",""
ball,2,16.4,Deccan Chargers,Y Venugopal Rao,WPUJC Vaas,Umar Gul,4,0,,,,,,"",""
ball,2,16.5,Deccan Chargers,Y Venugopal Rao,WPUJC Vaas,Umar Gul,6,0,,,,,,"",""
ball,2,16.6,Deccan Chargers,Y Venugopal Rao,WPUJC Vaas,Umar Gul,1,0,,,,,,"",""
ball,2,16.7,Deccan Chargers,WPUJC Vaas,Y Venugopal Rao,Umar Gul,2,0,,,,,,"",""
ball,2,17.1,Deccan Chargers,Y Venugopal Rao,WPUJC Vaas,LR Shukla,1,0,,,,,,"",""
ball,2,17.2,Deccan Chargers,WPUJC Vaas,Y Venugopal Rao,LR Shukla,1,0,,,,,,"",""
ball,2,17.3,Deccan Chargers,Y Venugopal Rao,WPUJC Vaas,LR Shukla,4,0,,,,,,"",""
ball,2,17.4,Deccan Chargers,Y Venugopal Rao,WPUJC Vaas,LR Shukla,0,0,,,,,,"",""
ball,2,17.5,Deccan Chargers,Y Venugopal Rao,WPUJC Vaas,LR Shukla,1,0,,,,,,"",""
ball,2,17.6,Deccan Chargers,WPUJC Vaas,Y Venugopal Rao,LR Shukla,0,0,,,,,,bowled,WPUJC Vaas
ball,2,18.1,Deccan Chargers,Y Venugopal Rao,RP Singh,Umar Gul,0,0,,,,,,"",""
ball,2,18.2,Deccan Chargers,Y Venugopal Rao,RP Singh,Umar Gul,0,0,,,,,,"",""
ball,2,18.3,Deccan Chargers,Y Venugopal Rao,RP Singh,Umar Gul,6,0,,,,,,"",""
ball,2,18.4,Deccan Chargers,Y Venugopal Rao,RP Singh,Umar Gul,0,1,1,,,,,"",""
ball,2,18.5,Deccan Chargers,Y Venugopal Rao,RP Singh,Umar Gul,1,0,,,,,,"",""
ball,2,18.6,Deccan Chargers,RP Singh,Y Venugopal Rao,Umar Gul,1,0,,,,,,"",""
ball,2,18.7,Deccan Chargers,Y Venugopal Rao,RP Singh,Umar Gul,0,1,1,,,,,"",""
ball,2,18.8,Deccan Chargers,Y Venugopal Rao,RP Singh,Umar Gul,1,0,,,,,,"",""
ball,2,19.1,Deccan Chargers,Y Venugopal Rao,RP Singh,LR Shukla,0,0,,,,,,"",""
ball,2,19.2,Deccan Chargers,Y Venugopal Rao,RP Singh,LR Shukla,1,1,,1,,,,"",""
ball,2,19.3,Deccan Chargers,RP Singh,Y Venugopal Rao,LR Shukla,0,0,,,,,,"",""
ball,2,19.4,Deccan Chargers,RP Singh,Y Venugopal Rao,LR Shukla,4,0,,,,,,"",""
ball,2,19.5,Deccan Chargers,RP Singh,Y Venugopal Rao,LR Shukla,1,0,,,,,,"",""
ball,2,19.6,Deccan Chargers,Y Venugopal Rao,RP Singh,LR Shukla,2,0,,,,,,"",""
ball,2,19.7,Deccan Chargers,Y Venugopal Rao,RP Singh,LR Shukla,0,0,,,,,,"",""
