version,1.6.0
info,balls_per_over,6
info,team,Chennai Super Kings
info,team,Royal Challengers Bangalore
info,gender,male
info,season,2007/08
info,date,2008/05/21
info,event,Indian Premier League
info,match_number,46
info,venue,"MA Chidambaram Stadium, Chepauk"
info,city,Chennai
info,toss_winner,Royal Challengers Bangalore
info,toss_decision,bat
info,player_of_match,A Kumble
info,umpire,DJ Harper
info,umpire,I Shivram
info,reserve_umpire,S Ravi
info,tv_umpire,BR Doctrove
info,match_referee,J Srinath
info,winner,Royal Challengers Bangalore
info,winner_runs,14
info,player,Chennai Super Kings,PA Patel
info,player,Chennai Super Kings,SP Fleming
info,player,Chennai Super Kings,MS Dhoni
info,player,Chennai Super Kings,SK Raina
info,player,Chennai Super Kings,S Badrinath
info,player,Chennai Super Kings,JA Morkel
info,player,Chennai Super Kings,S Vidyut
info,player,Chennai Super Kings,MS Gony
info,player,Chennai Super Kings,L Balaji
info,player,Chennai Super Kings,M Ntini
info,player,Chennai Super Kings,M Muralitharan
info,player,Royal Challengers Bangalore,JH Kallis
info,player,Royal Challengers Bangalore,SP Goswami
info,player,Royal Challengers Bangalore,V Kohli
info,player,Royal Challengers Bangalore,R Dravid
info,player,Royal Challengers Bangalore,Misbah-ul-Haq
info,player,Royal Challengers Bangalore,MV Boucher
info,player,Royal Challengers Bangalore,B Akhil
info,player,Royal Challengers Bangalore,P Kumar
info,player,Royal Challengers Bangalore,R Vinay Kumar
info,player,Royal Challengers Bangalore,A Kumble
info,player,Royal Challengers Bangalore,DW Steyn
info,registry,people,A Kumble,0c2730df
info,registry,people,B Akhil,af7dadf7
info,registry,people,BR Doctrove,cbebf805
info,registry,people,DJ Harper,0ec08b27
info,registry,people,DW Steyn,8fd1a8f5
info,registry,people,I Shivram,85143097
info,registry,people,J Srinath,bad31fac
info,registry,people,JA Morkel,c3d35165
info,registry,people,JH Kallis,86dc8f2e
info,registry,people,L Balaji,b2b50355
info,registry,people,M Muralitharan,4ba44e19
info,registry,people,M Ntini,20a941bb
info,registry,people,MS Dhoni,4a8a2e3b
info,registry,people,MS Gony,ae78bc32
info,registry,people,MV Boucher,f3cb53a1
info,registry,people,Misbah-ul-Haq,7eae4418
info,registry,people,P Kumar,e938e1bc
info,registry,people,PA Patel,b5da6c24
info,registry,people,R Dravid,0184dc35
info,registry,people,R Vinay Kumar,41eb4a4f
info,registry,people,S Badrinath,3576e47e
info,registry,people,S Ravi,9b9ee0df
info,registry,people,S Vidyut,756389bd
info,registry,people,SK Raina,1dc12ab9
info,registry,people,SP Fleming,eea6b7f1
info,registry,people,SP Goswami,541f85c9
info,registry,people,V Kohli,ba607b88
ball,1,0.1,Royal Challengers Bangalore,JH Kallis,SP Goswami,M Ntini,0,0,,,,,,"",""
ball,1,0.2,Royal Challengers Bangalore,JH Kallis,SP Goswami,M Ntini,1,0,,,,,,"",""
ball,1,0.3,Royal Challengers Bangalore,SP Goswami,JH Kallis,M Ntini,0,0,,,,,,"",""
ball,1,0.4,Royal Challengers Bangalore,SP Goswami,JH Kallis,M Ntini,0,0,,,,,,"",""
ball,1,0.5,Royal Challengers Bangalore,SP Goswami,JH Kallis,M Ntini,1,0,,,,,,"",""
ball,1,0.6,Royal Challengers Bangalore,JH Kallis,SP Goswami,M Ntini,4,0,,,,,,"",""
ball,1,1.1,Royal Challengers Bangalore,SP Goswami,JH Kallis,MS Gony,0,0,,,,,,"",""
ball,1,1.2,Royal Challengers Bangalore,SP Goswami,JH Kallis,MS Gony,1,0,,,,,,"",""
ball,1,1.3,Royal Challengers Bangalore,JH Kallis,SP Goswami,MS Gony,0,0,,,,,,"",""
ball,1,1.4,Royal Challengers Bangalore,JH Kallis,SP Goswami,MS Gony,0,0,,,,,,caught,JH Kallis
ball,1,1.5,Royal Challengers Bangalore,V Kohli,SP Goswami,MS Gony,0,0,,,,,,"",""
ball,1,1.6,Royal Challengers Bangalore,V Kohli,SP Goswami,MS Gony,0,0,,,,,,"",""
ball,1,2.1,Royal Challengers Bangalore,SP Goswami,V Kohli,M Ntini,0,0,,,,,,"",""
ball,1,2.2,Royal Challengers Bangalore,SP Goswami,V Kohli,M Ntini,0,0,,,,,,"",""
ball,1,2.3,Royal Challengers Bangalore,SP Goswami,V Kohli,M Ntini,0,0,,,,,,"",""
ball,1,2.4,Royal Challengers Bangalore,SP Goswami,V Kohli,M Ntini,0,0,,,,,,"",""
ball,1,2.5,Royal Challengers Bangalore,SP Goswami,V Kohli,M Ntini,4,0,,,,,,"",""
ball,1,2.6,Royal Challengers Bangalore,SP Goswami,V Kohli,M Ntini,0,0,,,,,,"",""
ball,1,3.1,Royal Challengers Bangalore,V Kohli,SP Goswami,MS Gony,1,0,,,,,,"",""
ball,1,3.2,Royal Challengers Bangalore,SP Goswami,V Kohli,MS Gony,0,0,,,,,,"",""
ball,1,3.3,Royal Challengers Bangalore,SP Goswami,V Kohli,MS Gony,0,0,,,,,,"",""
ball,1,3.4,Royal Challengers Bangalore,SP Goswami,V Kohli,MS Gony,1,0,,,,,,"",""
ball,1,3.5,Royal Challengers Bangalore,V Kohli,SP Goswami,MS Gony,1,0,,,,,,"",""
ball,1,3.6,Royal Challengers Bangalore,SP Goswami,V Kohli,MS Gony,2,0,,,,,,"",""
ball,1,4.1,Royal Challengers Bangalore,V Kohli,SP Goswami,M Ntini,0,0,,,,,,"",""
ball,1,4.2,Royal Challengers Bangalore,V Kohli,SP Goswami,M Ntini,4,0,,,,,,"",""
ball,1,4.3,Royal Challengers Bangalore,V Kohli,SP Goswami,M Ntini,0,0,,,,,,"",""
ball,1,4.4,Royal Challengers Bangalore,V Kohli,SP Goswami,M Ntini,1,0,,,,,,"",""
ball,1,4.5,Royal Challengers Bangalore,SP Goswami,V Kohli,M Ntini,1,0,,,,,,"",""
ball,1,4.6,Royal Challengers Bangalore,V Kohli,SP Goswami,M Ntini,0,0,,,,,,"",""
ball,1,5.1,Royal Challengers Bangalore,SP Goswami,V Kohli,MS Gony,0,0,,,,,,"",""
ball,1,5.2,Royal Challengers Bangalore,SP Goswami,V Kohli,MS Gony,0,0,,,,,,"",""
ball,1,5.3,Royal Challengers Bangalore,SP Goswami,V Kohli,MS Gony,0,0,,,,,,caught,SP Goswami
ball,1,5.4,Royal Challengers Bangalore,R Dravid,V Kohli,MS Gony,0,0,,,,,,"",""
ball,1,5.5,Royal Challengers Bangalore,R Dravid,V Kohli,MS Gony,0,1,,,,1,,"",""
ball,1,5.6,Royal Challengers Bangalore,V Kohli,R Dravid,MS Gony,0,0,,,,,,"",""
ball,1,6.1,Royal Challengers Bangalore,R Dravid,V Kohli,M Muralitharan,0,0,,,,,,"",""
ball,1,6.2,Royal Challengers Bangalore,R Dravid,V Kohli,M Muralitharan,0,0,,,,,,"",""
ball,1,6.3,Royal Challengers Bangalore,R Dravid,V Kohli,M Muralitharan,1,0,,,,,,"",""
ball,1,6.4,Royal Challengers Bangalore,V Kohli,R Dravid,M Muralitharan,1,0,,,,,,"",""
ball,1,6.5,Royal Challengers Bangalore,R Dravid,V Kohli,M Muralitharan,2,0,,,,,,"",""
ball,1,6.6,Royal Challengers Bangalore,R Dravid,V Kohli,M Muralitharan,0,0,,,,,,"",""
ball,1,7.1,Royal Challengers Bangalore,V Kohli,R Dravid,MS Gony,0,1,,,,1,,"",""
ball,1,7.2,Royal Challengers Bangalore,R Dravid,V Kohli,MS Gony,1,0,,,,,,"",""
ball,1,7.3,Royal Challengers Bangalore,V Kohli,R Dravid,MS Gony,0,1,1,,,,,"",""
ball,1,7.4,Royal Challengers Bangalore,V Kohli,R Dravid,MS Gony,1,0,,,,,,"",""
ball,1,7.5,Royal Challengers Bangalore,R Dravid,V Kohli,MS Gony,1,0,,,,,,"",""
ball,1,7.6,Royal Challengers Bangalore,V Kohli,R Dravid,MS Gony,0,0,,,,,,"",""
ball,1,7.7,Royal Challengers Bangalore,V Kohli,R Dravid,MS Gony,1,0,,,,,,"",""
ball,1,8.1,Royal Challengers Bangalore,V Kohli,R Dravid,M Muralitharan,0,0,,,,,,caught,V Kohli
ball,1,8.2,Royal Challengers Bangalore,R Dravid,Misbah-ul-Haq,M Muralitharan,1,0,,,,,,"",""
ball,1,8.3,Royal Challengers Bangalore,Misbah-ul-Haq,R Dravid,M Muralitharan,0,0,,,,,,"",""
ball,1,8.4,Royal Challengers Bangalore,Misbah-ul-Haq,R Dravid,M Muralitharan,1,0,,,,,,"",""
ball,1,8.5,Royal Challengers Bangalore,R Dravid,Misbah-ul-Haq,M Muralitharan,1,0,,,,,,"",""
ball,1,8.6,Royal Challengers Bangalore,Misbah-ul-Haq,R Dravid,M Muralitharan,2,0,,,,,,"",""
ball,1,9.1,Royal Challengers Bangalore,R Dravid,Misbah-ul-Haq,L Balaji,1,0,,,,,,"",""
ball,1,9.2,Royal Challengers Bangalore,Misbah-ul-Haq,R Dravid,L Balaji,1,0,,,,,,"",""
ball,1,9.3,Royal Challengers Bangalore,R Dravid,Misbah-ul-Haq,L Balaji,0,0,,,,,,"",""
ball,1,9.4,Royal Challengers Bangalore,R Dravid,Misbah-ul-Haq,L Balaji,1,0,,,,,,"",""
ball,1,9.5,Royal Challengers Bangalore,Misbah-ul-Haq,R Dravid,L Balaji,0,0,,,,,,"",""
ball,1,9.6,Royal Challengers Bangalore,Misbah-ul-Haq,R Dravid,L Balaji,0,0,,,,,,caught,Misbah-ul-Haq
ball,1,10.1,Royal Challengers Bangalore,R Dravid,MV Boucher,M Muralitharan,0,0,,,,,,"",""
ball,1,10.2,Royal Challengers Bangalore,R Dravid,MV Boucher,M Muralitharan,2,0,,,,,,"",""
ball,1,10.3,Royal Challengers Bangalore,R Dravid,MV Boucher,M Muralitharan,0,0,,,,,,"",""
ball,1,10.4,Royal Challengers Bangalore,R Dravid,MV Boucher,M Muralitharan,1,0,,,,,,"",""
ball,1,10.5,Royal Challengers Bangalore,MV Boucher,R Dravid,M Muralitharan,0,0,,,,,,"",""
ball,1,10.6,Royal Challengers Bangalore,MV Boucher,R Dravid,M Muralitharan,0,0,,,,,,"",""
ball,1,11.1,Royal Challengers Bangalore,R Dravid,MV Boucher,L Balaji,0,0,,,,,,"",""
ball,1,11.2,Royal Challengers Bangalore,R Dravid,MV Boucher,L Balaji,1,0,,,,,,"",""
ball,1,11.3,Royal Challengers Bangalore,MV Boucher,R Dravid,L Balaji,1,0,,,,,,"",""
ball,1,11.4,Royal Challengers Bangalore,R Dravid,MV Boucher,L Balaji,4,0,,,,,,"",""
ball,1,11.5,Royal Challengers Bangalore,R Dravid,MV Boucher,L Balaji,1,0,,,,,,"",""
ball,1,11.6,Royal Challengers Bangalore,MV Boucher,R Dravid,L Balaji,1,0,,,,,,"",""
ball,1,12.1,Royal Challengers Bangalore,MV Boucher,R Dravid,JA Morkel,0,0,,,,,,"",""
ball,1,12.2,Royal Challengers Bangalore,MV Boucher,R Dravid,JA Morkel,4,0,,,,,,"",""
ball,1,12.3,Royal Challengers Bangalore,MV Boucher,R Dravid,JA Morkel,0,0,,,,,,"",""
ball,1,12.4,Royal Challengers Bangalore,MV Boucher,R Dravid,JA Morkel,1,0,,,,,,"",""
ball,1,12.5,Royal Challengers Bangalore,R Dravid,MV Boucher,JA Morkel,1,0,,,,,,"",""
ball,1,12.6,Royal Challengers Bangalore,MV Boucher,R Dravid,JA Morkel,0,0,,,,,,"",""
ball,1,13.1,Royal Challengers Bangalore,R Dravid,MV Boucher,M Muralitharan,4,0,,,,,,"",""
ball,1,13.2,Royal Challengers Bangalore,R Dravid,MV Boucher,M Muralitharan,1,0,,,,,,"",""
ball,1,13.3,Royal Challengers Bangalore,MV Boucher,R Dravid,M Muralitharan,1,0,,,,,,"",""
ball,1,13.4,Royal Challengers Bangalore,R Dravid,MV Boucher,M Muralitharan,0,0,,,,,,"",""
ball,1,13.5,Royal Challengers Bangalore,R Dravid,MV Boucher,M Muralitharan,1,0,,,,,,"",""
ball,1,13.6,Royal Challengers Bangalore,MV Boucher,R Dravid,M Muralitharan,0,0,,,,,,"",""
ball,1,14.1,Royal Challengers Bangalore,R Dravid,MV Boucher,JA Morkel,1,0,,,,,,"",""
ball,1,14.2,Royal Challengers Bangalore,MV Boucher,R Dravid,JA Morkel,4,0,,,,,,"",""
ball,1,14.3,Royal Challengers Bangalore,MV Boucher,R Dravid,JA Morkel,1,0,,,,,,"",""
ball,1,14.4,Royal Challengers Bangalore,R Dravid,MV Boucher,JA Morkel,1,0,,,,,,"",""
ball,1,14.5,Royal Challengers Bangalore,MV Boucher,R Dravid,JA Morkel,4,0,,,,,,"",""
ball,1,14.6,Royal Challengers Bangalore,MV Boucher,R Dravid,JA Morkel,0,0,,,,,,lbw,MV Boucher
ball,1,15.1,Royal Challengers Bangalore,R Dravid,B Akhil,L Balaji,1,0,,,,,,"",""
ball,1,15.2,Royal Challengers Bangalore,B Akhil,R Dravid,L Balaji,0,1,,,,1,,"",""
ball,1,15.3,Royal Challengers Bangalore,R Dravid,B Akhil,L Balaji,4,0,,,,,,"",""
ball,1,15.4,Royal Challengers Bangalore,R Dravid,B Akhil,L Balaji,4,0,,,,,,"",""
ball,1,15.5,Royal Challengers Bangalore,R Dravid,B Akhil,L Balaji,0,0,,,,,,"",""
ball,1,15.6,Royal Challengers Bangalore,R Dravid,B Akhil,L Balaji,1,0,,,,,,"",""
ball,1,16.1,Royal Challengers Bangalore,R Dravid,B Akhil,JA Morkel,2,0,,,,,,"",""
ball,1,16.2,Royal Challengers Bangalore,R Dravid,B Akhil,JA Morkel,4,0,,,,,,"",""
ball,1,16.3,Royal Challengers Bangalore,R Dravid,B Akhil,JA Morkel,2,0,,,,,,"",""
ball,1,16.4,Royal Challengers Bangalore,R Dravid,B Akhil,JA Morkel,2,0,,,,,,"",""
ball,1,16.5,Royal Challengers Bangalore,R Dravid,B Akhil,JA Morkel,0,0,,,,,,caught,R Dravid
ball,1,16.6,Royal Challengers Bangalore,P Kumar,B Akhil,JA Morkel,1,0,,,,,,"",""
ball,1,17.1,Royal Challengers Bangalore,P Kumar,B Akhil,M Ntini,1,0,,,,,,"",""
ball,1,17.2,Royal Challengers Bangalore,B Akhil,P Kumar,M Ntini,0,0,,,,,,"",""
ball,1,17.3,Royal Challengers Bangalore,B Akhil,P Kumar,M Ntini,1,0,,,,,,"",""
ball,1,17.4,Royal Challengers Bangalore,P Kumar,B Akhil,M Ntini,4,0,,,,,,"",""
ball,1,17.5,Royal Challengers Bangalore,P Kumar,B Akhil,M Ntini,1,0,,,,,,"",""
ball,1,17.6,Royal Challengers Bangalore,B Akhil,P Kumar,M Ntini,4,0,,,,,,"",""
ball,1,18.1,Royal Challengers Bangalore,P Kumar,B Akhil,L Balaji,2,0,,,,,,"",""
ball,1,18.2,Royal Challengers Bangalore,P Kumar,B Akhil,L Balaji,4,0,,,,,,"",""
ball,1,18.3,Royal Challengers Bangalore,P Kumar,B Akhil,L Balaji,6,0,,,,,,"",""
ball,1,18.4,Royal Challengers Bangalore,P Kumar,B Akhil,L Balaji,1,0,,,,,,"",""
ball,1,18.5,Royal Challengers Bangalore,B Akhil,P Kumar,L Balaji,0,0,,,,,,"",""
ball,1,18.6,Royal Challengers Bangalore,B Akhil,P Kumar,L Balaji,0,0,,,,,,"",""
ball,1,19.1,Royal Challengers Bangalore,P Kumar,B Akhil,JA Morkel,0,0,,,,,,"",""
ball,1,19.2,Royal Challengers Bangalore,P Kumar,B Akhil,JA Morkel,1,0,,,,,,"",""
ball,1,19.3,Royal Challengers Bangalore,B Akhil,P Kumar,JA Morkel,1,0,,,,,,"",""
ball,1,19.4,Royal Challengers Bangalore,P Kumar,B Akhil,JA Morkel,0,0,,,,,,bowled,P Kumar
ball,1,19.5,Royal Challengers Bangalore,R Vinay Kumar,B Akhil,JA Morkel,0,0,,,,,,bowled,R Vinay Kumar
ball,1,19.6,Royal Challengers Bangalore,A Kumble,B Akhil,JA Morkel,2,0,,,,,,"",""
ball,2,0.1,Chennai Super Kings,PA Patel,SP Fleming,DW Steyn,0,0,,,,,,"",""
ball,2,0.2,Chennai Super Kings,PA Patel,SP Fleming,DW Steyn,0,1,1,,,,,"",""
ball,2,0.3,Chennai Super Kings,PA Patel,SP Fleming,DW Steyn,0,0,,,,,,"",""
ball,2,0.4,Chennai Super Kings,PA Patel,SP Fleming,DW Steyn,4,0,,,,,,"",""
ball,2,0.5,Chennai Super Kings,PA Patel,SP Fleming,DW Steyn,0,0,,,,,,"",""
ball,2,0.6,Chennai Super Kings,PA Patel,SP Fleming,DW Steyn,0,0,,,,,,"",""
ball,2,0.7,Chennai Super Kings,PA Patel,SP Fleming,DW Steyn,0,0,,,,,,"",""
ball,2,1.1,Chennai Super Kings,SP Fleming,PA Patel,P Kumar,0,0,,,,,,"",""
ball,2,1.2,Chennai Super Kings,SP Fleming,PA Patel,P Kumar,0,0,,,,,,"",""
ball,2,1.3,Chennai Super Kings,SP Fleming,PA Patel,P Kumar,0,0,,,,,,"",""
ball,2,1.4,Chennai Super Kings,SP Fleming,PA Patel,P Kumar,0,0,,,,,,"",""
ball,2,1.5,Chennai Super Kings,SP Fleming,PA Patel,P Kumar,0,0,,,,,,"",""
ball,2,1.6,Chennai Super Kings,SP Fleming,PA Patel,P Kumar,2,0,,,,,,"",""
ball,2,2.1,Chennai Super Kings,PA Patel,SP Fleming,DW Steyn,2,0,,,,,,"",""
ball,2,2.2,Chennai Super Kings,PA Patel,SP Fleming,DW Steyn,4,0,,,,,,"",""
ball,2,2.3,Chennai Super Kings,PA Patel,SP Fleming,DW Steyn,0,5,5,,,,,"",""
ball,2,2.4,Chennai Super Kings,PA Patel,SP Fleming,DW Steyn,4,1,,1,,,,"",""
ball,2,2.5,Chennai Super Kings,PA Patel,SP Fleming,DW Steyn,4,0,,,,,,"",""
ball,2,2.6,Chennai Super Kings,PA Patel,SP Fleming,DW Steyn,0,0,,,,,,"",""
ball,2,2.7,Chennai Super Kings,PA Patel,SP Fleming,DW Steyn,0,0,,,,,,"",""
ball,2,2.8,Chennai Super Kings,PA Patel,SP Fleming,DW Steyn,0,0,,,,,,"",""
ball,2,3.1,Chennai Super Kings,SP Fleming,PA Patel,P Kumar,0,0,,,,,,"",""
ball,2,3.2,Chennai Super Kings,SP Fleming,PA Patel,P Kumar,0,0,,,,,,"",""
ball,2,3.3,Chennai Super Kings,SP Fleming,PA Patel,P Kumar,4,0,,,,,,"",""
ball,2,3.4,Chennai Super Kings,SP Fleming,PA Patel,P Kumar,6,0,,,,,,"",""
ball,2,3.5,Chennai Super Kings,SP Fleming,PA Patel,P Kumar,3,0,,,,,,"",""
ball,2,3.6,Chennai Super Kings,PA Patel,SP Fleming,P Kumar,0,0,,,,,,"",""
ball,2,4.1,Chennai Super Kings,SP Fleming,PA Patel,A Kumble,0,0,,,,,,"",""
ball,2,4.2,Chennai Super Kings,SP Fleming,PA Patel,A Kumble,0,0,,,,,,"",""
ball,2,4.3,Chennai Super Kings,SP Fleming,PA Patel,A Kumble,1,0,,,,,,"",""
ball,2,4.4,Chennai Super Kings,PA Patel,SP Fleming,A Kumble,0,0,,,,,,"",""
ball,2,4.5,Chennai Super Kings,PA Patel,SP Fleming,A Kumble,0,0,,,,,,"",""
ball,2,4.6,Chennai Super Kings,PA Patel,SP Fleming,A Kumble,1,0,,,,,,"",""
ball,2,5.1,Chennai Super Kings,PA Patel,SP Fleming,JH Kallis,0,0,,,,,,"",""
ball,2,5.2,Chennai Super Kings,PA Patel,SP Fleming,JH Kallis,1,0,,,,,,"",""
ball,2,5.3,Chennai Super Kings,SP Fleming,PA Patel,JH Kallis,0,0,,,,,,"",""
ball,2,5.4,Chennai Super Kings,SP Fleming,PA Patel,JH Kallis,1,0,,,,,,"",""
ball,2,5.5,Chennai Super Kings,PA Patel,SP Fleming,JH Kallis,0,0,,,,,,"",""
ball,2,5.6,Chennai Super Kings,PA Patel,SP Fleming,JH Kallis,0,0,,,,,,"",""
ball,2,6.1,Chennai Super Kings,SP Fleming,PA Patel,A Kumble,0,0,,,,,,"",""
ball,2,6.2,Chennai Super Kings,SP Fleming,PA Patel,A Kumble,4,0,,,,,,"",""
ball,2,6.3,Chennai Super Kings,SP Fleming,PA Patel,A Kumble,2,0,,,,,,"",""
ball,2,6.4,Chennai Super Kings,SP Fleming,PA Patel,A Kumble,1,0,,,,,,"",""
ball,2,6.5,Chennai Super Kings,PA Patel,SP Fleming,A Kumble,1,0,,,,,,"",""
ball,2,6.6,Chennai Super Kings,SP Fleming,PA Patel,A Kumble,1,0,,,,,,"",""
ball,2,7.1,Chennai Super Kings,SP Fleming,PA Patel,JH Kallis,1,0,,,,,,"",""
ball,2,7.2,Chennai Super Kings,PA Patel,SP Fleming,JH Kallis,1,0,,,,,,"",""
ball,2,7.3,Chennai Super Kings,SP Fleming,PA Patel,JH Kallis,1,0,,,,,,"",""
ball,2,7.4,Chennai Super Kings,PA Patel,SP Fleming,JH Kallis,0,0,,,,,,"",""
ball,2,7.5,Chennai Super Kings,PA Patel,SP Fleming,JH Kallis,0,0,,,,,,"",""
ball,2,7.6,Chennai Super Kings,PA Patel,SP Fleming,JH Kallis,0,0,,,,,,"",""
ball,2,8.1,Chennai Super Kings,SP Fleming,PA Patel,R Vinay Kumar,0,0,,,,,,"",""
ball,2,8.2,Chennai Super Kings,SP Fleming,PA Patel,R Vinay Kumar,1,0,,,,,,"",""
ball,2,8.3,Chennai Super Kings,PA Patel,SP Fleming,R Vinay Kumar,1,0,,,,,,"",""
ball,2,8.4,Chennai Super Kings,SP Fleming,PA Patel,R Vinay Kumar,0,0,,,,,,"",""
ball,2,8.5,Chennai Super Kings,SP Fleming,PA Patel,R Vinay Kumar,1,0,,,,,,"",""
ball,2,8.6,Chennai Super Kings,PA Patel,SP Fleming,R Vinay Kumar,1,0,,,,,,"",""
ball,2,9.1,Chennai Super Kings,PA Patel,SP Fleming,A Kumble,0,0,,,,,,caught and bowled,PA Patel
ball,2,9.2,Chennai Super Kings,MS Dhoni,SP Fleming,A Kumble,0,0,,,,,,"",""
ball,2,9.3,Chennai Super Kings,MS Dhoni,SP Fleming,A Kumble,0,0,,,,,,"",""
ball,2,9.4,Chennai Super Kings,MS Dhoni,SP Fleming,A Kumble,0,0,,,,,,"",""
ball,2,9.5,Chennai Super Kings,MS Dhoni,SP Fleming,A Kumble,1,0,,,,,,"",""
ball,2,9.6,Chennai Super Kings,SP Fleming,MS Dhoni,A Kumble,0,0,,,,,,"",""
ball,2,10.1,Chennai Super Kings,MS Dhoni,SP Fleming,R Vinay Kumar,1,0,,,,,,"",""
ball,2,10.2,Chennai Super Kings,SP Fleming,MS Dhoni,R Vinay Kumar,0,0,,,,,,"",""
ball,2,10.3,Chennai Super Kings,SP Fleming,MS Dhoni,R Vinay Kumar,1,0,,,,,,"",""
ball,2,10.4,Chennai Super Kings,MS Dhoni,SP Fleming,R Vinay Kumar,0,0,,,,,,"",""
ball,2,10.5,Chennai Super Kings,MS Dhoni,SP Fleming,R Vinay Kumar,2,0,,,,,,"",""
ball,2,10.6,Chennai Super Kings,MS Dhoni,SP Fleming,R Vinay Kumar,0,0,,,,,,caught,MS Dhoni
ball,2,11.1,Chennai Super Kings,SK Raina,SP Fleming,B Akhil,1,0,,,,,,"",""
ball,2,11.2,Chennai Super Kings,SP Fleming,SK Raina,B Akhil,1,0,,,,,,"",""
ball,2,11.3,Chennai Super Kings,SK Raina,SP Fleming,B Akhil,1,0,,,,,,"",""
ball,2,11.4,Chennai Super Kings,SP Fleming,SK Raina,B Akhil,0,0,,,,,,"",""
ball,2,11.5,Chennai Super Kings,SP Fleming,SK Raina,B Akhil,1,0,,,,,,"",""
ball,2,11.6,Chennai Super Kings,SK Raina,SP Fleming,B Akhil,0,0,,,,,,"",""
ball,2,12.1,Chennai Super Kings,SP Fleming,SK Raina,R Vinay Kumar,6,0,,,,,,"",""
ball,2,12.2,Chennai Super Kings,SP Fleming,SK Raina,R Vinay Kumar,0,0,,,,,,"",""
ball,2,12.3,Chennai Super Kings,SP Fleming,SK Raina,R Vinay Kumar,4,0,,,,,,"",""
ball,2,12.4,Chennai Super Kings,SP Fleming,SK Raina,R Vinay Kumar,1,0,,,,,,"",""
ball,2,12.5,Chennai Super Kings,SK Raina,SP Fleming,R Vinay Kumar,1,0,,,,,,"",""
ball,2,12.6,Chennai Super Kings,SP Fleming,SK Raina,R Vinay Kumar,0,1,,1,,,,"",""
ball,2,12.7,Chennai Super Kings,SP Fleming,SK Raina,R Vinay Kumar,2,0,,,,,,"",""
ball,2,13.1,Chennai Super Kings,SK Raina,SP Fleming,A Kumble,1,0,,,,,,"",""
ball,2,13.2,Chennai Super Kings,SP Fleming,SK Raina,A Kumble,0,0,,,,,,caught,SP Fleming
ball,2,13.3,Chennai Super Kings,S Badrinath,SK Raina,A Kumble,1,0,,,,,,"",""
ball,2,13.4,Chennai Super Kings,SK Raina,S Badrinath,A Kumble,0,1,,,,1,,"",""
ball,2,13.5,Chennai Super Kings,S Badrinath,SK Raina,A Kumble,0,0,,,,,,"",""
ball,2,13.6,Chennai Super Kings,S Badrinath,SK Raina,A Kumble,0,0,,,,,,lbw,S Badrinath
ball,2,14.1,Chennai Super Kings,SK Raina,JA Morkel,JH Kallis,1,0,,,,,,"",""
ball,2,14.2,Chennai Super Kings,JA Morkel,SK Raina,JH Kallis,0,0,,,,,,"",""
ball,2,14.3,Chennai Super Kings,JA Morkel,SK Raina,JH Kallis,0,0,,,,,,"",""
ball,2,14.4,Chennai Super Kings,JA Morkel,SK Raina,JH Kallis,1,0,,,,,,"",""
ball,2,14.5,Chennai Super Kings,SK Raina,JA Morkel,JH Kallis,2,0,,,,,,"",""
ball,2,14.6,Chennai Super Kings,SK Raina,JA Morkel,JH Kallis,1,0,,,,,,"",""
ball,2,15.1,Chennai Super Kings,SK Raina,JA Morkel,DW Steyn,1,0,,,,,,"",""
ball,2,15.2,Chennai Super Kings,JA Morkel,SK Raina,DW Steyn,0,0,,,,,,"",""
ball,2,15.3,Chennai Super Kings,JA Morkel,SK Raina,DW Steyn,0,0,,,,,,caught,JA Morkel
ball,2,15.4,Chennai Super Kings,S Vidyut,SK Raina,DW Steyn,0,0,,,,,,"",""
ball,2,15.5,Chennai Super Kings,S Vidyut,SK Raina,DW Steyn,0,0,,,,,,"",""
ball,2,15.6,Chennai Super Kings,S Vidyut,SK Raina,DW Steyn,0,0,,,,,,caught,S Vidyut
ball,2,16.1,Chennai Super Kings,SK Raina,MS Gony,JH Kallis,0,0,,,,,,"",""
ball,2,16.2,Chennai Super Kings,SK Raina,MS Gony,JH Kallis,4,0,,,,,,"",""
ball,2,16.3,Chennai Super Kings,SK Raina,MS Gony,JH Kallis,0,0,,,,,,"",""
ball,2,16.4,Chennai Super Kings,SK Raina,MS Gony,JH Kallis,1,0,,,,,,"",""
ball,2,16.5,Chennai Super Kings,MS Gony,SK Raina,JH Kallis,0,0,,,,,,"",""
ball,2,16.6,Chennai Super Kings,MS Gony,SK Raina,JH Kallis,0,0,,,,,,"",""
ball,2,17.1,Chennai Super Kings,SK Raina,MS Gony,P Kumar,4,0,,,,,,"",""
ball,2,17.2,Chennai Super Kings,SK Raina,MS Gony,P Kumar,1,0,,,,,,"",""
ball,2,17.3,Chennai Super Kings,MS Gony,SK Raina,P Kumar,0,1,1,,,,,"",""
ball,2,17.4,Chennai Super Kings,MS Gony,SK Raina,P Kumar,4,0,,,,,,"",""
ball,2,17.5,Chennai Super Kings,MS Gony,SK Raina,P Kumar,0,0,,,,,,caught,MS Gony
ball,2,17.6,Chennai Super Kings,L Balaji,SK Raina,P Kumar,0,0,,,,,,"",""
ball,2,17.7,Chennai Super Kings,L Balaji,SK Raina,P Kumar,0,1,,,,1,,"",""
ball,2,18.1,Chennai Super Kings,L Balaji,SK Raina,DW Steyn,0,0,,,,,,"",""
ball,2,18.2,Chennai Super Kings,L Balaji,SK Raina,DW Steyn,0,1,1,,,,,"",""
ball,2,18.3,Chennai Super Kings,L Balaji,SK Raina,DW Steyn,0,0,,,,,,run out,L Balaji
ball,2,18.4,Chennai Super Kings,SK Raina,M Ntini,DW Steyn,1,0,,,,,,"",""
ball,2,18.5,Chennai Super Kings,M Ntini,SK Raina,DW Steyn,0,0,,,,,,"",""
ball,2,18.6,Chennai Super Kings,M Ntini,SK Raina,DW Steyn,0,0,,,,,,"",""
ball,2,18.7,Chennai Super Kings,M Ntini,SK Raina,DW Steyn,0,0,,,,,,"",""
ball,2,19.1,Chennai Super Kings,SK Raina,M Ntini,P Kumar,0,0,,,,,,"",""
ball,2,19.2,Chennai Super Kings,SK Raina,M Ntini,P Kumar,0,0,,,,,,"",""
ball,2,19.3,Chennai Super Kings,SK Raina,M Ntini,P Kumar,1,0,,,,,,"",""
ball,2,19.4,Chennai Super Kings,M Ntini,SK Raina,P Kumar,0,0,,,,,,"",""
ball,2,19.5,Chennai Super Kings,M Ntini,SK Raina,P Kumar,0,0,,,,,,"",""
ball,2,19.6,Chennai Super Kings,M Ntini,SK Raina,P Kumar,0,0,,,,,,"",""
