version,1.6.0
info,balls_per_over,6
info,team,Mumbai Indians
info,team,Chennai Super Kings
info,gender,male
info,season,2007/08
info,date,2008/05/14
info,event,Indian Premier League
info,match_number,36
info,venue,Wankhede Stadium
info,city,Mumbai
info,toss_winner,Mumbai Indians
info,toss_decision,field
info,player_of_match,ST Jayasuriya
info,umpire,BR Doctrove
info,umpire,AM Saheba
info,reserve_umpire,RM Deshpande
info,tv_umpire,RE Koertzen
info,match_referee,J Srinath
info,winner,Mumbai Indians
info,winner_wickets,9
info,player,Chennai Super Kings,S Vidyut
info,player,Chennai Super Kings,SP Fleming
info,player,Chennai Super Kings,SK Raina
info,player,Chennai Super Kings,S Badrinath
info,player,Chennai Super Kings,CK Kapugedera
info,player,Chennai Super Kings,MS Dhoni
info,player,Chennai Super Kings,JA Morkel
info,player,Chennai Super Kings,Joginder Sharma
info,player,Chennai Super Kings,MS Gony
info,player,Chennai Super Kings,L Balaji
info,player,Chennai Super Kings,M Muralitharan
info,player,Mumbai Indians,ST Jayasuriya
info,player,Mumbai Indians,SR Tendulkar
info,player,Mumbai Indians,RV Uthappa
info,player,Mumbai Indians,DJ Thornely
info,player,Mumbai Indians,DJ Bravo
info,player,Mumbai Indians,AM Nayar
info,player,Mumbai Indians,SM Pollock
info,player,Mumbai Indians,YV Takawale
info,player,Mumbai Indians,RR Raje
info,player,Mumbai Indians,A Nehra
info,player,Mumbai Indians,DS Kulkarni
info,registry,people,A Nehra,96fd40ae
info,registry,people,AM Nayar,a45a5e8d
info,registry,people,AM Saheba,883e3818
info,registry,people,BR Doctrove,cbebf805
info,registry,people,CK Kapugedera,cfad138c
info,registry,people,DJ Bravo,87e562a9
info,registry,people,DJ Thornely,7d3937ed
info,registry,people,DS Kulkarni,d2a989fc
info,registry,people,J Srinath,bad31fac
info,registry,people,JA Morkel,c3d35165
info,registry,people,Joginder Sharma,9f961c14
info,registry,people,L Balaji,b2b50355
info,registry,people,M Muralitharan,4ba44e19
info,registry,people,MS Dhoni,4a8a2e3b
info,registry,people,MS Gony,ae78bc32
info,registry,people,RE Koertzen,0265fab2
info,registry,people,RM Deshpande,7d2a4250
info,registry,people,RR Raje,5f4e9e8f
info,registry,people,RV Uthappa,1c17e270
info,registry,people,S Badrinath,3576e47e
info,registry,people,S Vidyut,756389bd
info,registry,people,SK Raina,1dc12ab9
info,registry,people,SM Pollock,88fccd6c
info,registry,people,SP Fleming,eea6b7f1
info,registry,people,SR Tendulkar,d2c2b2d5
info,registry,people,ST Jayasuriya,f233bbb4
info,registry,people,YV Takawale,4e04666c
ball,1,0.1,Chennai Super Kings,S Vidyut,SP Fleming,SM Pollock,0,0,,,,,,"",""
ball,1,0.2,Chennai Super Kings,S Vidyut,SP Fleming,SM Pollock,1,0,,,,,,"",""
ball,1,0.3,Chennai Super Kings,SP Fleming,S Vidyut,SM Pollock,0,0,,,,,,"",""
ball,1,0.4,Chennai Super Kings,SP Fleming,S Vidyut,SM Pollock,0,0,,,,,,"",""
ball,1,0.5,Chennai Super Kings,SP Fleming,S Vidyut,SM Pollock,0,0,,,,,,"",""
ball,1,0.6,Chennai Super Kings,SP Fleming,S Vidyut,SM Pollock,0,0,,,,,,"",""
ball,1,1.1,Chennai Super Kings,S Vidyut,SP Fleming,A Nehra,4,0,,,,,,"",""
ball,1,1.2,Chennai Super Kings,S Vidyut,SP Fleming,A Nehra,0,0,,,,,,"",""
ball,1,1.3,Chennai Super Kings,S Vidyut,SP Fleming,A Nehra,0,0,,,,,,"",""
ball,1,1.4,Chennai Super Kings,S Vidyut,SP Fleming,A Nehra,4,0,,,,,,"",""
ball,1,1.5,Chennai Super Kings,S Vidyut,SP Fleming,A Nehra,0,0,,,,,,"",""
ball,1,1.6,Chennai Super Kings,S Vidyut,SP Fleming,A Nehra,4,0,,,,,,"",""
ball,1,2.1,Chennai Super Kings,SP Fleming,S Vidyut,SM Pollock,1,0,,,,,,"",""
ball,1,2.2,Chennai Super Kings,S Vidyut,SP Fleming,SM Pollock,1,0,,,,,,"",""
ball,1,2.3,Chennai Super Kings,SP Fleming,S Vidyut,SM Pollock,1,0,,,,,,"",""
ball,1,2.4,Chennai Super Kings,S Vidyut,SP Fleming,SM Pollock,2,0,,,,,,"",""
ball,1,2.5,Chennai Super Kings,S Vidyut,SP Fleming,SM Pollock,0,0,,,,,,caught,S Vidyut
ball,1,2.6,Chennai Super Kings,SP Fleming,SK Raina,SM Pollock,0,0,,,,,,"",""
ball,1,3.1,Chennai Super Kings,SK Raina,SP Fleming,A Nehra,0,0,,,,,,"",""
ball,1,3.2,Chennai Super Kings,SK Raina,SP Fleming,A Nehra,1,0,,,,,,"",""
ball,1,3.3,Chennai Super Kings,SP Fleming,SK Raina,A Nehra,0,0,,,,,,"",""
ball,1,3.4,Chennai Super Kings,SP Fleming,SK Raina,A Nehra,1,0,,,,,,"",""
ball,1,3.5,Chennai Super Kings,SK Raina,SP Fleming,A Nehra,0,0,,,,,,"",""
ball,1,3.6,Chennai Super Kings,SK Raina,SP Fleming,A Nehra,0,0,,,,,,"",""
ball,1,4.1,Chennai Super Kings,SP Fleming,SK Raina,SM Pollock,0,0,,,,,,"",""
ball,1,4.2,Chennai Super Kings,SP Fleming,SK Raina,SM Pollock,0,0,,,,,,"",""
ball,1,4.3,Chennai Super Kings,SP Fleming,SK Raina,SM Pollock,2,0,,,,,,"",""
ball,1,4.4,Chennai Super Kings,SP Fleming,SK Raina,SM Pollock,0,0,,,,,,"",""
ball,1,4.5,Chennai Super Kings,SP Fleming,SK Raina,SM Pollock,1,0,,,,,,"",""
ball,1,4.6,Chennai Super Kings,SK Raina,SP Fleming,SM Pollock,0,0,,,,,,"",""
ball,1,5.1,Chennai Super Kings,SP Fleming,SK Raina,DJ Bravo,4,0,,,,,,"",""
ball,1,5.2,Chennai Super Kings,SP Fleming,SK Raina,DJ Bravo,0,0,,,,,,"",""
ball,1,5.3,Chennai Super Kings,SP Fleming,SK Raina,DJ Bravo,0,0,,,,,,"",""
ball,1,5.4,Chennai Super Kings,SP Fleming,SK Raina,DJ Bravo,1,0,,,,,,"",""
ball,1,5.5,Chennai Super Kings,SK Raina,SP Fleming,DJ Bravo,0,0,,,,,,caught,SK Raina
ball,1,5.6,Chennai Super Kings,S Badrinath,SP Fleming,DJ Bravo,0,0,,,,,,"",""
ball,1,6.1,Chennai Super Kings,SP Fleming,S Badrinath,DS Kulkarni,0,0,,,,,,"",""
ball,1,6.2,Chennai Super Kings,SP Fleming,S Badrinath,DS Kulkarni,2,0,,,,,,"",""
ball,1,6.3,Chennai Super Kings,SP Fleming,S Badrinath,DS Kulkarni,0,0,,,,,,"",""
ball,1,6.4,Chennai Super Kings,SP Fleming,S Badrinath,DS Kulkarni,1,0,,,,,,"",""
ball,1,6.5,Chennai Super Kings,S Badrinath,SP Fleming,DS Kulkarni,1,0,,,,,,"",""
ball,1,6.6,Chennai Super Kings,SP Fleming,S Badrinath,DS Kulkarni,4,0,,,,,,"",""
ball,1,7.1,Chennai Super Kings,S Badrinath,SP Fleming,DJ Bravo,0,0,,,,,,"",""
ball,1,7.2,Chennai Super Kings,S Badrinath,SP Fleming,DJ Bravo,0,0,,,,,,"",""
ball,1,7.3,Chennai Super Kings,S Badrinath,SP Fleming,DJ Bravo,1,0,,,,,,"",""
ball,1,7.4,Chennai Super Kings,SP Fleming,S Badrinath,DJ Bravo,0,0,,,,,,"",""
ball,1,7.5,Chennai Super Kings,SP Fleming,S Badrinath,DJ Bravo,4,0,,,,,,"",""
ball,1,7.6,Chennai Super Kings,SP Fleming,S Badrinath,DJ Bravo,0,1,,,,1,,"",""
ball,1,8.1,Chennai Super Kings,SP Fleming,S Badrinath,DS Kulkarni,0,0,,,,,,"",""
ball,1,8.2,Chennai Super Kings,SP Fleming,S Badrinath,DS Kulkarni,4,0,,,,,,"",""
ball,1,8.3,Chennai Super Kings,SP Fleming,S Badrinath,DS Kulkarni,0,0,,,,,,bowled,SP Fleming
ball,1,8.4,Chennai Super Kings,CK Kapugedera,S Badrinath,DS Kulkarni,0,0,,,,,,"",""
ball,1,8.5,Chennai Super Kings,CK Kapugedera,S Badrinath,DS Kulkarni,0,0,,,,,,caught,CK Kapugedera
ball,1,8.6,Chennai Super Kings,MS Dhoni,S Badrinath,DS Kulkarni,0,0,,,,,,"",""
ball,1,9.1,Chennai Super Kings,S Badrinath,MS Dhoni,RR Raje,0,0,,,,,,"",""
ball,1,9.2,Chennai Super Kings,S Badrinath,MS Dhoni,RR Raje,0,0,,,,,,"",""
ball,1,9.3,Chennai Super Kings,S Badrinath,MS Dhoni,RR Raje,4,0,,,,,,"",""
ball,1,9.4,Chennai Super Kings,S Badrinath,MS Dhoni,RR Raje,1,0,,,,,,"",""
ball,1,9.5,Chennai Super Kings,MS Dhoni,S Badrinath,RR Raje,0,1,1,,,,,"",""
ball,1,9.6,Chennai Super Kings,MS Dhoni,S Badrinath,RR Raje,0,1,,,,1,,"",""
ball,1,9.7,Chennai Super Kings,S Badrinath,MS Dhoni,RR Raje,4,0,,,,,,"",""
ball,1,10.1,Chennai Super Kings,MS Dhoni,S Badrinath,SM Pollock,0,0,,,,,,"",""
ball,1,10.2,Chennai Super Kings,MS Dhoni,S Badrinath,SM Pollock,0,0,,,,,,"",""
ball,1,10.3,Chennai Super Kings,MS Dhoni,S Badrinath,SM Pollock,0,0,,,,,,"",""
ball,1,10.4,Chennai Super Kings,MS Dhoni,S Badrinath,SM Pollock,0,0,,,,,,"",""
ball,1,10.5,Chennai Super Kings,MS Dhoni,S Badrinath,SM Pollock,0,0,,,,,,"",""
ball,1,10.6,Chennai Super Kings,MS Dhoni,S Badrinath,SM Pollock,0,0,,,,,,"",""
ball,1,11.1,Chennai Super Kings,S Badrinath,MS Dhoni,RR Raje,1,0,,,,,,"",""
ball,1,11.2,Chennai Super Kings,MS Dhoni,S Badrinath,RR Raje,1,0,,,,,,"",""
ball,1,11.3,Chennai Super Kings,S Badrinath,MS Dhoni,RR Raje,1,0,,,,,,"",""
ball,1,11.4,Chennai Super Kings,MS Dhoni,S Badrinath,RR Raje,4,0,,,,,,"",""
ball,1,11.5,Chennai Super Kings,MS Dhoni,S Badrinath,RR Raje,2,0,,,,,,"",""
ball,1,11.6,Chennai Super Kings,MS Dhoni,S Badrinath,RR Raje,0,0,,,,,,"",""
ball,1,12.1,Chennai Super Kings,S Badrinath,MS Dhoni,A Nehra,0,0,,,,,,"",""
ball,1,12.2,Chennai Super Kings,S Badrinath,MS Dhoni,A Nehra,0,1,1,,,,,"",""
ball,1,12.3,Chennai Super Kings,S Badrinath,MS Dhoni,A Nehra,0,0,,,,,,"",""
ball,1,12.4,Chennai Super Kings,S Badrinath,MS Dhoni,A Nehra,1,0,,,,,,"",""
ball,1,12.5,Chennai Super Kings,MS Dhoni,S Badrinath,A Nehra,4,0,,,,,,"",""
ball,1,12.6,Chennai Super Kings,MS Dhoni,S Badrinath,A Nehra,1,0,,,,,,"",""
ball,1,12.7,Chennai Super Kings,S Badrinath,MS Dhoni,A Nehra,0,0,,,,,,"",""
ball,1,13.1,Chennai Super Kings,MS Dhoni,S Badrinath,DJ Thornely,0,1,1,,,,,"",""
ball,1,13.2,Chennai Super Kings,MS Dhoni,S Badrinath,DJ Thornely,0,0,,,,,,"",""
ball,1,13.3,Chennai Super Kings,MS Dhoni,S Badrinath,DJ Thornely,4,0,,,,,,"",""
ball,1,13.4,Chennai Super Kings,MS Dhoni,S Badrinath,DJ Thornely,0,0,,,,,,"",""
ball,1,13.5,Chennai Super Kings,MS Dhoni,S Badrinath,DJ Thornely,4,0,,,,,,"",""
ball,1,13.6,Chennai Super Kings,MS Dhoni,S Badrinath,DJ Thornely,0,0,,,,,,"",""
ball,1,13.7,Chennai Super Kings,MS Dhoni,S Badrinath,DJ Thornely,1,0,,,,,,"",""
ball,1,14.1,Chennai Super Kings,MS Dhoni,S Badrinath,DS Kulkarni,0,0,,,,,,"",""
ball,1,14.2,Chennai Super Kings,MS Dhoni,S Badrinath,DS Kulkarni,1,0,,,,,,"",""
ball,1,14.3,Chennai Super Kings,S Badrinath,MS Dhoni,DS Kulkarni,0,0,,,,,,"",""
ball,1,14.4,Chennai Super Kings,S Badrinath,MS Dhoni,DS Kulkarni,0,0,,,,,,"",""
ball,1,14.5,Chennai Super Kings,S Badrinath,MS Dhoni,DS Kulkarni,0,1,1,,,,,"",""
ball,1,14.6,Chennai Super Kings,S Badrinath,MS Dhoni,DS Kulkarni,0,0,,,,,,"",""
ball,1,14.7,Chennai Super Kings,S Badrinath,MS Dhoni,DS Kulkarni,4,0,,,,,,"",""
ball,1,15.1,Chennai Super Kings,MS Dhoni,S Badrinath,DJ Bravo,1,0,,,,,,"",""
ball,1,15.2,Chennai Super Kings,S Badrinath,MS Dhoni,DJ Bravo,4,0,,,,,,"",""
ball,1,15.3,Chennai Super Kings,S Badrinath,MS Dhoni,DJ Bravo,2,0,,,,,,"",""
ball,1,15.4,Chennai Super Kings,S Badrinath,MS Dhoni,DJ Bravo,1,0,,,,,,"",""
ball,1,15.5,Chennai Super Kings,MS Dhoni,S Badrinath,DJ Bravo,1,0,,,,,,"",""
ball,1,15.6,Chennai Super Kings,S Badrinath,MS Dhoni,DJ Bravo,4,0,,,,,,"",""
ball,1,16.1,Chennai Super Kings,MS Dhoni,S Badrinath,A Nehra,1,0,,,,,,"",""
ball,1,16.2,Chennai Super Kings,S Badrinath,MS Dhoni,A Nehra,1,0,,,,,,"",""
ball,1,16.3,Chennai Super Kings,MS Dhoni,S Badrinath,A Nehra,4,0,,,,,,"",""
ball,1,16.4,Chennai Super Kings,MS Dhoni,S Badrinath,A Nehra,0,0,,,,,,"",""
ball,1,16.5,Chennai Super Kings,MS Dhoni,S Badrinath,A Nehra,0,1,,,,1,,"",""
ball,1,16.6,Chennai Super Kings,S Badrinath,MS Dhoni,A Nehra,4,0,,,,,,"",""
ball,1,17.1,Chennai Super Kings,MS Dhoni,S Badrinath,RR Raje,1,0,,,,,,"",""
ball,1,17.2,Chennai Super Kings,S Badrinath,MS Dhoni,RR Raje,1,0,,,,,,"",""
ball,1,17.3,Chennai Super Kings,MS Dhoni,S Badrinath,RR Raje,1,0,,,,,,"",""
ball,1,17.4,Chennai Super Kings,S Badrinath,MS Dhoni,RR Raje,6,0,,,,,,"",""
ball,1,17.5,Chennai Super Kings,S Badrinath,MS Dhoni,RR Raje,4,0,,,,,,"",""
ball,1,17.6,Chennai Super Kings,S Badrinath,MS Dhoni,RR Raje,1,0,,,,,,"",""
ball,1,18.1,Chennai Super Kings,S Badrinath,MS Dhoni,DJ Bravo,1,0,,,,,,"",""
ball,1,18.2,Chennai Super Kings,MS Dhoni,S Badrinath,DJ Bravo,6,0,,,,,,"",""
ball,1,18.3,Chennai Super Kings,MS Dhoni,S Badrinath,DJ Bravo,0,0,,,,,,"",""
ball,1,18.4,Chennai Super Kings,MS Dhoni,S Badrinath,DJ Bravo,1,0,,,,,,"",""
ball,1,18.5,Chennai Super Kings,S Badrinath,MS Dhoni,DJ Bravo,6,0,,,,,,"",""
ball,1,18.6,Chennai Super Kings,S Badrinath,MS Dhoni,DJ Bravo,0,0,,,,,,caught and bowled,S Badrinath
ball,1,19.1,Chennai Super Kings,JA Morkel,MS Dhoni,DS Kulkarni,0,1,1,,,,,"",""
ball,1,19.2,Chennai Super Kings,JA Morkel,MS Dhoni,DS Kulkarni,0,3,3,,,,,"",""
ball,1,19.3,Chennai Super Kings,JA Morkel,MS Dhoni,DS Kulkarni,0,1,1,,,,,"",""
ball,1,19.4,Chennai Super Kings,JA Morkel,MS Dhoni,DS Kulkarni,0,0,,,,,,"",""
ball,1,19.5,Chennai Super Kings,JA Morkel,MS Dhoni,DS Kulkarni,1,0,,,,,,"",""
ball,1,19.6,Chennai Super Kings,MS Dhoni,JA Morkel,DS Kulkarni,4,0,,,,,,"",""
ball,1,19.7,Chennai Super Kings,MS Dhoni,JA Morkel,DS Kulkarni,1,0,,,,,,"",""
ball,1,19.8,Chennai Super Kings,JA Morkel,MS Dhoni,DS Kulkarni,4,0,,,,,,"",""
ball,1,19.9,Chennai Super Kings,JA Morkel,MS Dhoni,DS Kulkarni,0,0,,,,,,caught,JA Morkel
ball,2,0.1,Mumbai Indians,ST Jayasuriya,SR Tendulkar,MS Gony,0,0,,,,,,"",""
ball,2,0.2,Mumbai Indians,ST Jayasuriya,SR Tendulkar,MS Gony,0,0,,,,,,"",""
ball,2,0.3,Mumbai Indians,ST Jayasuriya,SR Tendulkar,MS Gony,3,0,,,,,,"",""
ball,2,0.4,Mumbai Indians,SR Tendulkar,ST Jayasuriya,MS Gony,0,0,,,,,,"",""
ball,2,0.5,Mumbai Indians,SR Tendulkar,ST Jayasuriya,MS Gony,0,0,,,,,,"",""
ball,2,0.6,Mumbai Indians,SR Tendulkar,ST Jayasuriya,MS Gony,4,0,,,,,,"",""
ball,2,1.1,Mumbai Indians,ST Jayasuriya,SR Tendulkar,JA Morkel,0,1,1,,,,,"",""
ball,2,1.2,Mumbai Indians,ST Jayasuriya,SR Tendulkar,JA Morkel,4,0,,,,,,"",""
ball,2,1.3,Mumbai Indians,ST Jayasuriya,SR Tendulkar,JA Morkel,0,0,,,,,,"",""
ball,2,1.4,Mumbai Indians,ST Jayasuriya,SR Tendulkar,JA Morkel,0,0,,,,,,"",""
ball,2,1.5,Mumbai Indians,ST Jayasuriya,SR Tendulkar,JA Morkel,6,0,,,,,,"",""
ball,2,1.6,Mumbai Indians,ST Jayasuriya,SR Tendulkar,JA Morkel,0,0,,,,,,"",""
ball,2,1.7,Mumbai Indians,ST Jayasuriya,SR Tendulkar,JA Morkel,0,1,,,,1,,"",""
ball,2,2.1,Mumbai Indians,ST Jayasuriya,SR Tendulkar,MS Gony,0,0,,,,,,"",""
ball,2,2.2,Mumbai Indians,ST Jayasuriya,SR Tendulkar,MS Gony,0,0,,,,,,"",""
ball,2,2.3,Mumbai Indians,ST Jayasuriya,SR Tendulkar,MS Gony,1,0,,,,,,"",""
ball,2,2.4,Mumbai Indians,SR Tendulkar,ST Jayasuriya,MS Gony,0,0,,,,,,"",""
ball,2,2.5,Mumbai Indians,SR Tendulkar,ST Jayasuriya,MS Gony,1,0,,,,,,"",""
ball,2,2.6,Mumbai Indians,ST Jayasuriya,SR Tendulkar,MS Gony,0,1,1,,,,,"",""
ball,2,2.7,Mumbai Indians,ST Jayasuriya,SR Tendulkar,MS Gony,0,1,1,,,,,"",""
ball,2,2.8,Mumbai Indians,ST Jayasuriya,SR Tendulkar,MS Gony,0,0,,,,,,"",""
ball,2,3.1,Mumbai Indians,SR Tendulkar,ST Jayasuriya,JA Morkel,6,0,,,,,,"",""
ball,2,3.2,Mumbai Indians,SR Tendulkar,ST Jayasuriya,JA Morkel,0,1,,,,1,,"",""
ball,2,3.3,Mumbai Indians,ST Jayasuriya,SR Tendulkar,JA Morkel,0,0,,,,,,"",""
ball,2,3.4,Mumbai Indians,ST Jayasuriya,SR Tendulkar,JA Morkel,6,0,,,,,,"",""
ball,2,3.5,Mumbai Indians,ST Jayasuriya,SR Tendulkar,JA Morkel,0,1,,,,1,,"",""
ball,2,3.6,Mumbai Indians,SR Tendulkar,ST Jayasuriya,JA Morkel,0,0,,,,,,"",""
ball,2,4.1,Mumbai Indians,ST Jayasuriya,SR Tendulkar,MS Gony,0,0,,,,,,"",""
ball,2,4.2,Mumbai Indians,ST Jayasuriya,SR Tendulkar,MS Gony,6,0,,,,,,"",""
ball,2,4.3,Mumbai Indians,ST Jayasuriya,SR Tendulkar,MS Gony,0,0,,,,,,"",""
ball,2,4.4,Mumbai Indians,ST Jayasuriya,SR Tendulkar,MS Gony,6,0,,,,,,"",""
ball,2,4.5,Mumbai Indians,ST Jayasuriya,SR Tendulkar,MS Gony,0,1,1,,,,,"",""
ball,2,4.6,Mumbai Indians,ST Jayasuriya,SR Tendulkar,MS Gony,6,0,,,,,,"",""
ball,2,4.7,Mumbai Indians,ST Jayasuriya,SR Tendulkar,MS Gony,1,0,,,,,,"",""
ball,2,5.1,Mumbai Indians,ST Jayasuriya,SR Tendulkar,JA Morkel,6,0,,,,,,"",""
ball,2,5.2,Mumbai Indians,ST Jayasuriya,SR Tendulkar,JA Morkel,4,0,,,,,,"",""
ball,2,5.3,Mumbai Indians,ST Jayasuriya,SR Tendulkar,JA Morkel,4,0,,,,,,"",""
ball,2,5.4,Mumbai Indians,ST Jayasuriya,SR Tendulkar,JA Morkel,0,1,1,,,,,"",""
ball,2,5.5,Mumbai Indians,ST Jayasuriya,SR Tendulkar,JA Morkel,0,0,,,,,,"",""
ball,2,5.6,Mumbai Indians,ST Jayasuriya,SR Tendulkar,JA Morkel,6,0,,,,,,"",""
ball,2,5.7,Mumbai Indians,ST Jayasuriya,SR Tendulkar,JA Morkel,0,0,,,,,,"",""
ball,2,6.1,Mumbai Indians,SR Tendulkar,ST Jayasuriya,L Balaji,0,0,,,,,,"",""
ball,2,6.2,Mumbai Indians,SR Tendulkar,ST Jayasuriya,L Balaji,0,1,1,,,,,"",""
ball,2,6.3,Mumbai Indians,SR Tendulkar,ST Jayasuriya,L Balaji,0,1,1,,,,,"",""
ball,2,6.4,Mumbai Indians,SR Tendulkar,ST Jayasuriya,L Balaji,0,0,,,,,,"",""
ball,2,6.5,Mumbai Indians,SR Tendulkar,ST Jayasuriya,L Balaji,0,0,,,,,,"",""
ball,2,6.6,Mumbai Indians,SR Tendulkar,ST Jayasuriya,L Balaji,0,0,,,,,,"",""
ball,2,6.7,Mumbai Indians,SR Tendulkar,ST Jayasuriya,L Balaji,0,0,,,,,,"",""
ball,2,6.8,Mumbai Indians,SR Tendulkar,ST Jayasuriya,L Balaji,1,0,,,,,,"",""
ball,2,7.1,Mumbai Indians,SR Tendulkar,ST Jayasuriya,Joginder Sharma,0,0,,,,,,"",""
ball,2,7.2,Mumbai Indians,SR Tendulkar,ST Jayasuriya,Joginder Sharma,0,1,1,,,,,"",""
ball,2,7.3,Mumbai Indians,SR Tendulkar,ST Jayasuriya,Joginder Sharma,0,0,,,,,,bowled,SR Tendulkar
ball,2,7.4,Mumbai Indians,RV Uthappa,ST Jayasuriya,Joginder Sharma,0,0,,,,,,"",""
ball,2,7.5,Mumbai Indians,RV Uthappa,ST Jayasuriya,Joginder Sharma,2,0,,,,,,"",""
ball,2,7.6,Mumbai Indians,RV Uthappa,ST Jayasuriya,Joginder Sharma,0,0,,,,,,"",""
ball,2,7.7,Mumbai Indians,RV Uthappa,ST Jayasuriya,Joginder Sharma,0,0,,,,,,"",""
ball,2,8.1,Mumbai Indians,ST Jayasuriya,RV Uthappa,L Balaji,4,0,,,,,,"",""
ball,2,8.2,Mumbai Indians,ST Jayasuriya,RV Uthappa,L Balaji,1,0,,,,,,"",""
ball,2,8.3,Mumbai Indians,RV Uthappa,ST Jayasuriya,L Balaji,0,0,,,,,,"",""
ball,2,8.4,Mumbai Indians,RV Uthappa,ST Jayasuriya,L Balaji,0,1,1,,,,,"",""
ball,2,8.5,Mumbai Indians,RV Uthappa,ST Jayasuriya,L Balaji,0,0,,,,,,"",""
ball,2,8.6,Mumbai Indians,RV Uthappa,ST Jayasuriya,L Balaji,0,0,,,,,,"",""
ball,2,8.7,Mumbai Indians,RV Uthappa,ST Jayasuriya,L Balaji,0,0,,,,,,"",""
ball,2,9.1,Mumbai Indians,ST Jayasuriya,RV Uthappa,Joginder Sharma,0,1,,,,1,,"",""
ball,2,9.2,Mumbai Indians,RV Uthappa,ST Jayasuriya,Joginder Sharma,4,0,,,,,,"",""
ball,2,9.3,Mumbai Indians,RV Uthappa,ST Jayasuriya,Joginder Sharma,0,0,,,,,,"",""
ball,2,9.4,Mumbai Indians,RV Uthappa,ST Jayasuriya,Joginder Sharma,0,2,2,,,,,"",""
ball,2,9.5,Mumbai Indians,ST Jayasuriya,RV Uthappa,Joginder Sharma,4,0,,,,,,"",""
ball,2,9.6,Mumbai Indians,ST Jayasuriya,RV Uthappa,Joginder Sharma,6,0,,,,,,"",""
ball,2,9.7,Mumbai Indians,ST Jayasuriya,RV Uthappa,Joginder Sharma,0,0,,,,,,"",""
ball,2,10.1,Mumbai Indians,RV Uthappa,ST Jayasuriya,M Muralitharan,0,1,1,,,,,"",""
ball,2,10.2,Mumbai Indians,RV Uthappa,ST Jayasuriya,M Muralitharan,0,0,,,,,,"",""
ball,2,10.3,Mumbai Indians,RV Uthappa,ST Jayasuriya,M Muralitharan,1,0,,,,,,"",""
ball,2,10.4,Mumbai Indians,ST Jayasuriya,RV Uthappa,M Muralitharan,0,0,,,,,,"",""
ball,2,10.5,Mumbai Indians,ST Jayasuriya,RV Uthappa,M Muralitharan,4,0,,,,,,"",""
ball,2,10.6,Mumbai Indians,ST Jayasuriya,RV Uthappa,M Muralitharan,0,0,,,,,,"",""
ball,2,10.7,Mumbai Indians,ST Jayasuriya,RV Uthappa,M Muralitharan,2,0,,,,,,"",""
ball,2,11.1,Mumbai Indians,RV Uthappa,ST Jayasuriya,Joginder Sharma,1,0,,,,,,"",""
ball,2,11.2,Mumbai Indians,ST Jayasuriya,RV Uthappa,Joginder Sharma,1,0,,,,,,"",""
ball,2,11.3,Mumbai Indians,RV Uthappa,ST Jayasuriya,Joginder Sharma,0,0,,,,,,"",""
ball,2,11.4,Mumbai Indians,RV Uthappa,ST Jayasuriya,Joginder Sharma,1,0,,,,,,"",""
ball,2,11.5,Mumbai Indians,ST Jayasuriya,RV Uthappa,Joginder Sharma,1,0,,,,,,"",""
ball,2,11.6,Mumbai Indians,RV Uthappa,ST Jayasuriya,Joginder Sharma,1,0,,,,,,"",""
ball,2,12.1,Mumbai Indians,RV Uthappa,ST Jayasuriya,M Muralitharan,4,0,,,,,,"",""
ball,2,12.2,Mumbai Indians,RV Uthappa,ST Jayasuriya,M Muralitharan,1,0,,,,,,"",""
ball,2,12.3,Mumbai Indians,ST Jayasuriya,RV Uthappa,M Muralitharan,1,0,,,,,,"",""
ball,2,12.4,Mumbai Indians,RV Uthappa,ST Jayasuriya,M Muralitharan,1,0,,,,,,"",""
ball,2,12.5,Mumbai Indians,ST Jayasuriya,RV Uthappa,M Muralitharan,4,0,,,,,,"",""
ball,2,12.6,Mumbai Indians,ST Jayasuriya,RV Uthappa,M Muralitharan,1,0,,,,,,"",""
ball,2,13.1,Mumbai Indians,ST Jayasuriya,RV Uthappa,CK Kapugedera,6,0,,,,,,"",""
ball,2,13.2,Mumbai Indians,ST Jayasuriya,RV Uthappa,CK Kapugedera,6,0,,,,,,"",""
ball,2,13.3,Mumbai Indians,ST Jayasuriya,RV Uthappa,CK Kapugedera,6,0,,,,,,"",""
ball,2,13.4,Mumbai Indians,ST Jayasuriya,RV Uthappa,CK Kapugedera,4,0,,,,,,"",""
ball,2,13.5,Mumbai Indians,ST Jayasuriya,RV Uthappa,CK Kapugedera,4,0,,,,,,"",""
