version,1.6.0
info,balls_per_over,6
info,team,Rajasthan Royals
info,team,Kolkata Knight Riders
info,gender,male
info,season,2007/08
info,date,2008/05/01
info,event,Indian Premier League
info,match_number,18
info,venue,Sawai Mansingh Stadium
info,city,Jaipur
info,toss_winner,Rajasthan Royals
info,toss_decision,bat
info,player_of_match,SA Asnodkar
info,umpire,RE Koertzen
info,umpire,GA Pratapkumar
info,reserve_umpire,MSS Ranawat
info,tv_umpire,Asad Rauf
info,match_referee,FM Engineer
info,winner,Rajasthan Royals
info,winner_runs,45
info,player,Kolkata Knight Riders,Salman Butt
info,player,Kolkata Knight Riders,SC Ganguly
info,player,Kolkata Knight Riders,AB Agarkar
info,player,Kolkata Knight Riders,BJ Hodge
info,player,Kolkata Knight Riders,DJ Hussey
info,player,Kolkata Knight Riders,LR Shukla
info,player,Kolkata Knight Riders,DB Das
info,player,Kolkata Knight Riders,WP Saha
info,player,Kolkata Knight Riders,Umar Gul
info,player,Kolkata Knight Riders,I Sharma
info,player,Kolkata Knight Riders,AB Dinda
info,player,Rajasthan Royals,GC Smith
info,player,Rajasthan Royals,SA Asnodkar
info,player,Rajasthan Royals,M Kaif
info,player,Rajasthan Royals,YK Pathan
info,player,Rajasthan Royals,SR Watson
info,player,Rajasthan Royals,RA Jadeja
info,player,Rajasthan Royals,SK Warne
info,player,Rajasthan Royals,Sohail Tanvir
info,player,Rajasthan Royals,M Rawat
info,player,Rajasthan Royals,SK Trivedi
info,player,Rajasthan Royals,MM Patel
info,registry,people,AB Agarkar,fa463154
info,registry,people,AB Dinda,66b30f71
info,registry,people,Asad Rauf,861606b7
info,registry,people,BJ Hodge,b57f8a9a
info,registry,people,DB Das,7050a1e7
info,registry,people,DJ Hussey,fd835ab3
info,registry,people,FM Engineer,6529ee42
info,registry,people,GA Pratapkumar,cf7c5778
info,registry,people,GC Smith,72861603
info,registry,people,I Sharma,5bb1a1c4
info,registry,people,LR Shukla,b1451597
info,registry,people,M Kaif,d84378a4
info,registry,people,M Rawat,de8d3876
info,registry,people,MM Patel,f0f628c7
info,registry,people,MSS Ranawat,8048c698
info,registry,people,RA Jadeja,fe93fd9d
info,registry,people,RE Koertzen,0265fab2
info,registry,people,SA Asnodkar,ae091d39
info,registry,people,SC Ganguly,725529bc
info,registry,people,SK Trivedi,3d7e087f
info,registry,people,SK Warne,bb18be76
info,registry,people,SR Watson,4329fbb5
info,registry,people,Salman Butt,4d6d6280
info,registry,people,Sohail Tanvir,64d43928
info,registry,people,T Kohli,40caa465
info,registry,people,Umar Gul,16dfcc19
info,registry,people,WP Saha,fe11caa6
info,registry,people,YK Pathan,3c6ffae8
ball,1,0.1,Rajasthan Royals,GC Smith,SA Asnodkar,AB Dinda,0,0,,,,,,"",""
ball,1,0.2,Rajasthan Royals,GC Smith,SA Asnodkar,AB Dinda,0,0,,,,,,"",""
ball,1,0.3,Rajasthan Royals,GC Smith,SA Asnodkar,AB Dinda,1,0,,,,,,"",""
ball,1,0.4,Rajasthan Royals,SA Asnodkar,GC Smith,AB Dinda,4,0,,,,,,"",""
ball,1,0.5,Rajasthan Royals,SA Asnodkar,GC Smith,AB Dinda,0,0,,,,,,"",""
ball,1,0.6,Rajasthan Royals,SA Asnodkar,GC Smith,AB Dinda,0,0,,,,,,"",""
ball,1,1.1,Rajasthan Royals,GC Smith,SA Asnodkar,I Sharma,0,0,,,,,,"",""
ball,1,1.2,Rajasthan Royals,GC Smith,SA Asnodkar,I Sharma,0,0,,,,,,"",""
ball,1,1.3,Rajasthan Royals,GC Smith,SA Asnodkar,I Sharma,1,0,,,,,,"",""
ball,1,1.4,Rajasthan Royals,SA Asnodkar,GC Smith,I Sharma,4,0,,,,,,"",""
ball,1,1.5,Rajasthan Royals,SA Asnodkar,GC Smith,I Sharma,1,0,,,,,,"",""
ball,1,1.6,Rajasthan Royals,GC Smith,SA Asnodkar,I Sharma,0,0,,,,,,bowled,GC Smith
ball,1,2.1,Rajasthan Royals,SA Asnodkar,M Kaif,AB Dinda,1,0,,,,,,"",""
ball,1,2.2,Rajasthan Royals,M Kaif,SA Asnodkar,AB Dinda,0,0,,,,,,"",""
ball,1,2.3,Rajasthan Royals,M Kaif,SA Asnodkar,AB Dinda,4,0,,,,,,"",""
ball,1,2.4,Rajasthan Royals,M Kaif,SA Asnodkar,AB Dinda,0,1,1,,,,,"",""
ball,1,2.5,Rajasthan Royals,M Kaif,SA Asnodkar,AB Dinda,0,0,,,,,,"",""
ball,1,2.6,Rajasthan Royals,M Kaif,SA Asnodkar,AB Dinda,0,0,,,,,,"",""
ball,1,2.7,Rajasthan Royals,M Kaif,SA Asnodkar,AB Dinda,4,0,,,,,,"",""
ball,1,3.1,Rajasthan Royals,SA Asnodkar,M Kaif,I Sharma,1,0,,,,,,"",""
ball,1,3.2,Rajasthan Royals,M Kaif,SA Asnodkar,I Sharma,4,0,,,,,,"",""
ball,1,3.3,Rajasthan Royals,M Kaif,SA Asnodkar,I Sharma,0,0,,,,,,"",""
ball,1,3.4,Rajasthan Royals,M Kaif,SA Asnodkar,I Sharma,0,0,,,,,,"",""
ball,1,3.5,Rajasthan Royals,M Kaif,SA Asnodkar,I Sharma,0,0,,,,,,"",""
ball,1,3.6,Rajasthan Royals,M Kaif,SA Asnodkar,I Sharma,0,0,,,,,,"",""
ball,1,4.1,Rajasthan Royals,SA Asnodkar,M Kaif,AB Agarkar,6,0,,,,,,"",""
ball,1,4.2,Rajasthan Royals,SA Asnodkar,M Kaif,AB Agarkar,0,0,,,,,,"",""
ball,1,4.3,Rajasthan Royals,SA Asnodkar,M Kaif,AB Agarkar,0,0,,,,,,"",""
ball,1,4.4,Rajasthan Royals,SA Asnodkar,M Kaif,AB Agarkar,4,0,,,,,,"",""
ball,1,4.5,Rajasthan Royals,SA Asnodkar,M Kaif,AB Agarkar,2,0,,,,,,"",""
ball,1,4.6,Rajasthan Royals,SA Asnodkar,M Kaif,AB Agarkar,0,0,,,,,,"",""
ball,1,5.1,Rajasthan Royals,M Kaif,SA Asnodkar,Umar Gul,0,0,,,,,,"",""
ball,1,5.2,Rajasthan Royals,M Kaif,SA Asnodkar,Umar Gul,0,0,,,,,,"",""
ball,1,5.3,Rajasthan Royals,M Kaif,SA Asnodkar,Umar Gul,1,0,,,,,,"",""
ball,1,5.4,Rajasthan Royals,SA Asnodkar,M Kaif,Umar Gul,1,0,,,,,,"",""
ball,1,5.5,Rajasthan Royals,M Kaif,SA Asnodkar,Umar Gul,1,0,,,,,,"",""
ball,1,5.6,Rajasthan Royals,SA Asnodkar,M Kaif,Umar Gul,0,4,,,,4,,"",""
ball,1,6.1,Rajasthan Royals,M Kaif,SA Asnodkar,AB Agarkar,0,0,,,,,,"",""
ball,1,6.2,Rajasthan Royals,M Kaif,SA Asnodkar,AB Agarkar,1,0,,,,,,"",""
ball,1,6.3,Rajasthan Royals,SA Asnodkar,M Kaif,AB Agarkar,0,0,,,,,,"",""
ball,1,6.4,Rajasthan Royals,SA Asnodkar,M Kaif,AB Agarkar,1,0,,,,,,"",""
ball,1,6.5,Rajasthan Royals,M Kaif,SA Asnodkar,AB Agarkar,6,0,,,,,,"",""
ball,1,6.6,Rajasthan Royals,M Kaif,SA Asnodkar,AB Agarkar,0,0,,,,,,caught and bowled,M Kaif
ball,1,7.1,Rajasthan Royals,SA Asnodkar,YK Pathan,AB Dinda,1,0,,,,,,"",""
ball,1,7.2,Rajasthan Royals,YK Pathan,SA Asnodkar,AB Dinda,1,0,,,,,,"",""
ball,1,7.3,Rajasthan Royals,SA Asnodkar,YK Pathan,AB Dinda,0,0,,,,,,"",""
ball,1,7.4,Rajasthan Royals,SA Asnodkar,YK Pathan,AB Dinda,0,0,,,,,,"",""
ball,1,7.5,Rajasthan Royals,SA Asnodkar,YK Pathan,AB Dinda,4,0,,,,,,"",""
ball,1,7.6,Rajasthan Royals,SA Asnodkar,YK Pathan,AB Dinda,1,0,,,,,,"",""
ball,1,8.1,Rajasthan Royals,SA Asnodkar,YK Pathan,AB Agarkar,4,0,,,,,,"",""
ball,1,8.2,Rajasthan Royals,SA Asnodkar,YK Pathan,AB Agarkar,4,0,,,,,,"",""
ball,1,8.3,Rajasthan Royals,SA Asnodkar,YK Pathan,AB Agarkar,4,0,,,,,,"",""
ball,1,8.4,Rajasthan Royals,SA Asnodkar,YK Pathan,AB Agarkar,1,0,,,,,,"",""
ball,1,8.5,Rajasthan Royals,YK Pathan,SA Asnodkar,AB Agarkar,1,0,,,,,,"",""
ball,1,8.6,Rajasthan Royals,SA Asnodkar,YK Pathan,AB Agarkar,1,0,,,,,,"",""
ball,1,9.1,Rajasthan Royals,SA Asnodkar,YK Pathan,DJ Hussey,4,0,,,,,,"",""
ball,1,9.2,Rajasthan Royals,SA Asnodkar,YK Pathan,DJ Hussey,1,0,,,,,,"",""
ball,1,9.3,Rajasthan Royals,YK Pathan,SA Asnodkar,DJ Hussey,4,0,,,,,,"",""
ball,1,9.4,Rajasthan Royals,YK Pathan,SA Asnodkar,DJ Hussey,0,0,,,,,,"",""
ball,1,9.5,Rajasthan Royals,YK Pathan,SA Asnodkar,DJ Hussey,4,0,,,,,,"",""
ball,1,9.6,Rajasthan Royals,YK Pathan,SA Asnodkar,DJ Hussey,1,0,,,,,,"",""
ball,1,10.1,Rajasthan Royals,YK Pathan,SA Asnodkar,SC Ganguly,0,0,,,,,,"",""
ball,1,10.2,Rajasthan Royals,YK Pathan,SA Asnodkar,SC Ganguly,4,0,,,,,,"",""
ball,1,10.3,Rajasthan Royals,YK Pathan,SA Asnodkar,SC Ganguly,1,0,,,,,,"",""
ball,1,10.4,Rajasthan Royals,SA Asnodkar,YK Pathan,SC Ganguly,4,0,,,,,,"",""
ball,1,10.5,Rajasthan Royals,SA Asnodkar,YK Pathan,SC Ganguly,4,0,,,,,,"",""
ball,1,10.6,Rajasthan Royals,SA Asnodkar,YK Pathan,SC Ganguly,1,0,,,,,,"",""
ball,1,11.1,Rajasthan Royals,SA Asnodkar,YK Pathan,Umar Gul,0,1,1,,,,,"",""
ball,1,11.2,Rajasthan Royals,SA Asnodkar,YK Pathan,Umar Gul,1,0,,,,,,"",""
ball,1,11.3,Rajasthan Royals,YK Pathan,SA Asnodkar,Umar Gul,1,0,,,,,,"",""
ball,1,11.4,Rajasthan Royals,SA Asnodkar,YK Pathan,Umar Gul,0,0,,,,,,caught,SA Asnodkar
ball,1,11.5,Rajasthan Royals,YK Pathan,SR Watson,Umar Gul,4,0,,,,,,"",""
ball,1,11.6,Rajasthan Royals,YK Pathan,SR Watson,Umar Gul,1,0,,,,,,"",""
ball,1,11.7,Rajasthan Royals,SR Watson,YK Pathan,Umar Gul,0,0,,,,,,lbw,SR Watson
ball,1,12.1,Rajasthan Royals,YK Pathan,RA Jadeja,AB Dinda,4,0,,,,,,"",""
ball,1,12.2,Rajasthan Royals,YK Pathan,RA Jadeja,AB Dinda,1,0,,,,,,"",""
ball,1,12.3,Rajasthan Royals,RA Jadeja,YK Pathan,AB Dinda,0,1,1,,,,,"",""
ball,1,12.4,Rajasthan Royals,RA Jadeja,YK Pathan,AB Dinda,1,0,,,,,,"",""
ball,1,12.5,Rajasthan Royals,YK Pathan,RA Jadeja,AB Dinda,0,0,,,,,,"",""
ball,1,12.6,Rajasthan Royals,YK Pathan,RA Jadeja,AB Dinda,0,0,,,,,,"",""
ball,1,12.7,Rajasthan Royals,YK Pathan,RA Jadeja,AB Dinda,1,0,,,,,,"",""
ball,1,13.1,Rajasthan Royals,YK Pathan,RA Jadeja,DJ Hussey,1,0,,,,,,"",""
ball,1,13.2,Rajasthan Royals,RA Jadeja,YK Pathan,DJ Hussey,2,0,,,,,,"",""
ball,1,13.3,Rajasthan Royals,RA Jadeja,YK Pathan,DJ Hussey,4,0,,,,,,"",""
ball,1,13.4,Rajasthan Royals,RA Jadeja,YK Pathan,DJ Hussey,2,0,,,,,,"",""
ball,1,13.5,Rajasthan Royals,RA Jadeja,YK Pathan,DJ Hussey,2,0,,,,,,"",""
ball,1,13.6,Rajasthan Royals,RA Jadeja,YK Pathan,DJ Hussey,1,0,,,,,,"",""
ball,1,14.1,Rajasthan Royals,RA Jadeja,YK Pathan,AB Agarkar,1,0,,,,,,"",""
ball,1,14.2,Rajasthan Royals,YK Pathan,RA Jadeja,AB Agarkar,6,0,,,,,,"",""
ball,1,14.3,Rajasthan Royals,YK Pathan,RA Jadeja,AB Agarkar,1,0,,,,,,"",""
ball,1,14.4,Rajasthan Royals,RA Jadeja,YK Pathan,AB Agarkar,1,0,,,,,,"",""
ball,1,14.5,Rajasthan Royals,YK Pathan,RA Jadeja,AB Agarkar,1,0,,,,,,"",""
ball,1,14.6,Rajasthan Royals,RA Jadeja,YK Pathan,AB Agarkar,1,0,,,,,,"",""
ball,1,15.1,Rajasthan Royals,RA Jadeja,YK Pathan,Umar Gul,0,1,,,,1,,"",""
ball,1,15.2,Rajasthan Royals,YK Pathan,RA Jadeja,Umar Gul,0,0,,,,,,"",""
ball,1,15.3,Rajasthan Royals,YK Pathan,RA Jadeja,Umar Gul,1,1,,1,,,,"",""
ball,1,15.4,Rajasthan Royals,RA Jadeja,YK Pathan,Umar Gul,6,0,,,,,,"",""
ball,1,15.5,Rajasthan Royals,RA Jadeja,YK Pathan,Umar Gul,1,0,,,,,,"",""
ball,1,15.6,Rajasthan Royals,YK Pathan,RA Jadeja,Umar Gul,2,0,,,,,,"",""
ball,1,15.7,Rajasthan Royals,YK Pathan,RA Jadeja,Umar Gul,2,0,,,,,,"",""
ball,1,16.1,Rajasthan Royals,RA Jadeja,YK Pathan,I Sharma,0,0,,,,,,"",""
ball,1,16.2,Rajasthan Royals,RA Jadeja,YK Pathan,I Sharma,0,1,,1,,,,"",""
ball,1,16.3,Rajasthan Royals,RA Jadeja,YK Pathan,I Sharma,4,0,,,,,,"",""
ball,1,16.4,Rajasthan Royals,RA Jadeja,YK Pathan,I Sharma,2,0,,,,,,"",""
ball,1,16.5,Rajasthan Royals,RA Jadeja,YK Pathan,I Sharma,1,0,,,,,,"",""
ball,1,16.6,Rajasthan Royals,YK Pathan,RA Jadeja,I Sharma,0,0,,,,,,"",""
ball,1,16.7,Rajasthan Royals,YK Pathan,RA Jadeja,I Sharma,0,0,,,,,,"",""
ball,1,17.1,Rajasthan Royals,RA Jadeja,YK Pathan,LR Shukla,4,0,,,,,,"",""
ball,1,17.2,Rajasthan Royals,RA Jadeja,YK Pathan,LR Shukla,0,0,,,,,,bowled,RA Jadeja
ball,1,17.3,Rajasthan Royals,SK Warne,YK Pathan,LR Shukla,1,0,,,,,,"",""
ball,1,17.4,Rajasthan Royals,YK Pathan,SK Warne,LR Shukla,2,0,,,,,,"",""
ball,1,17.5,Rajasthan Royals,YK Pathan,SK Warne,LR Shukla,6,0,,,,,,"",""
ball,1,17.6,Rajasthan Royals,YK Pathan,SK Warne,LR Shukla,1,1,,1,,,,"",""
ball,1,17.7,Rajasthan Royals,SK Warne,YK Pathan,LR Shukla,1,0,,,,,,"",""
ball,1,18.1,Rajasthan Royals,SK Warne,YK Pathan,I Sharma,0,0,,,,,,"",""
ball,1,18.2,Rajasthan Royals,SK Warne,YK Pathan,I Sharma,1,0,,,,,,"",""
ball,1,18.3,Rajasthan Royals,YK Pathan,SK Warne,I Sharma,4,0,,,,,,"",""
ball,1,18.4,Rajasthan Royals,YK Pathan,SK Warne,I Sharma,0,1,,,,1,,"",""
ball,1,18.5,Rajasthan Royals,SK Warne,YK Pathan,I Sharma,2,0,,,,,,"",""
ball,1,18.6,Rajasthan Royals,SK Warne,YK Pathan,I Sharma,0,1,,,1,,,"",""
ball,1,19.1,Rajasthan Royals,SK Warne,YK Pathan,Umar Gul,1,0,,,,,,"",""
ball,1,19.2,Rajasthan Royals,YK Pathan,SK Warne,Umar Gul,0,0,,,,,,bowled,YK Pathan
ball,1,19.3,Rajasthan Royals,Sohail Tanvir,SK Warne,Umar Gul,1,0,,,,,,"",""
ball,1,19.4,Rajasthan Royals,SK Warne,Sohail Tanvir,Umar Gul,1,0,,,,,,run out,SK Warne
ball,1,19.5,Rajasthan Royals,Sohail Tanvir,M Rawat,Umar Gul,1,1,,1,,,,"",""
ball,1,19.6,Rajasthan Royals,M Rawat,Sohail Tanvir,Umar Gul,1,0,,,,,,"",""
ball,1,19.7,Rajasthan Royals,Sohail Tanvir,M Rawat,Umar Gul,1,0,,,,,,"",""
ball,2,0.1,Kolkata Knight Riders,Salman Butt,SC Ganguly,SR Watson,2,0,,,,,,"",""
ball,2,0.2,Kolkata Knight Riders,Salman Butt,SC Ganguly,SR Watson,0,0,,,,,,"",""
ball,2,0.3,Kolkata Knight Riders,Salman Butt,SC Ganguly,SR Watson,0,0,,,,,,"",""
ball,2,0.4,Kolkata Knight Riders,Salman Butt,SC Ganguly,SR Watson,1,0,,,,,,"",""
ball,2,0.5,Kolkata Knight Riders,SC Ganguly,Salman Butt,SR Watson,0,1,1,,,,,"",""
ball,2,0.6,Kolkata Knight Riders,SC Ganguly,Salman Butt,SR Watson,0,1,,,,1,,"",""
ball,2,0.7,Kolkata Knight Riders,Salman Butt,SC Ganguly,SR Watson,4,0,,,,,,"",""
ball,2,1.1,Kolkata Knight Riders,SC Ganguly,Salman Butt,Sohail Tanvir,4,0,,,,,,"",""
ball,2,1.2,Kolkata Knight Riders,SC Ganguly,Salman Butt,Sohail Tanvir,1,0,,,,,,"",""
ball,2,1.3,Kolkata Knight Riders,Salman Butt,SC Ganguly,Sohail Tanvir,0,1,1,,,,,"",""
ball,2,1.4,Kolkata Knight Riders,Salman Butt,SC Ganguly,Sohail Tanvir,0,0,,,,,,"",""
ball,2,1.5,Kolkata Knight Riders,Salman Butt,SC Ganguly,Sohail Tanvir,0,0,,,,,,bowled,Salman Butt
ball,2,1.6,Kolkata Knight Riders,AB Agarkar,SC Ganguly,Sohail Tanvir,0,1,1,,,,,"",""
ball,2,1.7,Kolkata Knight Riders,AB Agarkar,SC Ganguly,Sohail Tanvir,0,0,,,,,,"",""
ball,2,1.8,Kolkata Knight Riders,AB Agarkar,SC Ganguly,Sohail Tanvir,6,0,,,,,,"",""
ball,2,2.1,Kolkata Knight Riders,SC Ganguly,AB Agarkar,SR Watson,1,0,,,,,,"",""
ball,2,2.2,Kolkata Knight Riders,AB Agarkar,SC Ganguly,SR Watson,0,0,,,,,,"",""
ball,2,2.3,Kolkata Knight Riders,AB Agarkar,SC Ganguly,SR Watson,0,0,,,,,,"",""
ball,2,2.4,Kolkata Knight Riders,AB Agarkar,SC Ganguly,SR Watson,0,0,,,,,,"",""
ball,2,2.5,Kolkata Knight Riders,AB Agarkar,SC Ganguly,SR Watson,6,0,,,,,,"",""
ball,2,2.6,Kolkata Knight Riders,AB Agarkar,SC Ganguly,SR Watson,0,1,1,,,,,"",""
ball,2,2.7,Kolkata Knight Riders,AB Agarkar,SC Ganguly,SR Watson,1,0,,,,,,"",""
ball,2,3.1,Kolkata Knight Riders,AB Agarkar,SC Ganguly,Sohail Tanvir,0,0,,,,,,"",""
ball,2,3.2,Kolkata Knight Riders,AB Agarkar,SC Ganguly,Sohail Tanvir,0,0,,,,,,"",""
ball,2,3.3,Kolkata Knight Riders,AB Agarkar,SC Ganguly,Sohail Tanvir,2,0,,,,,,"",""
ball,2,3.4,Kolkata Knight Riders,AB Agarkar,SC Ganguly,Sohail Tanvir,4,0,,,,,,"",""
ball,2,3.5,Kolkata Knight Riders,AB Agarkar,SC Ganguly,Sohail Tanvir,1,0,,,,,,"",""
ball,2,3.6,Kolkata Knight Riders,SC Ganguly,AB Agarkar,Sohail Tanvir,1,0,,,,,,"",""
ball,2,4.1,Kolkata Knight Riders,SC Ganguly,AB Agarkar,SR Watson,0,0,,,,,,"",""
ball,2,4.2,Kolkata Knight Riders,SC Ganguly,AB Agarkar,SR Watson,0,0,,,,,,"",""
ball,2,4.3,Kolkata Knight Riders,SC Ganguly,AB Agarkar,SR Watson,4,0,,,,,,"",""
ball,2,4.4,Kolkata Knight Riders,SC Ganguly,AB Agarkar,SR Watson,1,0,,,,,,"",""
ball,2,4.5,Kolkata Knight Riders,AB Agarkar,SC Ganguly,SR Watson,0,0,,,,,,caught,AB Agarkar
ball,2,4.6,Kolkata Knight Riders,BJ Hodge,SC Ganguly,SR Watson,0,0,,,,,,"",""
ball,2,5.1,Kolkata Knight Riders,SC Ganguly,BJ Hodge,SK Trivedi,0,0,,,,,,"",""
ball,2,5.2,Kolkata Knight Riders,SC Ganguly,BJ Hodge,SK Trivedi,4,0,,,,,,"",""
ball,2,5.3,Kolkata Knight Riders,SC Ganguly,BJ Hodge,SK Trivedi,0,1,1,,,,,"",""
ball,2,5.4,Kolkata Knight Riders,SC Ganguly,BJ Hodge,SK Trivedi,1,0,,,,,,"",""
ball,2,5.5,Kolkata Knight Riders,BJ Hodge,SC Ganguly,SK Trivedi,0,0,,,,,,"",""
ball,2,5.6,Kolkata Knight Riders,BJ Hodge,SC Ganguly,SK Trivedi,1,0,,,,,,"",""
ball,2,5.7,Kolkata Knight Riders,SC Ganguly,BJ Hodge,SK Trivedi,0,0,,,,,,run out,BJ Hodge
ball,2,6.1,Kolkata Knight Riders,DJ Hussey,SC Ganguly,MM Patel,0,0,,,,,,"",""
ball,2,6.2,Kolkata Knight Riders,DJ Hussey,SC Ganguly,MM Patel,1,0,,,,,,"",""
ball,2,6.3,Kolkata Knight Riders,SC Ganguly,DJ Hussey,MM Patel,0,0,,,,,,"",""
ball,2,6.4,Kolkata Knight Riders,SC Ganguly,DJ Hussey,MM Patel,2,0,,,,,,"",""
ball,2,6.5,Kolkata Knight Riders,SC Ganguly,DJ Hussey,MM Patel,0,0,,,,,,"",""
ball,2,6.6,Kolkata Knight Riders,SC Ganguly,DJ Hussey,MM Patel,0,0,,,,,,"",""
ball,2,7.1,Kolkata Knight Riders,DJ Hussey,SC Ganguly,SK Trivedi,6,0,,,,,,"",""
ball,2,7.2,Kolkata Knight Riders,DJ Hussey,SC Ganguly,SK Trivedi,1,0,,,,,,"",""
ball,2,7.3,Kolkata Knight Riders,SC Ganguly,DJ Hussey,SK Trivedi,1,0,,,,,,"",""
ball,2,7.4,Kolkata Knight Riders,DJ Hussey,SC Ganguly,SK Trivedi,0,1,1,,,,,"",""
ball,2,7.5,Kolkata Knight Riders,DJ Hussey,SC Ganguly,SK Trivedi,1,0,,,,,,"",""
ball,2,7.6,Kolkata Knight Riders,SC Ganguly,DJ Hussey,SK Trivedi,6,0,,,,,,"",""
ball,2,7.7,Kolkata Knight Riders,SC Ganguly,DJ Hussey,SK Trivedi,0,0,,,,,,"",""
ball,2,8.1,Kolkata Knight Riders,DJ Hussey,SC Ganguly,MM Patel,1,0,,,,,,"",""
ball,2,8.2,Kolkata Knight Riders,SC Ganguly,DJ Hussey,MM Patel,0,0,,,,,,"",""
ball,2,8.3,Kolkata Knight Riders,SC Ganguly,DJ Hussey,MM Patel,1,0,,,,,,"",""
ball,2,8.4,Kolkata Knight Riders,DJ Hussey,SC Ganguly,MM Patel,1,0,,,,,,"",""
ball,2,8.5,Kolkata Knight Riders,SC Ganguly,DJ Hussey,MM Patel,1,0,,,,,,"",""
ball,2,8.6,Kolkata Knight Riders,DJ Hussey,SC Ganguly,MM Patel,0,0,,,,,,"",""
ball,2,9.1,Kolkata Knight Riders,SC Ganguly,DJ Hussey,SK Trivedi,1,0,,,,,,"",""
ball,2,9.2,Kolkata Knight Riders,DJ Hussey,SC Ganguly,SK Trivedi,0,0,,,,,,"",""
ball,2,9.3,Kolkata Knight Riders,DJ Hussey,SC Ganguly,SK Trivedi,1,0,,,,,,"",""
ball,2,9.4,Kolkata Knight Riders,SC Ganguly,DJ Hussey,SK Trivedi,0,0,,,,,,"",""
ball,2,9.5,Kolkata Knight Riders,SC Ganguly,DJ Hussey,SK Trivedi,1,0,,,,,,"",""
ball,2,9.6,Kolkata Knight Riders,DJ Hussey,SC Ganguly,SK Trivedi,1,0,,,,,,"",""
ball,2,10.1,Kolkata Knight Riders,DJ Hussey,SC Ganguly,MM Patel,1,0,,,,,,"",""
ball,2,10.2,Kolkata Knight Riders,SC Ganguly,DJ Hussey,MM Patel,6,0,,,,,,"",""
ball,2,10.3,Kolkata Knight Riders,SC Ganguly,DJ Hussey,MM Patel,1,0,,,,,,"",""
ball,2,10.4,Kolkata Knight Riders,DJ Hussey,SC Ganguly,MM Patel,0,1,,,1,,,"",""
ball,2,10.5,Kolkata Knight Riders,SC Ganguly,DJ Hussey,MM Patel,2,0,,,,,,"",""
ball,2,10.6,Kolkata Knight Riders,SC Ganguly,DJ Hussey,MM Patel,4,0,,,,,,"",""
ball,2,11.1,Kolkata Knight Riders,DJ Hussey,SC Ganguly,SK Warne,2,0,,,,,,"",""
ball,2,11.2,Kolkata Knight Riders,DJ Hussey,SC Ganguly,SK Warne,1,0,,,,,,"",""
ball,2,11.3,Kolkata Knight Riders,SC Ganguly,DJ Hussey,SK Warne,0,0,,,,,,"",""
ball,2,11.4,Kolkata Knight Riders,SC Ganguly,DJ Hussey,SK Warne,1,0,,,,,,"",""
ball,2,11.5,Kolkata Knight Riders,DJ Hussey,SC Ganguly,SK Warne,0,1,1,,,,,"",""
ball,2,11.6,Kolkata Knight Riders,DJ Hussey,SC Ganguly,SK Warne,1,0,,,,,,"",""
ball,2,11.7,Kolkata Knight Riders,SC Ganguly,DJ Hussey,SK Warne,1,0,,,,,,"",""
ball,2,12.1,Kolkata Knight Riders,SC Ganguly,DJ Hussey,YK Pathan,1,0,,,,,,"",""
ball,2,12.2,Kolkata Knight Riders,DJ Hussey,SC Ganguly,YK Pathan,1,0,,,,,,"",""
ball,2,12.3,Kolkata Knight Riders,SC Ganguly,DJ Hussey,YK Pathan,3,0,,,,,,"",""
ball,2,12.4,Kolkata Knight Riders,DJ Hussey,SC Ganguly,YK Pathan,1,0,,,,,,"",""
ball,2,12.5,Kolkata Knight Riders,SC Ganguly,DJ Hussey,YK Pathan,0,0,,,,,,"",""
ball,2,12.6,Kolkata Knight Riders,SC Ganguly,DJ Hussey,YK Pathan,1,0,,,,,,"",""
ball,2,13.1,Kolkata Knight Riders,SC Ganguly,DJ Hussey,SK Warne,1,0,,,,,,"",""
ball,2,13.2,Kolkata Knight Riders,DJ Hussey,SC Ganguly,SK Warne,6,0,,,,,,"",""
ball,2,13.3,Kolkata Knight Riders,DJ Hussey,SC Ganguly,SK Warne,4,0,,,,,,"",""
ball,2,13.4,Kolkata Knight Riders,DJ Hussey,SC Ganguly,SK Warne,1,0,,,,,,"",""
ball,2,13.5,Kolkata Knight Riders,SC Ganguly,DJ Hussey,SK Warne,0,0,,,,,,caught,SC Ganguly
ball,2,13.6,Kolkata Knight Riders,LR Shukla,DJ Hussey,SK Warne,1,0,,,,,,"",""
ball,2,14.1,Kolkata Knight Riders,LR Shukla,DJ Hussey,YK Pathan,1,0,,,,,,run out,LR Shukla
ball,2,14.2,Kolkata Knight Riders,DB Das,DJ Hussey,YK Pathan,4,0,,,,,,"",""
ball,2,14.3,Kolkata Knight Riders,DB Das,DJ Hussey,YK Pathan,0,0,,,,,,"",""
ball,2,14.4,Kolkata Knight Riders,DB Das,DJ Hussey,YK Pathan,0,0,,,,,,"",""
ball,2,14.5,Kolkata Knight Riders,DB Das,DJ Hussey,YK Pathan,0,1,,,,1,,"",""
ball,2,14.6,Kolkata Knight Riders,DJ Hussey,DB Das,YK Pathan,2,0,,,,,,"",""
ball,2,15.1,Kolkata Knight Riders,DB Das,DJ Hussey,MM Patel,2,0,,,,,,"",""
ball,2,15.2,Kolkata Knight Riders,DB Das,DJ Hussey,MM Patel,1,0,,,,,,"",""
ball,2,15.3,Kolkata Knight Riders,DJ Hussey,DB Das,MM Patel,2,0,,,,,,"",""
ball,2,15.4,Kolkata Knight Riders,DJ Hussey,DB Das,MM Patel,1,0,,,,,,"",""
ball,2,15.5,Kolkata Knight Riders,DB Das,DJ Hussey,MM Patel,1,0,,,,,,"",""
ball,2,15.6,Kolkata Knight Riders,DJ Hussey,DB Das,MM Patel,1,0,,,,,,"",""
ball,2,16.1,Kolkata Knight Riders,DJ Hussey,DB Das,Sohail Tanvir,2,0,,,,,,"",""
ball,2,16.2,Kolkata Knight Riders,DJ Hussey,DB Das,Sohail Tanvir,1,0,,,,,,"",""
ball,2,16.3,Kolkata Knight Riders,DB Das,DJ Hussey,Sohail Tanvir,0,1,,,1,,,"",""
ball,2,16.4,Kolkata Knight Riders,DJ Hussey,DB Das,Sohail Tanvir,1,0,,,,,,"",""
ball,2,16.5,Kolkata Knight Riders,DB Das,DJ Hussey,Sohail Tanvir,1,0,,,,,,"",""
ball,2,16.6,Kolkata Knight Riders,DJ Hussey,DB Das,Sohail Tanvir,1,0,,,,,,"",""
ball,2,17.1,Kolkata Knight Riders,DJ Hussey,DB Das,SK Trivedi,0,0,,,,,,bowled,DJ Hussey
ball,2,17.2,Kolkata Knight Riders,WP Saha,DB Das,SK Trivedi,1,0,,,,,,"",""
ball,2,17.3,Kolkata Knight Riders,DB Das,WP Saha,SK Trivedi,1,0,,,,,,"",""
ball,2,17.4,Kolkata Knight Riders,WP Saha,DB Das,SK Trivedi,0,0,,,,,,bowled,WP Saha
ball,2,17.5,Kolkata Knight Riders,Umar Gul,DB Das,SK Trivedi,1,0,,,,,,"",""
ball,2,17.6,Kolkata Knight Riders,DB Das,Umar Gul,SK Trivedi,1,0,,,,,,"",""
ball,2,18.1,Kolkata Knight Riders,DB Das,Umar Gul,Sohail Tanvir,0,0,,,,,,"",""
ball,2,18.2,Kolkata Knight Riders,DB Das,Umar Gul,Sohail Tanvir,0,0,,,,,,caught,DB Das
ball,2,18.3,Kolkata Knight Riders,Umar Gul,I Sharma,Sohail Tanvir,1,0,,,,,,run out,Umar Gul
ball,2,18.4,Kolkata Knight Riders,AB Dinda,I Sharma,Sohail Tanvir,0,1,,,1,,,"",""
ball,2,18.5,Kolkata Knight Riders,I Sharma,AB Dinda,Sohail Tanvir,1,0,,,,,,"",""
ball,2,18.6,Kolkata Knight Riders,AB Dinda,I Sharma,Sohail Tanvir,1,0,,,,,,"",""
ball,2,19.1,Kolkata Knight Riders,AB Dinda,I Sharma,SR Watson,0,0,,,,,,caught,AB Dinda
