version,1.6.0
info,balls_per_over,6
info,team,Kings XI Punjab
info,team,Kolkata Knight Riders
info,gender,male
info,season,2009
info,date,2009/04/21
info,event,Indian Premier League
info,match_number,6
info,venue,Kingsmead
info,city,Durban
info,neutralvenue,true
info,toss_winner,Kolkata Knight Riders
info,toss_decision,field
info,player_of_match,CH Gayle
info,umpire,DJ Harper
info,umpire,SD Ranade
info,reserve_umpire,EC Hendrikse
info,tv_umpire,TH Wijewardene
info,match_referee,D Govindjee
info,winner,Kolkata Knight Riders
info,winner_runs,11
info,method,D/L
info,player,Kings XI Punjab,RS Bopara
info,player,Kings XI Punjab,K Goel
info,player,Kings XI Punjab,IK Pathan
info,player,Kings XI Punjab,KC Sangakkara
info,player,Kings XI Punjab,Yuvraj Singh
info,player,Kings XI Punjab,DPMD Jayawardene
info,player,Kings XI Punjab,T Kohli
info,player,Kings XI Punjab,PP Chawla
info,player,Kings XI Punjab,VS Malik
info,player,Kings XI Punjab,VRV Singh
info,player,Kings XI Punjab,YA Abdulla
info,player,Kolkata Knight Riders,BB McCullum
info,player,Kolkata Knight Riders,CH Gayle
info,player,Kolkata Knight Riders,BJ Hodge
info,player,Kolkata Knight Riders,SC Ganguly
info,player,Kolkata Knight Riders,Yashpal Singh
info,player,Kolkata Knight Riders,A Chopra
info,player,Kolkata Knight Riders,MC Henriques
info,player,Kolkata Knight Riders,LR Shukla
info,player,Kolkata Knight Riders,I Sharma
info,player,Kolkata Knight Riders,M Kartik
info,player,Kolkata Knight Riders,AB Dinda
info,registry,people,A Chopra,e249fdaa
info,registry,people,AB Dinda,66b30f71
info,registry,people,BB McCullum,b8a55852
info,registry,people,BJ Hodge,b57f8a9a
info,registry,people,CH Gayle,db584dad
info,registry,people,D Govindjee,8b4c4069
info,registry,people,DJ Harper,0ec08b27
info,registry,people,DPMD Jayawardene,d18f9182
info,registry,people,EC Hendrikse,3f2996c9
info,registry,people,I Sharma,5bb1a1c4
info,registry,people,IK Pathan,5fa06777
info,registry,people,K Goel,a1f1829d
info,registry,people,KC Sangakkara,6b71e6cf
info,registry,people,LR Shukla,b1451597
info,registry,people,M Kartik,abfeb126
info,registry,people,MC Henriques,32198ae0
info,registry,people,PP Chawla,98ae73b1
info,registry,people,RS Bopara,7ca5e05d
info,registry,people,SC Ganguly,725529bc
info,registry,people,SD Ranade,369c85c1
info,registry,people,T Kohli,40caa465
info,registry,people,TH Wijewardene,6a6be119
info,registry,people,VRV Singh,034b4b7d
info,registry,people,VS Malik,5f26df4f
info,registry,people,YA Abdulla,4353bba5
info,registry,people,Yashpal Singh,297b26da
info,registry,people,Yuvraj Singh,1c914163
ball,1,0.1,Kings XI Punjab,RS Bopara,K Goel,I Sharma,1,0,,,,,,"",""
ball,1,0.2,Kings XI Punjab,K Goel,RS Bopara,I Sharma,0,0,,,,,,"",""
ball,1,0.3,Kings XI Punjab,K Goel,RS Bopara,I Sharma,0,0,,,,,,"",""
ball,1,0.4,Kings XI Punjab,K Goel,RS Bopara,I Sharma,0,0,,,,,,"",""
ball,1,0.5,Kings XI Punjab,K Goel,RS Bopara,I Sharma,0,0,,,,,,"",""
ball,1,0.6,Kings XI Punjab,K Goel,RS Bopara,I Sharma,0,0,,,,,,"",""
ball,1,1.1,Kings XI Punjab,RS Bopara,K Goel,AB Dinda,0,0,,,,,,"",""
ball,1,1.2,Kings XI Punjab,RS Bopara,K Goel,AB Dinda,0,0,,,,,,"",""
ball,1,1.3,Kings XI Punjab,RS Bopara,K Goel,AB Dinda,0,0,,,,,,"",""
ball,1,1.4,Kings XI Punjab,RS Bopara,K Goel,AB Dinda,0,0,,,,,,"",""
ball,1,1.5,Kings XI Punjab,RS Bopara,K Goel,AB Dinda,4,0,,,,,,"",""
ball,1,1.6,Kings XI Punjab,RS Bopara,K Goel,AB Dinda,4,0,,,,,,"",""
ball,1,2.1,Kings XI Punjab,K Goel,RS Bopara,I Sharma,0,0,,,,,,"",""
ball,1,2.2,Kings XI Punjab,K Goel,RS Bopara,I Sharma,0,0,,,,,,caught,K Goel
ball,1,2.3,Kings XI Punjab,IK Pathan,RS Bopara,I Sharma,4,0,,,,,,"",""
ball,1,2.4,Kings XI Punjab,IK Pathan,RS Bopara,I Sharma,0,0,,,,,,"",""
ball,1,2.5,Kings XI Punjab,IK Pathan,RS Bopara,I Sharma,1,0,,,,,,"",""
ball,1,2.6,Kings XI Punjab,RS Bopara,IK Pathan,I Sharma,1,0,,,,,,"",""
ball,1,3.1,Kings XI Punjab,RS Bopara,IK Pathan,AB Dinda,1,0,,,,,,"",""
ball,1,3.2,Kings XI Punjab,IK Pathan,RS Bopara,AB Dinda,0,0,,,,,,"",""
ball,1,3.3,Kings XI Punjab,IK Pathan,RS Bopara,AB Dinda,4,0,,,,,,"",""
ball,1,3.4,Kings XI Punjab,IK Pathan,RS Bopara,AB Dinda,1,0,,,,,,"",""
ball,1,3.5,Kings XI Punjab,RS Bopara,IK Pathan,AB Dinda,0,0,,,,,,"",""
ball,1,3.6,Kings XI Punjab,RS Bopara,IK Pathan,AB Dinda,1,0,,,,,,"",""
ball,1,4.1,Kings XI Punjab,RS Bopara,IK Pathan,I Sharma,1,0,,,,,,"",""
ball,1,4.2,Kings XI Punjab,IK Pathan,RS Bopara,I Sharma,6,0,,,,,,"",""
ball,1,4.3,Kings XI Punjab,IK Pathan,RS Bopara,I Sharma,0,0,,,,,,"",""
ball,1,4.4,Kings XI Punjab,IK Pathan,RS Bopara,I Sharma,4,0,,,,,,"",""
ball,1,4.5,Kings XI Punjab,IK Pathan,RS Bopara,I Sharma,2,0,,,,,,"",""
ball,1,4.6,Kings XI Punjab,IK Pathan,RS Bopara,I Sharma,1,0,,,,,,"",""
ball,1,5.1,Kings XI Punjab,IK Pathan,RS Bopara,MC Henriques,1,0,,,,,,"",""
ball,1,5.2,Kings XI Punjab,RS Bopara,IK Pathan,MC Henriques,1,0,,,,,,"",""
ball,1,5.3,Kings XI Punjab,IK Pathan,RS Bopara,MC Henriques,0,0,,,,,,"",""
ball,1,5.4,Kings XI Punjab,IK Pathan,RS Bopara,MC Henriques,4,0,,,,,,"",""
ball,1,5.5,Kings XI Punjab,IK Pathan,RS Bopara,MC Henriques,0,0,,,,,,"",""
ball,1,5.6,Kings XI Punjab,IK Pathan,RS Bopara,MC Henriques,4,0,,,,,,"",""
ball,1,6.1,Kings XI Punjab,RS Bopara,IK Pathan,SC Ganguly,1,0,,,,,,"",""
ball,1,6.2,Kings XI Punjab,IK Pathan,RS Bopara,SC Ganguly,0,0,,,,,,caught,IK Pathan
ball,1,6.3,Kings XI Punjab,KC Sangakkara,RS Bopara,SC Ganguly,1,0,,,,,,"",""
ball,1,6.4,Kings XI Punjab,RS Bopara,KC Sangakkara,SC Ganguly,0,0,,,,,,caught,RS Bopara
ball,1,6.5,Kings XI Punjab,Yuvraj Singh,KC Sangakkara,SC Ganguly,0,0,,,,,,"",""
ball,1,6.6,Kings XI Punjab,Yuvraj Singh,KC Sangakkara,SC Ganguly,0,0,,,,,,"",""
ball,1,7.1,Kings XI Punjab,KC Sangakkara,Yuvraj Singh,MC Henriques,1,0,,,,,,"",""
ball,1,7.2,Kings XI Punjab,Yuvraj Singh,KC Sangakkara,MC Henriques,0,0,,,,,,"",""
ball,1,7.3,Kings XI Punjab,Yuvraj Singh,KC Sangakkara,MC Henriques,2,0,,,,,,"",""
ball,1,7.4,Kings XI Punjab,Yuvraj Singh,KC Sangakkara,MC Henriques,4,0,,,,,,"",""
ball,1,7.5,Kings XI Punjab,Yuvraj Singh,KC Sangakkara,MC Henriques,1,0,,,,,,"",""
ball,1,7.6,Kings XI Punjab,KC Sangakkara,Yuvraj Singh,MC Henriques,0,0,,,,,,"",""
ball,1,8.1,Kings XI Punjab,Yuvraj Singh,KC Sangakkara,SC Ganguly,0,0,,,,,,"",""
ball,1,8.2,Kings XI Punjab,Yuvraj Singh,KC Sangakkara,SC Ganguly,0,0,,,,,,"",""
ball,1,8.3,Kings XI Punjab,Yuvraj Singh,KC Sangakkara,SC Ganguly,0,0,,,,,,"",""
ball,1,8.4,Kings XI Punjab,Yuvraj Singh,KC Sangakkara,SC Ganguly,1,0,,,,,,"",""
ball,1,8.5,Kings XI Punjab,KC Sangakkara,Yuvraj Singh,SC Ganguly,1,0,,,,,,"",""
ball,1,8.6,Kings XI Punjab,Yuvraj Singh,KC Sangakkara,SC Ganguly,0,0,,,,,,"",""
ball,1,9.1,Kings XI Punjab,KC Sangakkara,Yuvraj Singh,LR Shukla,1,0,,,,,,"",""
ball,1,9.2,Kings XI Punjab,Yuvraj Singh,KC Sangakkara,LR Shukla,1,0,,,,,,"",""
ball,1,9.3,Kings XI Punjab,KC Sangakkara,Yuvraj Singh,LR Shukla,2,0,,,,,,"",""
ball,1,9.4,Kings XI Punjab,KC Sangakkara,Yuvraj Singh,LR Shukla,0,0,,,,,,"",""
ball,1,9.5,Kings XI Punjab,KC Sangakkara,Yuvraj Singh,LR Shukla,4,0,,,,,,"",""
ball,1,9.6,Kings XI Punjab,KC Sangakkara,Yuvraj Singh,LR Shukla,1,0,,,,,,"",""
ball,1,10.1,Kings XI Punjab,KC Sangakkara,Yuvraj Singh,SC Ganguly,4,0,,,,,,"",""
ball,1,10.2,Kings XI Punjab,KC Sangakkara,Yuvraj Singh,SC Ganguly,2,0,,,,,,"",""
ball,1,10.3,Kings XI Punjab,KC Sangakkara,Yuvraj Singh,SC Ganguly,1,0,,,,,,"",""
ball,1,10.4,Kings XI Punjab,Yuvraj Singh,KC Sangakkara,SC Ganguly,6,0,,,,,,"",""
ball,1,10.5,Kings XI Punjab,Yuvraj Singh,KC Sangakkara,SC Ganguly,0,0,,,,,,"",""
ball,1,10.6,Kings XI Punjab,Yuvraj Singh,KC Sangakkara,SC Ganguly,1,0,,,,,,"",""
ball,1,11.1,Kings XI Punjab,Yuvraj Singh,KC Sangakkara,CH Gayle,0,5,5,,,,,"",""
ball,1,11.2,Kings XI Punjab,Yuvraj Singh,KC Sangakkara,CH Gayle,0,1,1,,,,,"",""
ball,1,11.3,Kings XI Punjab,Yuvraj Singh,KC Sangakkara,CH Gayle,2,0,,,,,,"",""
ball,1,11.4,Kings XI Punjab,Yuvraj Singh,KC Sangakkara,CH Gayle,0,1,1,,,,,"",""
ball,1,11.5,Kings XI Punjab,Yuvraj Singh,KC Sangakkara,CH Gayle,1,0,,,,,,"",""
ball,1,11.6,Kings XI Punjab,KC Sangakkara,Yuvraj Singh,CH Gayle,1,0,,,,,,"",""
ball,1,11.7,Kings XI Punjab,Yuvraj Singh,KC Sangakkara,CH Gayle,1,0,,,,,,"",""
ball,1,11.8,Kings XI Punjab,KC Sangakkara,Yuvraj Singh,CH Gayle,1,0,,,,,,"",""
ball,1,11.9,Kings XI Punjab,Yuvraj Singh,KC Sangakkara,CH Gayle,1,0,,,,,,"",""
ball,1,12.1,Kings XI Punjab,Yuvraj Singh,KC Sangakkara,SC Ganguly,1,0,,,,,,"",""
ball,1,12.2,Kings XI Punjab,KC Sangakkara,Yuvraj Singh,SC Ganguly,1,0,,,,,,"",""
ball,1,12.3,Kings XI Punjab,Yuvraj Singh,KC Sangakkara,SC Ganguly,1,0,,,,,,"",""
ball,1,12.4,Kings XI Punjab,KC Sangakkara,Yuvraj Singh,SC Ganguly,1,0,,,,,,"",""
ball,1,12.5,Kings XI Punjab,Yuvraj Singh,KC Sangakkara,SC Ganguly,1,0,,,,,,"",""
ball,1,12.6,Kings XI Punjab,KC Sangakkara,Yuvraj Singh,SC Ganguly,1,0,,,,,,"",""
ball,1,13.1,Kings XI Punjab,KC Sangakkara,Yuvraj Singh,I Sharma,2,0,,,,,,"",""
ball,1,13.2,Kings XI Punjab,KC Sangakkara,Yuvraj Singh,I Sharma,0,0,,,,,,"",""
ball,1,13.3,Kings XI Punjab,KC Sangakkara,Yuvraj Singh,I Sharma,0,0,,,,,,"",""
ball,1,13.4,Kings XI Punjab,KC Sangakkara,Yuvraj Singh,I Sharma,0,0,,,,,,"",""
ball,1,13.5,Kings XI Punjab,KC Sangakkara,Yuvraj Singh,I Sharma,0,0,,,,,,"",""
ball,1,13.6,Kings XI Punjab,KC Sangakkara,Yuvraj Singh,I Sharma,1,0,,,,,,"",""
ball,1,14.1,Kings XI Punjab,KC Sangakkara,Yuvraj Singh,LR Shukla,0,0,,,,,,run out,KC Sangakkara
ball,1,14.2,Kings XI Punjab,DPMD Jayawardene,Yuvraj Singh,LR Shukla,0,1,1,,,,,"",""
ball,1,14.3,Kings XI Punjab,DPMD Jayawardene,Yuvraj Singh,LR Shukla,1,0,,,,,,"",""
ball,1,14.4,Kings XI Punjab,Yuvraj Singh,DPMD Jayawardene,LR Shukla,0,0,,,,,,"",""
ball,1,14.5,Kings XI Punjab,Yuvraj Singh,DPMD Jayawardene,LR Shukla,4,0,,,,,,"",""
ball,1,14.6,Kings XI Punjab,Yuvraj Singh,DPMD Jayawardene,LR Shukla,6,0,,,,,,"",""
ball,1,14.7,Kings XI Punjab,Yuvraj Singh,DPMD Jayawardene,LR Shukla,0,1,1,,,,,"",""
ball,1,14.8,Kings XI Punjab,Yuvraj Singh,DPMD Jayawardene,LR Shukla,0,0,,,,,,"",""
ball,1,15.1,Kings XI Punjab,DPMD Jayawardene,Yuvraj Singh,MC Henriques,0,0,,,,,,"",""
ball,1,15.2,Kings XI Punjab,DPMD Jayawardene,Yuvraj Singh,MC Henriques,1,0,,,,,,"",""
ball,1,15.3,Kings XI Punjab,Yuvraj Singh,DPMD Jayawardene,MC Henriques,4,0,,,,,,"",""
ball,1,15.4,Kings XI Punjab,Yuvraj Singh,DPMD Jayawardene,MC Henriques,0,0,,,,,,caught,Yuvraj Singh
ball,1,15.5,Kings XI Punjab,DPMD Jayawardene,T Kohli,MC Henriques,1,0,,,,,,"",""
ball,1,15.6,Kings XI Punjab,T Kohli,DPMD Jayawardene,MC Henriques,0,0,,,,,,"",""
ball,1,16.1,Kings XI Punjab,DPMD Jayawardene,T Kohli,M Kartik,4,0,,,,,,"",""
ball,1,16.2,Kings XI Punjab,DPMD Jayawardene,T Kohli,M Kartik,0,0,,,,,,"",""
ball,1,16.3,Kings XI Punjab,DPMD Jayawardene,T Kohli,M Kartik,1,0,,,,,,"",""
ball,1,16.4,Kings XI Punjab,T Kohli,DPMD Jayawardene,M Kartik,0,0,,,,,,"",""
ball,1,16.5,Kings XI Punjab,T Kohli,DPMD Jayawardene,M Kartik,1,0,,,,,,"",""
ball,1,16.6,Kings XI Punjab,DPMD Jayawardene,T Kohli,M Kartik,1,0,,,,,,"",""
ball,1,17.1,Kings XI Punjab,DPMD Jayawardene,T Kohli,AB Dinda,1,0,,,,,,"",""
ball,1,17.2,Kings XI Punjab,T Kohli,DPMD Jayawardene,AB Dinda,0,0,,,,,,caught,T Kohli
ball,1,17.3,Kings XI Punjab,DPMD Jayawardene,PP Chawla,AB Dinda,1,0,,,,,,"",""
ball,1,17.4,Kings XI Punjab,PP Chawla,DPMD Jayawardene,AB Dinda,2,0,,,,,,"",""
ball,1,17.5,Kings XI Punjab,PP Chawla,DPMD Jayawardene,AB Dinda,0,0,,,,,,"",""
ball,1,17.6,Kings XI Punjab,PP Chawla,DPMD Jayawardene,AB Dinda,0,0,,,,,,"",""
ball,1,18.1,Kings XI Punjab,DPMD Jayawardene,PP Chawla,MC Henriques,0,0,,,,,,"",""
ball,1,18.2,Kings XI Punjab,DPMD Jayawardene,PP Chawla,MC Henriques,4,0,,,,,,"",""
ball,1,18.3,Kings XI Punjab,DPMD Jayawardene,PP Chawla,MC Henriques,1,0,,,,,,"",""
ball,1,18.4,Kings XI Punjab,PP Chawla,DPMD Jayawardene,MC Henriques,0,1,1,,,,,"",""
ball,1,18.5,Kings XI Punjab,PP Chawla,DPMD Jayawardene,MC Henriques,0,0,,,,,,"",""
ball,1,18.6,Kings XI Punjab,PP Chawla,DPMD Jayawardene,MC Henriques,1,0,,,,,,"",""
ball,1,18.7,Kings XI Punjab,DPMD Jayawardene,PP Chawla,MC Henriques,1,0,,,,,,"",""
ball,1,19.1,Kings XI Punjab,DPMD Jayawardene,PP Chawla,AB Dinda,4,0,,,,,,"",""
ball,1,19.2,Kings XI Punjab,DPMD Jayawardene,PP Chawla,AB Dinda,6,0,,,,,,"",""
ball,1,19.3,Kings XI Punjab,DPMD Jayawardene,PP Chawla,AB Dinda,2,0,,,,,,"",""
ball,1,19.4,Kings XI Punjab,DPMD Jayawardene,PP Chawla,AB Dinda,0,1,1,,,,,"",""
ball,1,19.5,Kings XI Punjab,DPMD Jayawardene,PP Chawla,AB Dinda,1,0,,,,,,"",""
ball,1,19.6,Kings XI Punjab,PP Chawla,DPMD Jayawardene,AB Dinda,0,1,,,1,,,"",""
ball,1,19.7,Kings XI Punjab,DPMD Jayawardene,PP Chawla,AB Dinda,1,0,,,,,,"",""
ball,2,0.1,Kolkata Knight Riders,BB McCullum,CH Gayle,IK Pathan,0,0,,,,,,"",""
ball,2,0.2,Kolkata Knight Riders,BB McCullum,CH Gayle,IK Pathan,0,0,,,,,,"",""
ball,2,0.3,Kolkata Knight Riders,BB McCullum,CH Gayle,IK Pathan,0,0,,,,,,"",""
ball,2,0.4,Kolkata Knight Riders,BB McCullum,CH Gayle,IK Pathan,1,0,,,,,,"",""
ball,2,0.5,Kolkata Knight Riders,CH Gayle,BB McCullum,IK Pathan,0,0,,,,,,"",""
ball,2,0.6,Kolkata Knight Riders,CH Gayle,BB McCullum,IK Pathan,0,1,1,,,,,"",""
ball,2,0.7,Kolkata Knight Riders,CH Gayle,BB McCullum,IK Pathan,1,0,,,,,,"",""
ball,2,1.1,Kolkata Knight Riders,CH Gayle,BB McCullum,YA Abdulla,1,0,,,,,,"",""
ball,2,1.2,Kolkata Knight Riders,BB McCullum,CH Gayle,YA Abdulla,0,0,,,,,,"",""
ball,2,1.3,Kolkata Knight Riders,BB McCullum,CH Gayle,YA Abdulla,0,0,,,,,,"",""
ball,2,1.4,Kolkata Knight Riders,BB McCullum,CH Gayle,YA Abdulla,0,1,1,,,,,"",""
ball,2,1.5,Kolkata Knight Riders,BB McCullum,CH Gayle,YA Abdulla,1,0,,,,,,"",""
ball,2,1.6,Kolkata Knight Riders,CH Gayle,BB McCullum,YA Abdulla,0,1,1,,,,,"",""
ball,2,1.7,Kolkata Knight Riders,CH Gayle,BB McCullum,YA Abdulla,0,0,,,,,,"",""
ball,2,1.8,Kolkata Knight Riders,CH Gayle,BB McCullum,YA Abdulla,2,0,,,,,,"",""
ball,2,2.1,Kolkata Knight Riders,BB McCullum,CH Gayle,IK Pathan,1,0,,,,,,"",""
ball,2,2.2,Kolkata Knight Riders,CH Gayle,BB McCullum,IK Pathan,0,0,,,,,,"",""
ball,2,2.3,Kolkata Knight Riders,CH Gayle,BB McCullum,IK Pathan,0,0,,,,,,"",""
ball,2,2.4,Kolkata Knight Riders,CH Gayle,BB McCullum,IK Pathan,0,0,,,,,,"",""
ball,2,2.5,Kolkata Knight Riders,CH Gayle,BB McCullum,IK Pathan,6,0,,,,,,"",""
ball,2,2.6,Kolkata Knight Riders,CH Gayle,BB McCullum,IK Pathan,0,0,,,,,,"",""
ball,2,3.1,Kolkata Knight Riders,BB McCullum,CH Gayle,YA Abdulla,0,0,,,,,,"",""
ball,2,3.2,Kolkata Knight Riders,BB McCullum,CH Gayle,YA Abdulla,1,0,,,,,,"",""
ball,2,3.3,Kolkata Knight Riders,CH Gayle,BB McCullum,YA Abdulla,6,0,,,,,,"",""
ball,2,3.4,Kolkata Knight Riders,CH Gayle,BB McCullum,YA Abdulla,1,0,,,,,,"",""
ball,2,3.5,Kolkata Knight Riders,BB McCullum,CH Gayle,YA Abdulla,6,0,,,,,,"",""
ball,2,3.6,Kolkata Knight Riders,BB McCullum,CH Gayle,YA Abdulla,0,0,,,,,,"",""
ball,2,4.1,Kolkata Knight Riders,CH Gayle,BB McCullum,IK Pathan,4,0,,,,,,"",""
ball,2,4.2,Kolkata Knight Riders,CH Gayle,BB McCullum,IK Pathan,4,0,,,,,,"",""
ball,2,4.3,Kolkata Knight Riders,CH Gayle,BB McCullum,IK Pathan,6,0,,,,,,"",""
ball,2,4.4,Kolkata Knight Riders,CH Gayle,BB McCullum,IK Pathan,1,0,,,,,,"",""
ball,2,4.5,Kolkata Knight Riders,BB McCullum,CH Gayle,IK Pathan,1,0,,,,,,"",""
ball,2,4.6,Kolkata Knight Riders,CH Gayle,BB McCullum,IK Pathan,0,1,1,,,,,"",""
ball,2,4.7,Kolkata Knight Riders,CH Gayle,BB McCullum,IK Pathan,0,0,,,,,,"",""
ball,2,5.1,Kolkata Knight Riders,BB McCullum,CH Gayle,VS Malik,4,0,,,,,,"",""
ball,2,5.2,Kolkata Knight Riders,BB McCullum,CH Gayle,VS Malik,6,0,,,,,,"",""
ball,2,5.3,Kolkata Knight Riders,BB McCullum,CH Gayle,VS Malik,0,0,,,,,,caught,BB McCullum
ball,2,5.4,Kolkata Knight Riders,BJ Hodge,CH Gayle,VS Malik,2,0,,,,,,"",""
ball,2,5.5,Kolkata Knight Riders,BJ Hodge,CH Gayle,VS Malik,0,0,,,,,,"",""
ball,2,5.6,Kolkata Knight Riders,BJ Hodge,CH Gayle,VS Malik,1,0,,,,,,"",""
ball,2,6.1,Kolkata Knight Riders,BJ Hodge,CH Gayle,PP Chawla,1,0,,,,,,"",""
ball,2,6.2,Kolkata Knight Riders,CH Gayle,BJ Hodge,PP Chawla,0,0,,,,,,"",""
ball,2,6.3,Kolkata Knight Riders,CH Gayle,BJ Hodge,PP Chawla,2,0,,,,,,"",""
ball,2,6.4,Kolkata Knight Riders,CH Gayle,BJ Hodge,PP Chawla,1,0,,,,,,"",""
ball,2,6.5,Kolkata Knight Riders,BJ Hodge,CH Gayle,PP Chawla,1,0,,,,,,"",""
ball,2,6.6,Kolkata Knight Riders,CH Gayle,BJ Hodge,PP Chawla,1,0,,,,,,"",""
ball,2,7.1,Kolkata Knight Riders,CH Gayle,BJ Hodge,VS Malik,1,0,,,,,,"",""
ball,2,7.2,Kolkata Knight Riders,BJ Hodge,CH Gayle,VS Malik,0,0,,,,,,"",""
ball,2,7.3,Kolkata Knight Riders,BJ Hodge,CH Gayle,VS Malik,3,0,,,,,,"",""
ball,2,7.4,Kolkata Knight Riders,CH Gayle,BJ Hodge,VS Malik,0,0,,,,,,"",""
ball,2,7.5,Kolkata Knight Riders,CH Gayle,BJ Hodge,VS Malik,0,0,,,,,,"",""
ball,2,7.6,Kolkata Knight Riders,CH Gayle,BJ Hodge,VS Malik,6,0,,,,,,"",""
ball,2,8.1,Kolkata Knight Riders,BJ Hodge,CH Gayle,PP Chawla,0,0,,,,,,"",""
ball,2,8.2,Kolkata Knight Riders,BJ Hodge,CH Gayle,PP Chawla,0,0,,,,,,"",""
ball,2,8.3,Kolkata Knight Riders,BJ Hodge,CH Gayle,PP Chawla,0,0,,,,,,"",""
ball,2,8.4,Kolkata Knight Riders,BJ Hodge,CH Gayle,PP Chawla,0,0,,,,,,"",""
ball,2,8.5,Kolkata Knight Riders,BJ Hodge,CH Gayle,PP Chawla,2,0,,,,,,"",""
ball,2,8.6,Kolkata Knight Riders,BJ Hodge,CH Gayle,PP Chawla,0,0,,,,,,"",""
ball,2,9.1,Kolkata Knight Riders,CH Gayle,BJ Hodge,RS Bopara,1,0,,,,,,"",""
ball,2,9.2,Kolkata Knight Riders,BJ Hodge,CH Gayle,RS Bopara,0,0,,,,,,"",""
