version,1.6.0
info,balls_per_over,6
info,team,Kolkata Knight Riders
info,team,Rajasthan Royals
info,gender,male
info,season,2009
info,date,2009/05/20
info,event,Indian Premier League
info,match_number,53
info,venue,Kingsmead
info,city,Durban
info,neutralvenue,true
info,toss_winner,Kolkata Knight Riders
info,toss_decision,field
info,player_of_match,LR Shukla
info,umpire,BG Jerling
info,umpire,SJA Taufel
info,reserve_umpire,EC Hendrikse
info,tv_umpire,SS Hazare
info,match_referee,D Govindjee
info,winner,Kolkata Knight Riders
info,winner_wickets,4
info,player,Kolkata Knight Riders,BB McCullum
info,player,Kolkata Knight Riders,SC Ganguly
info,player,Kolkata Knight Riders,BJ Hodge
info,player,Kolkata Knight Riders,Yashpal Singh
info,player,Kolkata Knight Riders,DJ Hussey
info,player,Kolkata Knight Riders,LR Shukla
info,player,Kolkata Knight Riders,SS Shaikh
info,player,Kolkata Knight Riders,AB Agarkar
info,player,Kolkata Knight Riders,CK Langeveldt
info,player,Kolkata Knight Riders,AB Dinda
info,player,Kolkata Knight Riders,SS Sarkar
info,player,Rajasthan Royals,NV Ojha
info,player,Rajasthan Royals,RJ Quiney
info,player,Rajasthan Royals,SA Asnodkar
info,player,Rajasthan Royals,Niraj Patel
info,player,Rajasthan Royals,J Botha
info,player,Rajasthan Royals,YK Pathan
info,player,Rajasthan Royals,RA Jadeja
info,player,Rajasthan Royals,T Henderson
info,player,Rajasthan Royals,SK Warne
info,player,Rajasthan Royals,MM Patel
info,player,Rajasthan Royals,A Singh
info,registry,people,A Singh,5b040b81
info,registry,people,AB Agarkar,fa463154
info,registry,people,AB Dinda,66b30f71
info,registry,people,BB McCullum,b8a55852
info,registry,people,BG Jerling,26457e41
info,registry,people,BJ Hodge,b57f8a9a
info,registry,people,CK Langeveldt,d1c94b25
info,registry,people,D Govindjee,8b4c4069
info,registry,people,DJ Hussey,fd835ab3
info,registry,people,EC Hendrikse,3f2996c9
info,registry,people,J Botha,7c503806
info,registry,people,LR Shukla,b1451597
info,registry,people,MM Patel,f0f628c7
info,registry,people,Niraj Patel,a2870fb7
info,registry,people,NV Ojha,890946a0
info,registry,people,RA Jadeja,fe93fd9d
info,registry,people,RJ Quiney,23ac69e6
info,registry,people,SA Asnodkar,ae091d39
info,registry,people,SC Ganguly,725529bc
info,registry,people,SJA Taufel,4b43d5ac
info,registry,people,SK Warne,bb18be76
info,registry,people,SS Hazare,166e5081
info,registry,people,SS Sarkar,caa89a48
info,registry,people,SS Shaikh,5f5d3ad4
info,registry,people,T Henderson,0a4ebc61
info,registry,people,YK Pathan,3c6ffae8
info,registry,people,Yashpal Singh,297b26da
ball,1,0.1,Rajasthan Royals,NV Ojha,RJ Quiney,BJ Hodge,6,0,,,,,,"",""
ball,1,0.2,Rajasthan Royals,NV Ojha,RJ Quiney,BJ Hodge,2,0,,,,,,"",""
ball,1,0.3,Rajasthan Royals,NV Ojha,RJ Quiney,BJ Hodge,6,0,,,,,,"",""
ball,1,0.4,Rajasthan Royals,NV Ojha,RJ Quiney,BJ Hodge,1,0,,,,,,"",""
ball,1,0.5,Rajasthan Royals,RJ Quiney,NV Ojha,BJ Hodge,1,0,,,,,,"",""
ball,1,0.6,Rajasthan Royals,NV Ojha,RJ Quiney,BJ Hodge,6,0,,,,,,"",""
ball,1,1.1,Rajasthan Royals,RJ Quiney,NV Ojha,CK Langeveldt,0,0,,,,,,caught,RJ Quiney
ball,1,1.2,Rajasthan Royals,SA Asnodkar,NV Ojha,CK Langeveldt,0,0,,,,,,"",""
ball,1,1.3,Rajasthan Royals,SA Asnodkar,NV Ojha,CK Langeveldt,4,0,,,,,,"",""
ball,1,1.4,Rajasthan Royals,SA Asnodkar,NV Ojha,CK Langeveldt,0,0,,,,,,"",""
ball,1,1.5,Rajasthan Royals,SA Asnodkar,NV Ojha,CK Langeveldt,0,0,,,,,,"",""
ball,1,1.6,Rajasthan Royals,SA Asnodkar,NV Ojha,CK Langeveldt,0,0,,,,,,"",""
ball,1,2.1,Rajasthan Royals,NV Ojha,SA Asnodkar,AB Dinda,0,0,,,,,,"",""
ball,1,2.2,Rajasthan Royals,NV Ojha,SA Asnodkar,AB Dinda,0,0,,,,,,"",""
ball,1,2.3,Rajasthan Royals,NV Ojha,SA Asnodkar,AB Dinda,0,0,,,,,,"",""
ball,1,2.4,Rajasthan Royals,NV Ojha,SA Asnodkar,AB Dinda,0,1,1,,,,,"",""
ball,1,2.5,Rajasthan Royals,NV Ojha,SA Asnodkar,AB Dinda,1,0,,,,,,"",""
ball,1,2.6,Rajasthan Royals,SA Asnodkar,NV Ojha,AB Dinda,0,0,,,,,,run out,SA Asnodkar
ball,1,2.7,Rajasthan Royals,Niraj Patel,NV Ojha,AB Dinda,0,0,,,,,,"",""
ball,1,3.1,Rajasthan Royals,NV Ojha,Niraj Patel,CK Langeveldt,0,0,,,,,,"",""
ball,1,3.2,Rajasthan Royals,NV Ojha,Niraj Patel,CK Langeveldt,0,0,,,,,,"",""
ball,1,3.3,Rajasthan Royals,NV Ojha,Niraj Patel,CK Langeveldt,0,0,,,,,,caught,NV Ojha
ball,1,3.4,Rajasthan Royals,J Botha,Niraj Patel,CK Langeveldt,0,0,,,,,,"",""
ball,1,3.5,Rajasthan Royals,J Botha,Niraj Patel,CK Langeveldt,0,0,,,,,,"",""
ball,1,3.6,Rajasthan Royals,J Botha,Niraj Patel,CK Langeveldt,4,0,,,,,,"",""
ball,1,4.1,Rajasthan Royals,Niraj Patel,J Botha,AB Dinda,0,0,,,,,,"",""
ball,1,4.2,Rajasthan Royals,Niraj Patel,J Botha,AB Dinda,0,0,,,,,,"",""
ball,1,4.3,Rajasthan Royals,Niraj Patel,J Botha,AB Dinda,4,0,,,,,,"",""
ball,1,4.4,Rajasthan Royals,Niraj Patel,J Botha,AB Dinda,2,0,,,,,,"",""
ball,1,4.5,Rajasthan Royals,Niraj Patel,J Botha,AB Dinda,0,0,,,,,,"",""
ball,1,4.6,Rajasthan Royals,Niraj Patel,J Botha,AB Dinda,0,0,,,,,,"",""
ball,1,5.1,Rajasthan Royals,J Botha,Niraj Patel,AB Agarkar,0,0,,,,,,"",""
ball,1,5.2,Rajasthan Royals,J Botha,Niraj Patel,AB Agarkar,4,0,,,,,,"",""
ball,1,5.3,Rajasthan Royals,J Botha,Niraj Patel,AB Agarkar,0,0,,,,,,bowled,J Botha
ball,1,5.4,Rajasthan Royals,YK Pathan,Niraj Patel,AB Agarkar,0,0,,,,,,"",""
ball,1,5.5,Rajasthan Royals,YK Pathan,Niraj Patel,AB Agarkar,0,0,,,,,,"",""
ball,1,5.6,Rajasthan Royals,YK Pathan,Niraj Patel,AB Agarkar,4,0,,,,,,"",""
ball,1,6.1,Rajasthan Royals,Niraj Patel,YK Pathan,AB Dinda,0,0,,,,,,"",""
ball,1,6.2,Rajasthan Royals,Niraj Patel,YK Pathan,AB Dinda,0,0,,,,,,"",""
ball,1,6.3,Rajasthan Royals,Niraj Patel,YK Pathan,AB Dinda,0,0,,,,,,"",""
ball,1,6.4,Rajasthan Royals,Niraj Patel,YK Pathan,AB Dinda,0,0,,,,,,"",""
ball,1,6.5,Rajasthan Royals,Niraj Patel,YK Pathan,AB Dinda,0,0,,,,,,"",""
ball,1,6.6,Rajasthan Royals,Niraj Patel,YK Pathan,AB Dinda,1,0,,,,,,"",""
ball,1,7.1,Rajasthan Royals,Niraj Patel,YK Pathan,AB Agarkar,1,0,,,,,,"",""
ball,1,7.2,Rajasthan Royals,YK Pathan,Niraj Patel,AB Agarkar,0,1,,,,1,,"",""
ball,1,7.3,Rajasthan Royals,Niraj Patel,YK Pathan,AB Agarkar,0,0,,,,,,"",""
ball,1,7.4,Rajasthan Royals,Niraj Patel,YK Pathan,AB Agarkar,2,0,,,,,,"",""
ball,1,7.5,Rajasthan Royals,Niraj Patel,YK Pathan,AB Agarkar,0,0,,,,,,"",""
ball,1,7.6,Rajasthan Royals,Niraj Patel,YK Pathan,AB Agarkar,1,0,,,,,,"",""
ball,1,8.1,Rajasthan Royals,Niraj Patel,YK Pathan,SS Sarkar,1,0,,,,,,"",""
ball,1,8.2,Rajasthan Royals,YK Pathan,Niraj Patel,SS Sarkar,1,0,,,,,,"",""
ball,1,8.3,Rajasthan Royals,Niraj Patel,YK Pathan,SS Sarkar,1,0,,,,,,"",""
ball,1,8.4,Rajasthan Royals,YK Pathan,Niraj Patel,SS Sarkar,1,0,,,,,,"",""
ball,1,8.5,Rajasthan Royals,Niraj Patel,YK Pathan,SS Sarkar,1,0,,,,,,"",""
ball,1,8.6,Rajasthan Royals,YK Pathan,Niraj Patel,SS Sarkar,1,0,,,,,,"",""
ball,1,9.1,Rajasthan Royals,YK Pathan,Niraj Patel,CK Langeveldt,1,0,,,,,,"",""
ball,1,9.2,Rajasthan Royals,Niraj Patel,YK Pathan,CK Langeveldt,0,0,,,,,,caught,Niraj Patel
ball,1,9.3,Rajasthan Royals,YK Pathan,RA Jadeja,CK Langeveldt,0,0,,,,,,"",""
ball,1,9.4,Rajasthan Royals,YK Pathan,RA Jadeja,CK Langeveldt,0,0,,,,,,"",""
ball,1,9.5,Rajasthan Royals,YK Pathan,RA Jadeja,CK Langeveldt,0,0,,,,,,"",""
ball,1,9.6,Rajasthan Royals,YK Pathan,RA Jadeja,CK Langeveldt,0,1,1,,,,,"",""
ball,1,9.7,Rajasthan Royals,YK Pathan,RA Jadeja,CK Langeveldt,1,0,,,,,,"",""
ball,1,10.1,Rajasthan Royals,RA Jadeja,YK Pathan,LR Shukla,0,0,,,,,,"",""
ball,1,10.2,Rajasthan Royals,RA Jadeja,YK Pathan,LR Shukla,1,0,,,,,,"",""
ball,1,10.3,Rajasthan Royals,YK Pathan,RA Jadeja,LR Shukla,0,0,,,,,,"",""
ball,1,10.4,Rajasthan Royals,YK Pathan,RA Jadeja,LR Shukla,0,0,,,,,,"",""
ball,1,10.5,Rajasthan Royals,YK Pathan,RA Jadeja,LR Shukla,0,0,,,,,,run out,YK Pathan
ball,1,10.6,Rajasthan Royals,T Henderson,RA Jadeja,LR Shukla,0,0,,,,,,"",""
ball,1,11.1,Rajasthan Royals,RA Jadeja,T Henderson,AB Agarkar,0,0,,,,,,"",""
ball,1,11.2,Rajasthan Royals,RA Jadeja,T Henderson,AB Agarkar,0,0,,,,,,run out,T Henderson
ball,1,11.3,Rajasthan Royals,SK Warne,RA Jadeja,AB Agarkar,1,0,,,,,,"",""
ball,1,11.4,Rajasthan Royals,RA Jadeja,SK Warne,AB Agarkar,0,0,,,,,,"",""
ball,1,11.5,Rajasthan Royals,RA Jadeja,SK Warne,AB Agarkar,0,0,,,,,,"",""
ball,1,11.6,Rajasthan Royals,RA Jadeja,SK Warne,AB Agarkar,0,0,,,,,,"",""
ball,1,12.1,Rajasthan Royals,SK Warne,RA Jadeja,LR Shukla,0,0,,,,,,"",""
ball,1,12.2,Rajasthan Royals,SK Warne,RA Jadeja,LR Shukla,4,0,,,,,,"",""
ball,1,12.3,Rajasthan Royals,SK Warne,RA Jadeja,LR Shukla,0,0,,,,,,"",""
ball,1,12.4,Rajasthan Royals,SK Warne,RA Jadeja,LR Shukla,1,0,,,,,,"",""
ball,1,12.5,Rajasthan Royals,RA Jadeja,SK Warne,LR Shukla,1,0,,,,,,"",""
ball,1,12.6,Rajasthan Royals,SK Warne,RA Jadeja,LR Shukla,0,0,,,,,,"",""
ball,1,13.1,Rajasthan Royals,RA Jadeja,SK Warne,AB Dinda,0,0,,,,,,"",""
ball,1,13.2,Rajasthan Royals,RA Jadeja,SK Warne,AB Dinda,1,0,,,,,,"",""
ball,1,13.3,Rajasthan Royals,SK Warne,RA Jadeja,AB Dinda,1,0,,,,,,"",""
ball,1,13.4,Rajasthan Royals,RA Jadeja,SK Warne,AB Dinda,1,0,,,,,,"",""
ball,1,13.5,Rajasthan Royals,SK Warne,RA Jadeja,AB Dinda,0,0,,,,,,"",""
ball,1,13.6,Rajasthan Royals,SK Warne,RA Jadeja,AB Dinda,0,0,,,,,,"",""
ball,1,14.1,Rajasthan Royals,RA Jadeja,SK Warne,LR Shukla,0,1,1,,,,,"",""
ball,1,14.2,Rajasthan Royals,RA Jadeja,SK Warne,LR Shukla,0,0,,,,,,"",""
ball,1,14.3,Rajasthan Royals,RA Jadeja,SK Warne,LR Shukla,2,0,,,,,,"",""
ball,1,14.4,Rajasthan Royals,RA Jadeja,SK Warne,LR Shukla,0,0,,,,,,"",""
ball,1,14.5,Rajasthan Royals,RA Jadeja,SK Warne,LR Shukla,1,0,,,,,,"",""
ball,1,14.6,Rajasthan Royals,SK Warne,RA Jadeja,LR Shukla,0,1,,,,1,,"",""
ball,1,14.7,Rajasthan Royals,RA Jadeja,SK Warne,LR Shukla,2,0,,,,,,"",""
ball,1,15.1,Rajasthan Royals,SK Warne,RA Jadeja,SS Sarkar,2,0,,,,,,"",""
ball,1,15.2,Rajasthan Royals,SK Warne,RA Jadeja,SS Sarkar,0,0,,,,,,"",""
ball,1,15.3,Rajasthan Royals,SK Warne,RA Jadeja,SS Sarkar,0,0,,,,,,"",""
ball,1,15.4,Rajasthan Royals,SK Warne,RA Jadeja,SS Sarkar,1,0,,,,,,"",""
ball,1,15.5,Rajasthan Royals,RA Jadeja,SK Warne,SS Sarkar,1,0,,,,,,"",""
ball,1,15.6,Rajasthan Royals,SK Warne,RA Jadeja,SS Sarkar,1,0,,,,,,"",""
ball,1,16.1,Rajasthan Royals,SK Warne,RA Jadeja,LR Shukla,0,0,,,,,,"",""
ball,1,16.2,Rajasthan Royals,SK Warne,RA Jadeja,LR Shukla,0,0,,,,,,"",""
ball,1,16.3,Rajasthan Royals,SK Warne,RA Jadeja,LR Shukla,2,0,,,,,,"",""
ball,1,16.4,Rajasthan Royals,SK Warne,RA Jadeja,LR Shukla,0,0,,,,,,"",""
ball,1,16.5,Rajasthan Royals,SK Warne,RA Jadeja,LR Shukla,1,0,,,,,,"",""
ball,1,16.6,Rajasthan Royals,RA Jadeja,SK Warne,LR Shukla,4,0,,,,,,"",""
ball,1,17.1,Rajasthan Royals,SK Warne,RA Jadeja,SS Sarkar,1,0,,,,,,"",""
ball,1,17.2,Rajasthan Royals,RA Jadeja,SK Warne,SS Sarkar,0,0,,,,,,bowled,RA Jadeja
ball,1,17.3,Rajasthan Royals,MM Patel,SK Warne,SS Sarkar,1,0,,,,,,"",""
ball,1,17.4,Rajasthan Royals,SK Warne,MM Patel,SS Sarkar,1,0,,,,,,"",""
ball,1,17.5,Rajasthan Royals,MM Patel,SK Warne,SS Sarkar,1,0,,,,,,"",""
ball,1,17.6,Rajasthan Royals,SK Warne,MM Patel,SS Sarkar,0,0,,,,,,"",""
ball,1,18.1,Rajasthan Royals,MM Patel,SK Warne,CK Langeveldt,0,0,,,,,,"",""
ball,1,18.2,Rajasthan Royals,MM Patel,SK Warne,CK Langeveldt,1,0,,,,,,"",""
ball,1,18.3,Rajasthan Royals,SK Warne,MM Patel,CK Langeveldt,1,0,,,,,,"",""
ball,1,18.4,Rajasthan Royals,MM Patel,SK Warne,CK Langeveldt,1,0,,,,,,"",""
ball,1,18.5,Rajasthan Royals,SK Warne,MM Patel,CK Langeveldt,0,0,,,,,,"",""
ball,1,18.6,Rajasthan Royals,SK Warne,MM Patel,CK Langeveldt,1,0,,,,,,"",""
ball,1,19.1,Rajasthan Royals,SK Warne,MM Patel,AB Agarkar,0,0,,,,,,"",""
ball,1,19.2,Rajasthan Royals,SK Warne,MM Patel,AB Agarkar,0,0,,,,,,"",""
ball,1,19.3,Rajasthan Royals,SK Warne,MM Patel,AB Agarkar,0,0,,,,,,bowled,SK Warne
ball,1,19.4,Rajasthan Royals,A Singh,MM Patel,AB Agarkar,0,0,,,,,,"",""
ball,1,19.5,Rajasthan Royals,A Singh,MM Patel,AB Agarkar,1,0,,,,,,"",""
ball,1,19.6,Rajasthan Royals,MM Patel,A Singh,AB Agarkar,1,0,,,,,,"",""
ball,2,0.1,Kolkata Knight Riders,BB McCullum,SC Ganguly,MM Patel,4,0,,,,,,"",""
ball,2,0.2,Kolkata Knight Riders,BB McCullum,SC Ganguly,MM Patel,4,0,,,,,,"",""
ball,2,0.3,Kolkata Knight Riders,BB McCullum,SC Ganguly,MM Patel,1,0,,,,,,"",""
ball,2,0.4,Kolkata Knight Riders,SC Ganguly,BB McCullum,MM Patel,0,0,,,,,,"",""
ball,2,0.5,Kolkata Knight Riders,SC Ganguly,BB McCullum,MM Patel,0,0,,,,,,"",""
ball,2,0.6,Kolkata Knight Riders,SC Ganguly,BB McCullum,MM Patel,0,0,,,,,,caught,SC Ganguly
ball,2,1.1,Kolkata Knight Riders,BB McCullum,BJ Hodge,A Singh,0,0,,,,,,lbw,BB McCullum
ball,2,1.2,Kolkata Knight Riders,Yashpal Singh,BJ Hodge,A Singh,0,0,,,,,,"",""
ball,2,1.3,Kolkata Knight Riders,Yashpal Singh,BJ Hodge,A Singh,0,0,,,,,,"",""
ball,2,1.4,Kolkata Knight Riders,Yashpal Singh,BJ Hodge,A Singh,0,0,,,,,,"",""
ball,2,1.5,Kolkata Knight Riders,Yashpal Singh,BJ Hodge,A Singh,1,0,,,,,,"",""
ball,2,1.6,Kolkata Knight Riders,BJ Hodge,Yashpal Singh,A Singh,0,0,,,,,,"",""
ball,2,2.1,Kolkata Knight Riders,Yashpal Singh,BJ Hodge,MM Patel,0,0,,,,,,"",""
ball,2,2.2,Kolkata Knight Riders,Yashpal Singh,BJ Hodge,MM Patel,0,0,,,,,,"",""
ball,2,2.3,Kolkata Knight Riders,Yashpal Singh,BJ Hodge,MM Patel,0,0,,,,,,"",""
ball,2,2.4,Kolkata Knight Riders,Yashpal Singh,BJ Hodge,MM Patel,0,0,,,,,,"",""
ball,2,2.5,Kolkata Knight Riders,Yashpal Singh,BJ Hodge,MM Patel,0,0,,,,,,"",""
ball,2,2.6,Kolkata Knight Riders,Yashpal Singh,BJ Hodge,MM Patel,3,0,,,,,,"",""
ball,2,3.1,Kolkata Knight Riders,Yashpal Singh,BJ Hodge,A Singh,1,0,,,,,,"",""
ball,2,3.2,Kolkata Knight Riders,BJ Hodge,Yashpal Singh,A Singh,4,0,,,,,,"",""
ball,2,3.3,Kolkata Knight Riders,BJ Hodge,Yashpal Singh,A Singh,1,0,,,,,,"",""
ball,2,3.4,Kolkata Knight Riders,Yashpal Singh,BJ Hodge,A Singh,0,0,,,,,,"",""
ball,2,3.5,Kolkata Knight Riders,Yashpal Singh,BJ Hodge,A Singh,1,0,,,,,,"",""
ball,2,3.6,Kolkata Knight Riders,BJ Hodge,Yashpal Singh,A Singh,0,0,,,,,,"",""
ball,2,4.1,Kolkata Knight Riders,Yashpal Singh,BJ Hodge,MM Patel,0,0,,,,,,"",""
ball,2,4.2,Kolkata Knight Riders,Yashpal Singh,BJ Hodge,MM Patel,0,0,,,,,,"",""
ball,2,4.3,Kolkata Knight Riders,Yashpal Singh,BJ Hodge,MM Patel,0,1,,1,,,,"",""
ball,2,4.4,Kolkata Knight Riders,Yashpal Singh,BJ Hodge,MM Patel,0,0,,,,,,"",""
ball,2,4.5,Kolkata Knight Riders,Yashpal Singh,BJ Hodge,MM Patel,0,0,,,,,,"",""
ball,2,4.6,Kolkata Knight Riders,Yashpal Singh,BJ Hodge,MM Patel,0,0,,,,,,"",""
ball,2,4.7,Kolkata Knight Riders,Yashpal Singh,BJ Hodge,MM Patel,0,0,,,,,,caught,Yashpal Singh
ball,2,5.1,Kolkata Knight Riders,DJ Hussey,BJ Hodge,A Singh,4,0,,,,,,"",""
ball,2,5.2,Kolkata Knight Riders,DJ Hussey,BJ Hodge,A Singh,4,0,,,,,,"",""
ball,2,5.3,Kolkata Knight Riders,DJ Hussey,BJ Hodge,A Singh,0,0,,,,,,"",""
ball,2,5.4,Kolkata Knight Riders,DJ Hussey,BJ Hodge,A Singh,0,0,,,,,,"",""
ball,2,5.5,Kolkata Knight Riders,DJ Hussey,BJ Hodge,A Singh,0,0,,,,,,"",""
ball,2,5.6,Kolkata Knight Riders,DJ Hussey,BJ Hodge,A Singh,0,0,,,,,,"",""
ball,2,6.1,Kolkata Knight Riders,BJ Hodge,DJ Hussey,MM Patel,0,0,,,,,,"",""
ball,2,6.2,Kolkata Knight Riders,BJ Hodge,DJ Hussey,MM Patel,0,0,,,,,,"",""
ball,2,6.3,Kolkata Knight Riders,BJ Hodge,DJ Hussey,MM Patel,1,0,,,,,,"",""
ball,2,6.4,Kolkata Knight Riders,DJ Hussey,BJ Hodge,MM Patel,0,0,,,,,,"",""
ball,2,6.5,Kolkata Knight Riders,DJ Hussey,BJ Hodge,MM Patel,0,0,,,,,,"",""
ball,2,6.6,Kolkata Knight Riders,DJ Hussey,BJ Hodge,MM Patel,0,0,,,,,,"",""
ball,2,7.1,Kolkata Knight Riders,BJ Hodge,DJ Hussey,J Botha,0,0,,,,,,stumped,BJ Hodge
ball,2,7.2,Kolkata Knight Riders,LR Shukla,DJ Hussey,J Botha,0,0,,,,,,"",""
ball,2,7.3,Kolkata Knight Riders,LR Shukla,DJ Hussey,J Botha,0,0,,,,,,"",""
ball,2,7.4,Kolkata Knight Riders,LR Shukla,DJ Hussey,J Botha,4,0,,,,,,"",""
ball,2,7.5,Kolkata Knight Riders,LR Shukla,DJ Hussey,J Botha,0,0,,,,,,"",""
ball,2,7.6,Kolkata Knight Riders,LR Shukla,DJ Hussey,J Botha,1,0,,,,,,"",""
ball,2,8.1,Kolkata Knight Riders,LR Shukla,DJ Hussey,SK Warne,1,0,,,,,,"",""
ball,2,8.2,Kolkata Knight Riders,DJ Hussey,LR Shukla,SK Warne,0,0,,,,,,"",""
ball,2,8.3,Kolkata Knight Riders,DJ Hussey,LR Shukla,SK Warne,0,0,,,,,,"",""
ball,2,8.4,Kolkata Knight Riders,DJ Hussey,LR Shukla,SK Warne,1,0,,,,,,"",""
ball,2,8.5,Kolkata Knight Riders,LR Shukla,DJ Hussey,SK Warne,0,0,,,,,,"",""
ball,2,8.6,Kolkata Knight Riders,LR Shukla,DJ Hussey,SK Warne,0,0,,,,,,"",""
ball,2,9.1,Kolkata Knight Riders,DJ Hussey,LR Shukla,J Botha,0,0,,,,,,caught,DJ Hussey
ball,2,9.2,Kolkata Knight Riders,LR Shukla,SS Shaikh,J Botha,0,0,,,,,,"",""
ball,2,9.3,Kolkata Knight Riders,LR Shukla,SS Shaikh,J Botha,1,0,,,,,,"",""
ball,2,9.4,Kolkata Knight Riders,SS Shaikh,LR Shukla,J Botha,0,0,,,,,,"",""
ball,2,9.5,Kolkata Knight Riders,SS Shaikh,LR Shukla,J Botha,0,0,,,,,,"",""
ball,2,9.6,Kolkata Knight Riders,SS Shaikh,LR Shukla,J Botha,0,0,,,,,,"",""
ball,2,10.1,Kolkata Knight Riders,LR Shukla,SS Shaikh,SK Warne,0,0,,,,,,"",""
ball,2,10.2,Kolkata Knight Riders,LR Shukla,SS Shaikh,SK Warne,0,0,,,,,,"",""
ball,2,10.3,Kolkata Knight Riders,LR Shukla,SS Shaikh,SK Warne,1,0,,,,,,"",""
ball,2,10.4,Kolkata Knight Riders,SS Shaikh,LR Shukla,SK Warne,4,0,,,,,,"",""
ball,2,10.5,Kolkata Knight Riders,SS Shaikh,LR Shukla,SK Warne,1,0,,,,,,"",""
ball,2,10.6,Kolkata Knight Riders,LR Shukla,SS Shaikh,SK Warne,0,0,,,,,,"",""
ball,2,11.1,Kolkata Knight Riders,SS Shaikh,LR Shukla,J Botha,0,0,,,,,,"",""
ball,2,11.2,Kolkata Knight Riders,SS Shaikh,LR Shukla,J Botha,1,0,,,,,,"",""
ball,2,11.3,Kolkata Knight Riders,LR Shukla,SS Shaikh,J Botha,0,0,,,,,,run out,SS Shaikh
ball,2,11.4,Kolkata Knight Riders,LR Shukla,AB Agarkar,J Botha,0,0,,,,,,"",""
ball,2,11.5,Kolkata Knight Riders,LR Shukla,AB Agarkar,J Botha,1,0,,,,,,"",""
ball,2,11.6,Kolkata Knight Riders,AB Agarkar,LR Shukla,J Botha,1,0,,,,,,"",""
ball,2,12.1,Kolkata Knight Riders,AB Agarkar,LR Shukla,SK Warne,1,0,,,,,,"",""
ball,2,12.2,Kolkata Knight Riders,LR Shukla,AB Agarkar,SK Warne,6,0,,,,,,"",""
ball,2,12.3,Kolkata Knight Riders,LR Shukla,AB Agarkar,SK Warne,0,0,,,,,,"",""
ball,2,12.4,Kolkata Knight Riders,LR Shukla,AB Agarkar,SK Warne,2,0,,,,,,"",""
ball,2,12.5,Kolkata Knight Riders,LR Shukla,AB Agarkar,SK Warne,1,0,,,,,,"",""
ball,2,12.6,Kolkata Knight Riders,AB Agarkar,LR Shukla,SK Warne,0,0,,,,,,"",""
ball,2,13.1,Kolkata Knight Riders,LR Shukla,AB Agarkar,RA Jadeja,1,0,,,,,,"",""
ball,2,13.2,Kolkata Knight Riders,AB Agarkar,LR Shukla,RA Jadeja,1,0,,,,,,"",""
ball,2,13.3,Kolkata Knight Riders,LR Shukla,AB Agarkar,RA Jadeja,0,0,,,,,,"",""
ball,2,13.4,Kolkata Knight Riders,LR Shukla,AB Agarkar,RA Jadeja,1,0,,,,,,"",""
ball,2,13.5,Kolkata Knight Riders,AB Agarkar,LR Shukla,RA Jadeja,0,0,,,,,,"",""
ball,2,13.6,Kolkata Knight Riders,AB Agarkar,LR Shukla,RA Jadeja,0,1,,,,1,,"",""
ball,2,14.1,Kolkata Knight Riders,AB Agarkar,LR Shukla,T Henderson,1,0,,,,,,"",""
ball,2,14.2,Kolkata Knight Riders,LR Shukla,AB Agarkar,T Henderson,0,0,,,,,,"",""
ball,2,14.3,Kolkata Knight Riders,LR Shukla,AB Agarkar,T Henderson,2,0,,,,,,"",""
ball,2,14.4,Kolkata Knight Riders,LR Shukla,AB Agarkar,T Henderson,1,0,,,,,,"",""
ball,2,14.5,Kolkata Knight Riders,AB Agarkar,LR Shukla,T Henderson,0,0,,,,,,"",""
ball,2,14.6,Kolkata Knight Riders,AB Agarkar,LR Shukla,T Henderson,0,0,,,,,,"",""
ball,2,15.1,Kolkata Knight Riders,LR Shukla,AB Agarkar,RA Jadeja,4,0,,,,,,"",""
ball,2,15.2,Kolkata Knight Riders,LR Shukla,AB Agarkar,RA Jadeja,2,0,,,,,,"",""
ball,2,15.3,Kolkata Knight Riders,LR Shukla,AB Agarkar,RA Jadeja,2,0,,,,,,"",""
ball,2,15.4,Kolkata Knight Riders,LR Shukla,AB Agarkar,RA Jadeja,0,0,,,,,,"",""
ball,2,15.5,Kolkata Knight Riders,LR Shukla,AB Agarkar,RA Jadeja,2,0,,,,,,"",""
ball,2,15.6,Kolkata Knight Riders,LR Shukla,AB Agarkar,RA Jadeja,0,0,,,,,,"",""
ball,2,16.1,Kolkata Knight Riders,AB Agarkar,LR Shukla,SK Warne,1,0,,,,,,"",""
ball,2,16.2,Kolkata Knight Riders,LR Shukla,AB Agarkar,SK Warne,0,0,,,,,,"",""
ball,2,16.3,Kolkata Knight Riders,LR Shukla,AB Agarkar,SK Warne,1,0,,,,,,"",""
ball,2,16.4,Kolkata Knight Riders,AB Agarkar,LR Shukla,SK Warne,1,0,,,,,,"",""
ball,2,16.5,Kolkata Knight Riders,LR Shukla,AB Agarkar,SK Warne,0,1,1,,,,,"",""
ball,2,16.6,Kolkata Knight Riders,LR Shukla,AB Agarkar,SK Warne,1,0,,,,,,"",""
ball,2,16.7,Kolkata Knight Riders,AB Agarkar,LR Shukla,SK Warne,1,0,,,,,,"",""
ball,2,17.1,Kolkata Knight Riders,AB Agarkar,LR Shukla,J Botha,1,0,,,,,,"",""
ball,2,17.2,Kolkata Knight Riders,LR Shukla,AB Agarkar,J Botha,1,0,,,,,,"",""
ball,2,17.3,Kolkata Knight Riders,AB Agarkar,LR Shukla,J Botha,1,0,,,,,,"",""
ball,2,17.4,Kolkata Knight Riders,LR Shukla,AB Agarkar,J Botha,6,0,,,,,,"",""
ball,2,17.5,Kolkata Knight Riders,LR Shukla,AB Agarkar,J Botha,0,0,,,,,,"",""
ball,2,17.6,Kolkata Knight Riders,LR Shukla,AB Agarkar,J Botha,1,0,,,,,,"",""
ball,2,18.1,Kolkata Knight Riders,LR Shukla,AB Agarkar,T Henderson,0,0,,,,,,"",""
ball,2,18.2,Kolkata Knight Riders,LR Shukla,AB Agarkar,T Henderson,4,0,,,,,,"",""
ball,2,18.3,Kolkata Knight Riders,LR Shukla,AB Agarkar,T Henderson,0,0,,,,,,"",""
ball,2,18.4,Kolkata Knight Riders,LR Shukla,AB Agarkar,T Henderson,1,0,,,,,,"",""
ball,2,18.5,Kolkata Knight Riders,AB Agarkar,LR Shukla,T Henderson,1,0,,,,,,"",""
ball,2,18.6,Kolkata Knight Riders,LR Shukla,AB Agarkar,T Henderson,0,1,,,1,,,"",""
ball,2,19.1,Kolkata Knight Riders,LR Shukla,AB Agarkar,A Singh,0,1,,,1,,,"",""
ball,2,19.2,Kolkata Knight Riders,AB Agarkar,LR Shukla,A Singh,2,0,,,,,,"",""
ball,2,19.3,Kolkata Knight Riders,AB Agarkar,LR Shukla,A Singh,1,0,,,,,,"",""
