version,1.6.0
info,balls_per_over,6
info,team,Chennai Super Kings
info,team,Mumbai Indians
info,gender,male
info,season,2009/10
info,date,2010/04/25
info,event,Indian Premier League
info,venue,Dr DY Patil Sports Academy
info,city,Mumbai
info,toss_winner,Chennai Super Kings
info,toss_decision,bat
info,player_of_match,SK Raina
info,umpire,RE Koertzen
info,umpire,SJA Taufel
info,reserve_umpire,SN Bandekar
info,tv_umpire,S Ravi
info,match_referee,S Venkataraghavan
info,winner,Chennai Super Kings
info,winner_runs,22
info,player,Chennai Super Kings,M Vijay
info,player,Chennai Super Kings,ML Hayden
info,player,Chennai Super Kings,SK Raina
info,player,Chennai Super Kings,S Badrinath
info,player,Chennai Super Kings,MS Dhoni
info,player,Chennai Super Kings,JA Morkel
info,player,Chennai Super Kings,S Anirudha
info,player,Chennai Super Kings,R Ashwin
info,player,Chennai Super Kings,SB Jakati
info,player,Chennai Super Kings,DE Bollinger
info,player,Chennai Super Kings,M Muralitharan
info,player,Mumbai Indians,S Dhawan
info,player,Mumbai Indians,SR Tendulkar
info,player,Mumbai Indians,AM Nayar
info,player,Mumbai Indians,Harbhajan Singh
info,player,Mumbai Indians,AT Rayudu
info,player,Mumbai Indians,SS Tiwary
info,player,Mumbai Indians,JP Duminy
info,player,Mumbai Indians,KA Pollard
info,player,Mumbai Indians,Z Khan
info,player,Mumbai Indians,SL Malinga
info,player,Mumbai Indians,CRD Fernando
info,registry,people,AM Nayar,a45a5e8d
info,registry,people,AT Rayudu,70d205c9
info,registry,people,CRD Fernando,342d8ade
info,registry,people,DE Bollinger,45c2196c
info,registry,people,Harbhajan Singh,8b5b6769
info,registry,people,JA Morkel,c3d35165
info,registry,people,JP Duminy,2e8994e7
info,registry,people,KA Pollard,a757b0d8
info,registry,people,M Muralitharan,4ba44e19
info,registry,people,M Vijay,4b57e452
info,registry,people,ML Hayden,d8699ab7
info,registry,people,MS Dhoni,4a8a2e3b
info,registry,people,R Ashwin,495d42a5
info,registry,people,RE Koertzen,0265fab2
info,registry,people,S Anirudha,95a2ea61
info,registry,people,S Badrinath,3576e47e
info,registry,people,S Dhawan,0a476045
info,registry,people,S Ravi,9b9ee0df
info,registry,people,S Venkataraghavan,12453319
info,registry,people,SB Jakati,c8179c68
info,registry,people,SJA Taufel,4b43d5ac
info,registry,people,SK Raina,1dc12ab9
info,registry,people,SL Malinga,a12e1d51
info,registry,people,SN Bandekar,350528bb
info,registry,people,SR Tendulkar,d2c2b2d5
info,registry,people,SS Tiwary,709b0bac
info,registry,people,Z Khan,91a4a398
ball,1,0.1,Chennai Super Kings,M Vijay,ML Hayden,Harbhajan Singh,1,0,,,,,,"",""
ball,1,0.2,Chennai Super Kings,ML Hayden,M Vijay,Harbhajan Singh,0,0,,,,,,"",""
ball,1,0.3,Chennai Super Kings,ML Hayden,M Vijay,Harbhajan Singh,0,0,,,,,,"",""
ball,1,0.4,Chennai Super Kings,ML Hayden,M Vijay,Harbhajan Singh,0,0,,,,,,"",""
ball,1,0.5,Chennai Super Kings,ML Hayden,M Vijay,Harbhajan Singh,1,0,,,,,,"",""
ball,1,0.6,Chennai Super Kings,M Vijay,ML Hayden,Harbhajan Singh,2,0,,,,,,"",""
ball,1,1.1,Chennai Super Kings,ML Hayden,M Vijay,SL Malinga,1,0,,,,,,"",""
ball,1,1.2,Chennai Super Kings,M Vijay,ML Hayden,SL Malinga,0,0,,,,,,"",""
ball,1,1.3,Chennai Super Kings,M Vijay,ML Hayden,SL Malinga,1,0,,,,,,"",""
ball,1,1.4,Chennai Super Kings,ML Hayden,M Vijay,SL Malinga,0,0,,,,,,"",""
ball,1,1.5,Chennai Super Kings,ML Hayden,M Vijay,SL Malinga,0,0,,,,,,"",""
ball,1,1.6,Chennai Super Kings,ML Hayden,M Vijay,SL Malinga,0,0,,,,,,"",""
ball,1,2.1,Chennai Super Kings,M Vijay,ML Hayden,Harbhajan Singh,1,0,,,,,,"",""
ball,1,2.2,Chennai Super Kings,ML Hayden,M Vijay,Harbhajan Singh,0,0,,,,,,"",""
ball,1,2.3,Chennai Super Kings,ML Hayden,M Vijay,Harbhajan Singh,0,0,,,,,,"",""
ball,1,2.4,Chennai Super Kings,ML Hayden,M Vijay,Harbhajan Singh,6,0,,,,,,"",""
ball,1,2.5,Chennai Super Kings,ML Hayden,M Vijay,Harbhajan Singh,0,0,,,,,,"",""
ball,1,2.6,Chennai Super Kings,ML Hayden,M Vijay,Harbhajan Singh,0,0,,,,,,"",""
ball,1,3.1,Chennai Super Kings,M Vijay,ML Hayden,Z Khan,0,0,,,,,,"",""
ball,1,3.2,Chennai Super Kings,M Vijay,ML Hayden,Z Khan,6,0,,,,,,"",""
ball,1,3.3,Chennai Super Kings,M Vijay,ML Hayden,Z Khan,1,0,,,,,,"",""
ball,1,3.4,Chennai Super Kings,ML Hayden,M Vijay,Z Khan,0,0,,,,,,"",""
ball,1,3.5,Chennai Super Kings,ML Hayden,M Vijay,Z Khan,0,0,,,,,,"",""
ball,1,3.6,Chennai Super Kings,ML Hayden,M Vijay,Z Khan,0,0,,,,,,"",""
ball,1,4.1,Chennai Super Kings,M Vijay,ML Hayden,SL Malinga,4,0,,,,,,"",""
ball,1,4.2,Chennai Super Kings,M Vijay,ML Hayden,SL Malinga,0,0,,,,,,"",""
ball,1,4.3,Chennai Super Kings,M Vijay,ML Hayden,SL Malinga,1,0,,,,,,"",""
ball,1,4.4,Chennai Super Kings,ML Hayden,M Vijay,SL Malinga,0,0,,,,,,"",""
ball,1,4.5,Chennai Super Kings,ML Hayden,M Vijay,SL Malinga,4,0,,,,,,"",""
ball,1,4.6,Chennai Super Kings,ML Hayden,M Vijay,SL Malinga,0,0,,,,,,"",""
ball,1,5.1,Chennai Super Kings,M Vijay,ML Hayden,CRD Fernando,0,1,1,,,,,"",""
ball,1,5.2,Chennai Super Kings,M Vijay,ML Hayden,CRD Fernando,0,0,,,,,,"",""
ball,1,5.3,Chennai Super Kings,M Vijay,ML Hayden,CRD Fernando,1,0,,,,,,"",""
ball,1,5.4,Chennai Super Kings,ML Hayden,M Vijay,CRD Fernando,1,0,,,,,,"",""
ball,1,5.5,Chennai Super Kings,M Vijay,ML Hayden,CRD Fernando,6,0,,,,,,"",""
ball,1,5.6,Chennai Super Kings,M Vijay,ML Hayden,CRD Fernando,1,0,,,,,,"",""
ball,1,5.7,Chennai Super Kings,ML Hayden,M Vijay,CRD Fernando,0,1,,,,1,,"",""
ball,1,6.1,Chennai Super Kings,ML Hayden,M Vijay,Z Khan,0,0,,,,,,"",""
ball,1,6.2,Chennai Super Kings,ML Hayden,M Vijay,Z Khan,1,0,,,,,,"",""
ball,1,6.3,Chennai Super Kings,M Vijay,ML Hayden,Z Khan,1,0,,,,,,"",""
ball,1,6.4,Chennai Super Kings,ML Hayden,M Vijay,Z Khan,1,0,,,,,,"",""
ball,1,6.5,Chennai Super Kings,M Vijay,ML Hayden,Z Khan,0,0,,,,,,"",""
ball,1,6.6,Chennai Super Kings,M Vijay,ML Hayden,Z Khan,0,0,,,,,,"",""
ball,1,7.1,Chennai Super Kings,ML Hayden,M Vijay,CRD Fernando,1,0,,,,,,"",""
ball,1,7.2,Chennai Super Kings,M Vijay,ML Hayden,CRD Fernando,0,0,,,,,,caught,M Vijay
ball,1,7.3,Chennai Super Kings,ML Hayden,SK Raina,CRD Fernando,0,0,,,,,,"",""
ball,1,7.4,Chennai Super Kings,ML Hayden,SK Raina,CRD Fernando,0,0,,,,,,"",""
ball,1,7.5,Chennai Super Kings,ML Hayden,SK Raina,CRD Fernando,0,0,,,,,,"",""
ball,1,7.6,Chennai Super Kings,ML Hayden,SK Raina,CRD Fernando,0,0,,,,,,"",""
ball,1,8.1,Chennai Super Kings,SK Raina,ML Hayden,KA Pollard,1,0,,,,,,"",""
ball,1,8.2,Chennai Super Kings,ML Hayden,SK Raina,KA Pollard,1,0,,,,,,"",""
ball,1,8.3,Chennai Super Kings,SK Raina,ML Hayden,KA Pollard,1,0,,,,,,"",""
ball,1,8.4,Chennai Super Kings,ML Hayden,SK Raina,KA Pollard,0,0,,,,,,caught,ML Hayden
ball,1,8.5,Chennai Super Kings,SK Raina,S Badrinath,KA Pollard,1,0,,,,,,"",""
ball,1,8.6,Chennai Super Kings,S Badrinath,SK Raina,KA Pollard,1,0,,,,,,"",""
ball,1,9.1,Chennai Super Kings,S Badrinath,SK Raina,Harbhajan Singh,0,1,,,,1,,"",""
ball,1,9.2,Chennai Super Kings,SK Raina,S Badrinath,Harbhajan Singh,1,0,,,,,,"",""
ball,1,9.3,Chennai Super Kings,S Badrinath,SK Raina,Harbhajan Singh,1,0,,,,,,"",""
ball,1,9.4,Chennai Super Kings,SK Raina,S Badrinath,Harbhajan Singh,1,0,,,,,,"",""
ball,1,9.5,Chennai Super Kings,S Badrinath,SK Raina,Harbhajan Singh,4,0,,,,,,"",""
ball,1,9.6,Chennai Super Kings,S Badrinath,SK Raina,Harbhajan Singh,1,0,,,,,,"",""
ball,1,10.1,Chennai Super Kings,S Badrinath,SK Raina,KA Pollard,1,0,,,,,,"",""
ball,1,10.2,Chennai Super Kings,SK Raina,S Badrinath,KA Pollard,1,0,,,,,,"",""
ball,1,10.3,Chennai Super Kings,S Badrinath,SK Raina,KA Pollard,4,0,,,,,,"",""
ball,1,10.4,Chennai Super Kings,S Badrinath,SK Raina,KA Pollard,1,0,,,,,,"",""
ball,1,10.5,Chennai Super Kings,SK Raina,S Badrinath,KA Pollard,1,0,,,,,,"",""
ball,1,10.6,Chennai Super Kings,S Badrinath,SK Raina,KA Pollard,1,0,,,,,,"",""
ball,1,11.1,Chennai Super Kings,S Badrinath,SK Raina,CRD Fernando,0,0,,,,,,"",""
ball,1,11.2,Chennai Super Kings,S Badrinath,SK Raina,CRD Fernando,0,0,,,,,,caught,S Badrinath
ball,1,11.3,Chennai Super Kings,MS Dhoni,SK Raina,CRD Fernando,0,0,,,,,,"",""
ball,1,11.4,Chennai Super Kings,MS Dhoni,SK Raina,CRD Fernando,0,0,,,,,,"",""
ball,1,11.5,Chennai Super Kings,MS Dhoni,SK Raina,CRD Fernando,0,0,,,,,,"",""
ball,1,11.6,Chennai Super Kings,MS Dhoni,SK Raina,CRD Fernando,1,0,,,,,,"",""
ball,1,12.1,Chennai Super Kings,MS Dhoni,SK Raina,KA Pollard,6,0,,,,,,"",""
ball,1,12.2,Chennai Super Kings,MS Dhoni,SK Raina,KA Pollard,1,0,,,,,,"",""
ball,1,12.3,Chennai Super Kings,SK Raina,MS Dhoni,KA Pollard,0,0,,,,,,"",""
ball,1,12.4,Chennai Super Kings,SK Raina,MS Dhoni,KA Pollard,0,0,,,,,,"",""
ball,1,12.5,Chennai Super Kings,SK Raina,MS Dhoni,KA Pollard,1,0,,,,,,"",""
ball,1,12.6,Chennai Super Kings,MS Dhoni,SK Raina,KA Pollard,4,0,,,,,,"",""
ball,1,13.1,Chennai Super Kings,SK Raina,MS Dhoni,SL Malinga,1,0,,,,,,"",""
ball,1,13.2,Chennai Super Kings,MS Dhoni,SK Raina,SL Malinga,1,0,,,,,,"",""
ball,1,13.3,Chennai Super Kings,SK Raina,MS Dhoni,SL Malinga,1,0,,,,,,"",""
ball,1,13.4,Chennai Super Kings,MS Dhoni,SK Raina,SL Malinga,1,0,,,,,,"",""
ball,1,13.5,Chennai Super Kings,SK Raina,MS Dhoni,SL Malinga,3,0,,,,,,"",""
ball,1,13.6,Chennai Super Kings,MS Dhoni,SK Raina,SL Malinga,4,0,,,,,,"",""
ball,1,14.1,Chennai Super Kings,SK Raina,MS Dhoni,Z Khan,0,1,1,,,,,"",""
ball,1,14.2,Chennai Super Kings,SK Raina,MS Dhoni,Z Khan,2,0,,,,,,"",""
ball,1,14.3,Chennai Super Kings,SK Raina,MS Dhoni,Z Khan,2,0,,,,,,"",""
ball,1,14.4,Chennai Super Kings,SK Raina,MS Dhoni,Z Khan,4,0,,,,,,"",""
ball,1,14.5,Chennai Super Kings,SK Raina,MS Dhoni,Z Khan,6,0,,,,,,"",""
ball,1,14.6,Chennai Super Kings,SK Raina,MS Dhoni,Z Khan,1,0,,,,,,"",""
ball,1,14.7,Chennai Super Kings,MS Dhoni,SK Raina,Z Khan,1,0,,,,,,"",""
ball,1,15.1,Chennai Super Kings,MS Dhoni,SK Raina,KA Pollard,1,0,,,,,,"",""
ball,1,15.2,Chennai Super Kings,SK Raina,MS Dhoni,KA Pollard,2,0,,,,,,"",""
ball,1,15.3,Chennai Super Kings,SK Raina,MS Dhoni,KA Pollard,6,0,,,,,,"",""
ball,1,15.4,Chennai Super Kings,SK Raina,MS Dhoni,KA Pollard,2,0,,,,,,"",""
ball,1,15.5,Chennai Super Kings,SK Raina,MS Dhoni,KA Pollard,6,0,,,,,,"",""
ball,1,15.6,Chennai Super Kings,SK Raina,MS Dhoni,KA Pollard,2,0,,,,,,"",""
ball,1,16.1,Chennai Super Kings,MS Dhoni,SK Raina,CRD Fernando,1,0,,,,,,"",""
ball,1,16.2,Chennai Super Kings,SK Raina,MS Dhoni,CRD Fernando,4,0,,,,,,"",""
ball,1,16.3,Chennai Super Kings,SK Raina,MS Dhoni,CRD Fernando,0,0,,,,,,"",""
ball,1,16.4,Chennai Super Kings,SK Raina,MS Dhoni,CRD Fernando,0,1,1,,,,,"",""
ball,1,16.5,Chennai Super Kings,SK Raina,MS Dhoni,CRD Fernando,0,1,,,,1,,"",""
ball,1,16.6,Chennai Super Kings,MS Dhoni,SK Raina,CRD Fernando,1,0,,,,,,"",""
ball,1,16.7,Chennai Super Kings,SK Raina,MS Dhoni,CRD Fernando,4,0,,,,,,"",""
ball,1,17.1,Chennai Super Kings,MS Dhoni,SK Raina,Z Khan,0,0,,,,,,caught,MS Dhoni
ball,1,17.2,Chennai Super Kings,SK Raina,JA Morkel,Z Khan,1,0,,,,,,"",""
ball,1,17.3,Chennai Super Kings,JA Morkel,SK Raina,Z Khan,4,0,,,,,,"",""
ball,1,17.4,Chennai Super Kings,JA Morkel,SK Raina,Z Khan,1,0,,,,,,"",""
ball,1,17.5,Chennai Super Kings,SK Raina,JA Morkel,Z Khan,1,0,,,,,,"",""
ball,1,17.6,Chennai Super Kings,JA Morkel,SK Raina,Z Khan,0,0,,,,,,"",""
ball,1,18.1,Chennai Super Kings,SK Raina,JA Morkel,Harbhajan Singh,0,0,,,,,,"",""
ball,1,18.2,Chennai Super Kings,SK Raina,JA Morkel,Harbhajan Singh,0,0,,,,,,"",""
ball,1,18.3,Chennai Super Kings,SK Raina,JA Morkel,Harbhajan Singh,1,0,,,,,,"",""
ball,1,18.4,Chennai Super Kings,JA Morkel,SK Raina,Harbhajan Singh,2,0,,,,,,"",""
ball,1,18.5,Chennai Super Kings,JA Morkel,SK Raina,Harbhajan Singh,6,0,,,,,,"",""
ball,1,18.6,Chennai Super Kings,JA Morkel,SK Raina,Harbhajan Singh,2,0,,,,,,"",""
ball,1,19.1,Chennai Super Kings,SK Raina,JA Morkel,SL Malinga,0,0,,,,,,"",""
ball,1,19.2,Chennai Super Kings,SK Raina,JA Morkel,SL Malinga,0,0,,,,,,"",""
ball,1,19.3,Chennai Super Kings,SK Raina,JA Morkel,SL Malinga,0,0,,,,,,run out,JA Morkel
ball,1,19.4,Chennai Super Kings,S Anirudha,SK Raina,SL Malinga,0,0,,,,,,"",""
ball,1,19.5,Chennai Super Kings,S Anirudha,SK Raina,SL Malinga,0,5,5,,,,,"",""
ball,1,19.6,Chennai Super Kings,S Anirudha,SK Raina,SL Malinga,4,0,,,,,,"",""
ball,1,19.7,Chennai Super Kings,S Anirudha,SK Raina,SL Malinga,2,0,,,,,,"",""
ball,2,0.1,Mumbai Indians,S Dhawan,SR Tendulkar,R Ashwin,0,0,,,,,,"",""
ball,2,0.2,Mumbai Indians,S Dhawan,SR Tendulkar,R Ashwin,0,0,,,,,,"",""
ball,2,0.3,Mumbai Indians,S Dhawan,SR Tendulkar,R Ashwin,0,0,,,,,,"",""
ball,2,0.4,Mumbai Indians,S Dhawan,SR Tendulkar,R Ashwin,0,0,,,,,,"",""
ball,2,0.5,Mumbai Indians,S Dhawan,SR Tendulkar,R Ashwin,0,0,,,,,,"",""
ball,2,0.6,Mumbai Indians,S Dhawan,SR Tendulkar,R Ashwin,0,0,,,,,,"",""
ball,2,1.1,Mumbai Indians,SR Tendulkar,S Dhawan,DE Bollinger,0,0,,,,,,"",""
ball,2,1.2,Mumbai Indians,SR Tendulkar,S Dhawan,DE Bollinger,1,0,,,,,,"",""
ball,2,1.3,Mumbai Indians,S Dhawan,SR Tendulkar,DE Bollinger,0,0,,,,,,"",""
ball,2,1.4,Mumbai Indians,S Dhawan,SR Tendulkar,DE Bollinger,0,0,,,,,,caught,S Dhawan
ball,2,1.5,Mumbai Indians,AM Nayar,SR Tendulkar,DE Bollinger,1,0,,,,,,"",""
ball,2,1.6,Mumbai Indians,SR Tendulkar,AM Nayar,DE Bollinger,1,0,,,,,,"",""
ball,2,2.1,Mumbai Indians,SR Tendulkar,AM Nayar,R Ashwin,0,0,,,,,,"",""
ball,2,2.2,Mumbai Indians,SR Tendulkar,AM Nayar,R Ashwin,4,0,,,,,,"",""
ball,2,2.3,Mumbai Indians,SR Tendulkar,AM Nayar,R Ashwin,0,0,,,,,,"",""
ball,2,2.4,Mumbai Indians,SR Tendulkar,AM Nayar,R Ashwin,0,0,,,,,,"",""
ball,2,2.5,Mumbai Indians,SR Tendulkar,AM Nayar,R Ashwin,0,1,1,,,,,"",""
ball,2,2.6,Mumbai Indians,SR Tendulkar,AM Nayar,R Ashwin,0,0,,,,,,"",""
ball,2,2.7,Mumbai Indians,SR Tendulkar,AM Nayar,R Ashwin,1,0,,,,,,"",""
ball,2,3.1,Mumbai Indians,SR Tendulkar,AM Nayar,DE Bollinger,0,0,,,,,,"",""
ball,2,3.2,Mumbai Indians,SR Tendulkar,AM Nayar,DE Bollinger,1,0,,,,,,"",""
ball,2,3.3,Mumbai Indians,AM Nayar,SR Tendulkar,DE Bollinger,0,0,,,,,,"",""
ball,2,3.4,Mumbai Indians,AM Nayar,SR Tendulkar,DE Bollinger,1,0,,,,,,"",""
ball,2,3.5,Mumbai Indians,SR Tendulkar,AM Nayar,DE Bollinger,0,0,,,,,,"",""
ball,2,3.6,Mumbai Indians,SR Tendulkar,AM Nayar,DE Bollinger,0,0,,,,,,"",""
ball,2,4.1,Mumbai Indians,AM Nayar,SR Tendulkar,R Ashwin,1,0,,,,,,"",""
ball,2,4.2,Mumbai Indians,SR Tendulkar,AM Nayar,R Ashwin,0,0,,,,,,"",""
ball,2,4.3,Mumbai Indians,SR Tendulkar,AM Nayar,R Ashwin,4,0,,,,,,"",""
ball,2,4.4,Mumbai Indians,SR Tendulkar,AM Nayar,R Ashwin,1,0,,,,,,"",""
ball,2,4.5,Mumbai Indians,AM Nayar,SR Tendulkar,R Ashwin,4,0,,,,,,"",""
ball,2,4.6,Mumbai Indians,AM Nayar,SR Tendulkar,R Ashwin,0,0,,,,,,"",""
ball,2,5.1,Mumbai Indians,SR Tendulkar,AM Nayar,JA Morkel,0,1,1,,,,,"",""
ball,2,5.2,Mumbai Indians,SR Tendulkar,AM Nayar,JA Morkel,1,0,,,,,,"",""
ball,2,5.3,Mumbai Indians,AM Nayar,SR Tendulkar,JA Morkel,0,0,,,,,,"",""
ball,2,5.4,Mumbai Indians,AM Nayar,SR Tendulkar,JA Morkel,1,0,,,,,,"",""
ball,2,5.5,Mumbai Indians,SR Tendulkar,AM Nayar,JA Morkel,4,0,,,,,,"",""
ball,2,5.6,Mumbai Indians,SR Tendulkar,AM Nayar,JA Morkel,4,0,,,,,,"",""
ball,2,5.7,Mumbai Indians,SR Tendulkar,AM Nayar,JA Morkel,1,0,,,,,,"",""
ball,2,6.1,Mumbai Indians,SR Tendulkar,AM Nayar,M Muralitharan,0,0,,,,,,"",""
ball,2,6.2,Mumbai Indians,SR Tendulkar,AM Nayar,M Muralitharan,0,0,,,,,,"",""
ball,2,6.3,Mumbai Indians,SR Tendulkar,AM Nayar,M Muralitharan,0,0,,,,,,"",""
ball,2,6.4,Mumbai Indians,SR Tendulkar,AM Nayar,M Muralitharan,1,0,,,,,,"",""
ball,2,6.5,Mumbai Indians,AM Nayar,SR Tendulkar,M Muralitharan,0,4,,,,4,,"",""
ball,2,6.6,Mumbai Indians,AM Nayar,SR Tendulkar,M Muralitharan,0,0,,,,,,"",""
ball,2,7.1,Mumbai Indians,SR Tendulkar,AM Nayar,JA Morkel,0,0,,,,,,"",""
ball,2,7.2,Mumbai Indians,SR Tendulkar,AM Nayar,JA Morkel,1,0,,,,,,"",""
ball,2,7.3,Mumbai Indians,AM Nayar,SR Tendulkar,JA Morkel,1,0,,,,,,"",""
ball,2,7.4,Mumbai Indians,SR Tendulkar,AM Nayar,JA Morkel,0,0,,,,,,"",""
ball,2,7.5,Mumbai Indians,SR Tendulkar,AM Nayar,JA Morkel,0,0,,,,,,"",""
ball,2,7.6,Mumbai Indians,SR Tendulkar,AM Nayar,JA Morkel,0,0,,,,,,"",""
ball,2,8.1,Mumbai Indians,AM Nayar,SR Tendulkar,M Muralitharan,0,0,,,,,,"",""
ball,2,8.2,Mumbai Indians,AM Nayar,SR Tendulkar,M Muralitharan,0,0,,,,,,"",""
ball,2,8.3,Mumbai Indians,AM Nayar,SR Tendulkar,M Muralitharan,1,0,,,,,,"",""
ball,2,8.4,Mumbai Indians,SR Tendulkar,AM Nayar,M Muralitharan,1,0,,,,,,"",""
ball,2,8.5,Mumbai Indians,AM Nayar,SR Tendulkar,M Muralitharan,0,0,,,,,,"",""
ball,2,8.6,Mumbai Indians,AM Nayar,SR Tendulkar,M Muralitharan,1,0,,,,,,"",""
ball,2,9.1,Mumbai Indians,AM Nayar,SR Tendulkar,SB Jakati,0,0,,,,,,"",""
ball,2,9.2,Mumbai Indians,AM Nayar,SR Tendulkar,SB Jakati,1,0,,,,,,"",""
ball,2,9.3,Mumbai Indians,SR Tendulkar,AM Nayar,SB Jakati,1,0,,,,,,"",""
ball,2,9.4,Mumbai Indians,AM Nayar,SR Tendulkar,SB Jakati,6,0,,,,,,"",""
ball,2,9.5,Mumbai Indians,AM Nayar,SR Tendulkar,SB Jakati,6,0,,,,,,"",""
ball,2,9.6,Mumbai Indians,AM Nayar,SR Tendulkar,SB Jakati,0,1,,,,1,,"",""
ball,2,10.1,Mumbai Indians,AM Nayar,SR Tendulkar,M Muralitharan,1,0,,,,,,"",""
ball,2,10.2,Mumbai Indians,SR Tendulkar,AM Nayar,M Muralitharan,1,0,,,,,,"",""
ball,2,10.3,Mumbai Indians,AM Nayar,SR Tendulkar,M Muralitharan,1,0,,,,,,"",""
ball,2,10.4,Mumbai Indians,SR Tendulkar,AM Nayar,M Muralitharan,0,1,,,1,,,"",""
ball,2,10.5,Mumbai Indians,AM Nayar,SR Tendulkar,M Muralitharan,1,0,,,,,,"",""
ball,2,10.6,Mumbai Indians,SR Tendulkar,AM Nayar,M Muralitharan,4,0,,,,,,"",""
ball,2,11.1,Mumbai Indians,AM Nayar,SR Tendulkar,SK Raina,0,0,,,,,,"",""
ball,2,11.2,Mumbai Indians,AM Nayar,SR Tendulkar,SK Raina,0,0,,,,,,run out,AM Nayar
ball,2,11.3,Mumbai Indians,Harbhajan Singh,SR Tendulkar,SK Raina,1,0,,,,,,"",""
ball,2,11.4,Mumbai Indians,SR Tendulkar,Harbhajan Singh,SK Raina,4,0,,,,,,"",""
ball,2,11.5,Mumbai Indians,SR Tendulkar,Harbhajan Singh,SK Raina,1,0,,,,,,"",""
ball,2,11.6,Mumbai Indians,Harbhajan Singh,SR Tendulkar,SK Raina,0,0,,,,,,lbw,Harbhajan Singh
ball,2,12.1,Mumbai Indians,SR Tendulkar,AT Rayudu,SB Jakati,1,0,,,,,,"",""
ball,2,12.2,Mumbai Indians,AT Rayudu,SR Tendulkar,SB Jakati,1,0,,,,,,"",""
ball,2,12.3,Mumbai Indians,SR Tendulkar,AT Rayudu,SB Jakati,1,0,,,,,,"",""
ball,2,12.4,Mumbai Indians,AT Rayudu,SR Tendulkar,SB Jakati,1,0,,,,,,"",""
ball,2,12.5,Mumbai Indians,SR Tendulkar,AT Rayudu,SB Jakati,2,0,,,,,,"",""
ball,2,12.6,Mumbai Indians,SR Tendulkar,AT Rayudu,SB Jakati,1,0,,,,,,"",""
ball,2,13.1,Mumbai Indians,SR Tendulkar,AT Rayudu,SK Raina,0,1,1,,,,,"",""
ball,2,13.2,Mumbai Indians,SR Tendulkar,AT Rayudu,SK Raina,0,1,1,,,,,"",""
ball,2,13.3,Mumbai Indians,SR Tendulkar,AT Rayudu,SK Raina,0,0,,,,,,"",""
ball,2,13.4,Mumbai Indians,SR Tendulkar,AT Rayudu,SK Raina,1,0,,,,,,"",""
ball,2,13.5,Mumbai Indians,AT Rayudu,SR Tendulkar,SK Raina,6,0,,,,,,"",""
ball,2,13.6,Mumbai Indians,AT Rayudu,SR Tendulkar,SK Raina,4,0,,,,,,"",""
ball,2,13.7,Mumbai Indians,AT Rayudu,SR Tendulkar,SK Raina,1,0,,,,,,"",""
ball,2,13.8,Mumbai Indians,SR Tendulkar,AT Rayudu,SK Raina,1,0,,,,,,"",""
ball,2,14.1,Mumbai Indians,SR Tendulkar,AT Rayudu,SB Jakati,4,0,,,,,,"",""
ball,2,14.2,Mumbai Indians,SR Tendulkar,AT Rayudu,SB Jakati,0,0,,,,,,caught,SR Tendulkar
ball,2,14.3,Mumbai Indians,AT Rayudu,SS Tiwary,SB Jakati,0,1,,,,1,,"",""
ball,2,14.4,Mumbai Indians,SS Tiwary,AT Rayudu,SB Jakati,0,0,,,,,,"",""
ball,2,14.5,Mumbai Indians,SS Tiwary,AT Rayudu,SB Jakati,0,0,,,,,,caught,SS Tiwary
ball,2,14.6,Mumbai Indians,AT Rayudu,JP Duminy,SB Jakati,1,0,,,,,,"",""
ball,2,15.1,Mumbai Indians,AT Rayudu,JP Duminy,R Ashwin,0,1,1,,,,,"",""
ball,2,15.2,Mumbai Indians,AT Rayudu,JP Duminy,R Ashwin,1,0,,,,,,"",""
ball,2,15.3,Mumbai Indians,JP Duminy,AT Rayudu,R Ashwin,0,0,,,,,,"",""
ball,2,15.4,Mumbai Indians,JP Duminy,AT Rayudu,R Ashwin,1,0,,,,,,"",""
ball,2,15.5,Mumbai Indians,AT Rayudu,JP Duminy,R Ashwin,1,0,,,,,,"",""
ball,2,15.6,Mumbai Indians,JP Duminy,AT Rayudu,R Ashwin,2,0,,,,,,"",""
ball,2,15.7,Mumbai Indians,JP Duminy,AT Rayudu,R Ashwin,2,0,,,,,,"",""
ball,2,16.1,Mumbai Indians,AT Rayudu,JP Duminy,M Muralitharan,2,0,,,,,,"",""
ball,2,16.2,Mumbai Indians,AT Rayudu,JP Duminy,M Muralitharan,1,0,,,,,,"",""
ball,2,16.3,Mumbai Indians,JP Duminy,AT Rayudu,M Muralitharan,0,0,,,,,,"",""
ball,2,16.4,Mumbai Indians,JP Duminy,AT Rayudu,M Muralitharan,1,0,,,,,,"",""
ball,2,16.5,Mumbai Indians,AT Rayudu,JP Duminy,M Muralitharan,1,0,,,,,,"",""
ball,2,16.6,Mumbai Indians,JP Duminy,AT Rayudu,M Muralitharan,0,0,,,,,,caught,JP Duminy
ball,2,17.1,Mumbai Indians,KA Pollard,AT Rayudu,DE Bollinger,4,0,,,,,,"",""
ball,2,17.2,Mumbai Indians,KA Pollard,AT Rayudu,DE Bollinger,6,0,,,,,,"",""
ball,2,17.3,Mumbai Indians,KA Pollard,AT Rayudu,DE Bollinger,2,0,,,,,,"",""
ball,2,17.4,Mumbai Indians,KA Pollard,AT Rayudu,DE Bollinger,4,0,,,,,,"",""
ball,2,17.5,Mumbai Indians,KA Pollard,AT Rayudu,DE Bollinger,0,0,,,,,,"",""
ball,2,17.6,Mumbai Indians,KA Pollard,AT Rayudu,DE Bollinger,6,0,,,,,,"",""
ball,2,18.1,Mumbai Indians,AT Rayudu,KA Pollard,JA Morkel,0,0,,,,,,"",""
ball,2,18.2,Mumbai Indians,AT Rayudu,KA Pollard,JA Morkel,1,0,,,,,,"",""
ball,2,18.3,Mumbai Indians,KA Pollard,AT Rayudu,JA Morkel,4,0,,,,,,"",""
ball,2,18.4,Mumbai Indians,KA Pollard,AT Rayudu,JA Morkel,0,0,,,,,,"",""
ball,2,18.5,Mumbai Indians,KA Pollard,AT Rayudu,JA Morkel,1,0,,,,,,run out,AT Rayudu
ball,2,18.6,Mumbai Indians,KA Pollard,Z Khan,JA Morkel,0,0,,,,,,caught,KA Pollard
ball,2,19.1,Mumbai Indians,Z Khan,SL Malinga,DE Bollinger,0,0,,,,,,"",""
ball,2,19.2,Mumbai Indians,Z Khan,SL Malinga,DE Bollinger,0,0,,,,,,"",""
ball,2,19.3,Mumbai Indians,Z Khan,SL Malinga,DE Bollinger,1,0,,,,,,run out,Z Khan
ball,2,19.4,Mumbai Indians,CRD Fernando,SL Malinga,DE Bollinger,1,0,,,,,,"",""
ball,2,19.5,Mumbai Indians,SL Malinga,CRD Fernando,DE Bollinger,1,0,,,,,,"",""
ball,2,19.6,Mumbai Indians,CRD Fernando,SL Malinga,DE Bollinger,1,0,,,,,,"",""
