version,1.6.0
info,balls_per_over,6
info,team,Delhi Daredevils
info,team,Chennai Super Kings
info,gender,male
info,season,2009/10
info,date,2010/03/19
info,event,Indian Premier League
info,match_number,11
info,venue,Feroz Shah Kotla
info,city,Delhi
info,toss_winner,Delhi Daredevils
info,toss_decision,bat
info,player_of_match,ML Hayden
info,umpire,BR Doctrove
info,umpire,SK Tarapore
info,reserve_umpire,A Chaudhary
info,tv_umpire,S Ravi
info,match_referee,S Venkataraghavan
info,winner,Chennai Super Kings
info,winner_wickets,5
info,player,Chennai Super Kings,PA Patel
info,player,Chennai Super Kings,ML Hayden
info,player,Chennai Super Kings,S Badrinath
info,player,Chennai Super Kings,SK Raina
info,player,Chennai Super Kings,JA Morkel
info,player,Chennai Super Kings,JM Kemp
info,player,Chennai Super Kings,M Vijay
info,player,Chennai Super Kings,R Ashwin
info,player,Chennai Super Kings,L Balaji
info,player,Chennai Super Kings,M Muralitharan
info,player,Chennai Super Kings,Joginder Sharma
info,player,Delhi Daredevils,DA Warner
info,player,Delhi Daredevils,V Sehwag
info,player,Delhi Daredevils,TM Dilshan
info,player,Delhi Daredevils,KD Karthik
info,player,Delhi Daredevils,AB de Villiers
info,player,Delhi Daredevils,M Manhas
info,player,Delhi Daredevils,R Bhatia
info,player,Delhi Daredevils,A Mishra
info,player,Delhi Daredevils,PJ Sangwan
info,player,Delhi Daredevils,DP Nannes
info,player,Delhi Daredevils,UT Yadav
info,registry,people,A Chaudhary,ffead9c2
info,registry,people,A Mishra,6b19d823
info,registry,people,AB de Villiers,c4487b84
info,registry,people,BR Doctrove,cbebf805
info,registry,people,DA Warner,dcce6f09
info,registry,people,DP Nannes,c404f58a
info,registry,people,JA Morkel,c3d35165
info,registry,people,JM Kemp,6581d753
info,registry,people,Joginder Sharma,9f961c14
info,registry,people,KD Karthik,c03f1114
info,registry,people,L Balaji,b2b50355
info,registry,people,M Manhas,c42aaf71
info,registry,people,M Muralitharan,4ba44e19
info,registry,people,M Vijay,4b57e452
info,registry,people,ML Hayden,d8699ab7
info,registry,people,PA Patel,b5da6c24
info,registry,people,PJ Sangwan,9fc0ef64
info,registry,people,R Ashwin,495d42a5
info,registry,people,R Bhatia,33a364a6
info,registry,people,S Badrinath,3576e47e
info,registry,people,S Ravi,9b9ee0df
info,registry,people,S Venkataraghavan,12453319
info,registry,people,SK Raina,1dc12ab9
info,registry,people,SK Tarapore,62a824b4
info,registry,people,TM Dilshan,5bdcdb72
info,registry,people,UT Yadav,cc1e8c68
info,registry,people,V Sehwag,8ba8195d
ball,1,0.1,Delhi Daredevils,DA Warner,V Sehwag,JA Morkel,0,0,,,,,,"",""
ball,1,0.2,Delhi Daredevils,DA Warner,V Sehwag,JA Morkel,1,0,,,,,,"",""
ball,1,0.3,Delhi Daredevils,V Sehwag,DA Warner,JA Morkel,0,0,,,,,,"",""
ball,1,0.4,Delhi Daredevils,V Sehwag,DA Warner,JA Morkel,4,0,,,,,,"",""
ball,1,0.5,Delhi Daredevils,V Sehwag,DA Warner,JA Morkel,0,0,,,,,,"",""
ball,1,0.6,Delhi Daredevils,V Sehwag,DA Warner,JA Morkel,4,0,,,,,,"",""
ball,1,1.1,Delhi Daredevils,DA Warner,V Sehwag,R Ashwin,0,0,,,,,,"",""
ball,1,1.2,Delhi Daredevils,DA Warner,V Sehwag,R Ashwin,0,0,,,,,,"",""
ball,1,1.3,Delhi Daredevils,DA Warner,V Sehwag,R Ashwin,4,0,,,,,,"",""
ball,1,1.4,Delhi Daredevils,DA Warner,V Sehwag,R Ashwin,1,0,,,,,,"",""
ball,1,1.5,Delhi Daredevils,V Sehwag,DA Warner,R Ashwin,4,0,,,,,,"",""
ball,1,1.6,Delhi Daredevils,V Sehwag,DA Warner,R Ashwin,1,0,,,,,,"",""
ball,1,2.1,Delhi Daredevils,V Sehwag,DA Warner,Joginder Sharma,4,0,,,,,,"",""
ball,1,2.2,Delhi Daredevils,V Sehwag,DA Warner,Joginder Sharma,4,0,,,,,,"",""
ball,1,2.3,Delhi Daredevils,V Sehwag,DA Warner,Joginder Sharma,0,0,,,,,,"",""
ball,1,2.4,Delhi Daredevils,V Sehwag,DA Warner,Joginder Sharma,0,0,,,,,,"",""
ball,1,2.5,Delhi Daredevils,V Sehwag,DA Warner,Joginder Sharma,1,0,,,,,,"",""
ball,1,2.6,Delhi Daredevils,DA Warner,V Sehwag,Joginder Sharma,0,0,,,,,,"",""
ball,1,3.1,Delhi Daredevils,V Sehwag,DA Warner,L Balaji,6,0,,,,,,"",""
ball,1,3.2,Delhi Daredevils,V Sehwag,DA Warner,L Balaji,1,0,,,,,,"",""
ball,1,3.3,Delhi Daredevils,DA Warner,V Sehwag,L Balaji,0,0,,,,,,caught,DA Warner
ball,1,3.4,Delhi Daredevils,TM Dilshan,V Sehwag,L Balaji,0,0,,,,,,"",""
ball,1,3.5,Delhi Daredevils,TM Dilshan,V Sehwag,L Balaji,0,0,,,,,,"",""
ball,1,3.6,Delhi Daredevils,TM Dilshan,V Sehwag,L Balaji,1,0,,,,,,"",""
ball,1,4.1,Delhi Daredevils,TM Dilshan,V Sehwag,Joginder Sharma,0,0,,,,,,"",""
ball,1,4.2,Delhi Daredevils,TM Dilshan,V Sehwag,Joginder Sharma,4,0,,,,,,"",""
ball,1,4.3,Delhi Daredevils,TM Dilshan,V Sehwag,Joginder Sharma,0,0,,,,,,"",""
ball,1,4.4,Delhi Daredevils,TM Dilshan,V Sehwag,Joginder Sharma,0,0,,,,,,"",""
ball,1,4.5,Delhi Daredevils,TM Dilshan,V Sehwag,Joginder Sharma,1,0,,,,,,"",""
ball,1,4.6,Delhi Daredevils,V Sehwag,TM Dilshan,Joginder Sharma,4,1,,1,,,,"",""
ball,1,4.7,Delhi Daredevils,V Sehwag,TM Dilshan,Joginder Sharma,4,0,,,,,,"",""
ball,1,5.1,Delhi Daredevils,TM Dilshan,V Sehwag,L Balaji,0,0,,,,,,"",""
ball,1,5.2,Delhi Daredevils,TM Dilshan,V Sehwag,L Balaji,1,0,,,,,,"",""
ball,1,5.3,Delhi Daredevils,V Sehwag,TM Dilshan,L Balaji,0,0,,,,,,"",""
ball,1,5.4,Delhi Daredevils,V Sehwag,TM Dilshan,L Balaji,0,0,,,,,,"",""
ball,1,5.5,Delhi Daredevils,V Sehwag,TM Dilshan,L Balaji,1,0,,,,,,"",""
ball,1,5.6,Delhi Daredevils,TM Dilshan,V Sehwag,L Balaji,0,0,,,,,,"",""
ball,1,6.1,Delhi Daredevils,V Sehwag,TM Dilshan,JM Kemp,4,0,,,,,,"",""
ball,1,6.2,Delhi Daredevils,V Sehwag,TM Dilshan,JM Kemp,6,0,,,,,,"",""
ball,1,6.3,Delhi Daredevils,V Sehwag,TM Dilshan,JM Kemp,1,0,,,,,,"",""
ball,1,6.4,Delhi Daredevils,TM Dilshan,V Sehwag,JM Kemp,0,1,,,,1,,"",""
ball,1,6.5,Delhi Daredevils,V Sehwag,TM Dilshan,JM Kemp,2,0,,,,,,"",""
ball,1,6.6,Delhi Daredevils,V Sehwag,TM Dilshan,JM Kemp,1,0,,,,,,"",""
ball,1,7.1,Delhi Daredevils,V Sehwag,TM Dilshan,M Muralitharan,0,0,,,,,,"",""
ball,1,7.2,Delhi Daredevils,V Sehwag,TM Dilshan,M Muralitharan,4,0,,,,,,"",""
ball,1,7.3,Delhi Daredevils,V Sehwag,TM Dilshan,M Muralitharan,0,0,,,,,,"",""
ball,1,7.4,Delhi Daredevils,V Sehwag,TM Dilshan,M Muralitharan,0,2,2,,,,,"",""
ball,1,7.5,Delhi Daredevils,TM Dilshan,V Sehwag,M Muralitharan,1,0,,,,,,"",""
ball,1,7.6,Delhi Daredevils,V Sehwag,TM Dilshan,M Muralitharan,4,0,,,,,,"",""
ball,1,7.7,Delhi Daredevils,V Sehwag,TM Dilshan,M Muralitharan,1,0,,,,,,"",""
ball,1,8.1,Delhi Daredevils,V Sehwag,TM Dilshan,JA Morkel,1,0,,,,,,"",""
ball,1,8.2,Delhi Daredevils,TM Dilshan,V Sehwag,JA Morkel,2,0,,,,,,"",""
ball,1,8.3,Delhi Daredevils,TM Dilshan,V Sehwag,JA Morkel,0,0,,,,,,"",""
ball,1,8.4,Delhi Daredevils,TM Dilshan,V Sehwag,JA Morkel,0,1,1,,,,,"",""
ball,1,8.5,Delhi Daredevils,TM Dilshan,V Sehwag,JA Morkel,0,0,,,,,,"",""
ball,1,8.6,Delhi Daredevils,TM Dilshan,V Sehwag,JA Morkel,1,0,,,,,,"",""
ball,1,8.7,Delhi Daredevils,V Sehwag,TM Dilshan,JA Morkel,0,0,,,,,,"",""
ball,1,9.1,Delhi Daredevils,TM Dilshan,V Sehwag,M Muralitharan,0,0,,,,,,"",""
ball,1,9.2,Delhi Daredevils,TM Dilshan,V Sehwag,M Muralitharan,0,0,,,,,,"",""
ball,1,9.3,Delhi Daredevils,TM Dilshan,V Sehwag,M Muralitharan,1,0,,,,,,"",""
ball,1,9.4,Delhi Daredevils,V Sehwag,TM Dilshan,M Muralitharan,1,0,,,,,,"",""
ball,1,9.5,Delhi Daredevils,TM Dilshan,V Sehwag,M Muralitharan,1,0,,,,,,"",""
ball,1,9.6,Delhi Daredevils,V Sehwag,TM Dilshan,M Muralitharan,0,1,1,,,,,"",""
ball,1,9.7,Delhi Daredevils,V Sehwag,TM Dilshan,M Muralitharan,1,0,,,,,,"",""
ball,1,10.1,Delhi Daredevils,V Sehwag,TM Dilshan,R Ashwin,1,0,,,,,,"",""
ball,1,10.2,Delhi Daredevils,TM Dilshan,V Sehwag,R Ashwin,1,0,,,,,,"",""
ball,1,10.3,Delhi Daredevils,V Sehwag,TM Dilshan,R Ashwin,6,0,,,,,,"",""
ball,1,10.4,Delhi Daredevils,V Sehwag,TM Dilshan,R Ashwin,0,1,1,,,,,"",""
ball,1,10.5,Delhi Daredevils,V Sehwag,TM Dilshan,R Ashwin,1,0,,,,,,"",""
ball,1,10.6,Delhi Daredevils,TM Dilshan,V Sehwag,R Ashwin,1,0,,,,,,"",""
ball,1,10.7,Delhi Daredevils,V Sehwag,TM Dilshan,R Ashwin,1,0,,,,,,"",""
ball,1,11.1,Delhi Daredevils,V Sehwag,TM Dilshan,M Muralitharan,1,0,,,,,,"",""
ball,1,11.2,Delhi Daredevils,TM Dilshan,V Sehwag,M Muralitharan,0,0,,,,,,caught,TM Dilshan
ball,1,11.3,Delhi Daredevils,KD Karthik,V Sehwag,M Muralitharan,0,1,,,,1,,"",""
ball,1,11.4,Delhi Daredevils,V Sehwag,KD Karthik,M Muralitharan,0,0,,,,,,caught,V Sehwag
ball,1,11.5,Delhi Daredevils,KD Karthik,AB de Villiers,M Muralitharan,1,0,,,,,,"",""
ball,1,11.6,Delhi Daredevils,AB de Villiers,KD Karthik,M Muralitharan,1,0,,,,,,"",""
ball,1,12.1,Delhi Daredevils,AB de Villiers,KD Karthik,R Ashwin,1,0,,,,,,"",""
ball,1,12.2,Delhi Daredevils,KD Karthik,AB de Villiers,R Ashwin,1,0,,,,,,"",""
ball,1,12.3,Delhi Daredevils,AB de Villiers,KD Karthik,R Ashwin,0,0,,,,,,caught,AB de Villiers
ball,1,12.4,Delhi Daredevils,M Manhas,KD Karthik,R Ashwin,4,0,,,,,,"",""
ball,1,12.5,Delhi Daredevils,M Manhas,KD Karthik,R Ashwin,0,0,,,,,,"",""
ball,1,12.6,Delhi Daredevils,M Manhas,KD Karthik,R Ashwin,4,0,,,,,,"",""
ball,1,13.1,Delhi Daredevils,KD Karthik,M Manhas,SK Raina,4,0,,,,,,"",""
ball,1,13.2,Delhi Daredevils,KD Karthik,M Manhas,SK Raina,1,0,,,,,,"",""
ball,1,13.3,Delhi Daredevils,M Manhas,KD Karthik,SK Raina,1,0,,,,,,"",""
ball,1,13.4,Delhi Daredevils,KD Karthik,M Manhas,SK Raina,1,0,,,,,,"",""
ball,1,13.5,Delhi Daredevils,M Manhas,KD Karthik,SK Raina,1,0,,,,,,"",""
ball,1,13.6,Delhi Daredevils,KD Karthik,M Manhas,SK Raina,4,0,,,,,,"",""
ball,1,14.1,Delhi Daredevils,M Manhas,KD Karthik,JA Morkel,1,0,,,,,,"",""
ball,1,14.2,Delhi Daredevils,KD Karthik,M Manhas,JA Morkel,1,0,,,,,,"",""
ball,1,14.3,Delhi Daredevils,M Manhas,KD Karthik,JA Morkel,4,0,,,,,,"",""
ball,1,14.4,Delhi Daredevils,M Manhas,KD Karthik,JA Morkel,1,0,,,,,,"",""
ball,1,14.5,Delhi Daredevils,KD Karthik,M Manhas,JA Morkel,1,0,,,,,,"",""
ball,1,14.6,Delhi Daredevils,M Manhas,KD Karthik,JA Morkel,4,0,,,,,,"",""
ball,1,15.1,Delhi Daredevils,KD Karthik,M Manhas,M Muralitharan,1,0,,,,,,"",""
ball,1,15.2,Delhi Daredevils,M Manhas,KD Karthik,M Muralitharan,0,0,,,,,,"",""
ball,1,15.3,Delhi Daredevils,M Manhas,KD Karthik,M Muralitharan,1,0,,,,,,"",""
ball,1,15.4,Delhi Daredevils,KD Karthik,M Manhas,M Muralitharan,1,0,,,,,,"",""
ball,1,15.5,Delhi Daredevils,M Manhas,KD Karthik,M Muralitharan,1,0,,,,,,"",""
ball,1,15.6,Delhi Daredevils,KD Karthik,M Manhas,M Muralitharan,1,0,,,,,,"",""
ball,1,16.1,Delhi Daredevils,KD Karthik,M Manhas,Joginder Sharma,2,0,,,,,,"",""
ball,1,16.2,Delhi Daredevils,KD Karthik,M Manhas,Joginder Sharma,0,0,,,,,,lbw,KD Karthik
ball,1,16.3,Delhi Daredevils,R Bhatia,M Manhas,Joginder Sharma,1,0,,,,,,"",""
ball,1,16.4,Delhi Daredevils,M Manhas,R Bhatia,Joginder Sharma,1,0,,,,,,"",""
ball,1,16.5,Delhi Daredevils,R Bhatia,M Manhas,Joginder Sharma,1,0,,,,,,"",""
ball,1,16.6,Delhi Daredevils,M Manhas,R Bhatia,Joginder Sharma,1,0,,,,,,"",""
ball,1,17.1,Delhi Daredevils,M Manhas,R Bhatia,R Ashwin,4,0,,,,,,"",""
ball,1,17.2,Delhi Daredevils,M Manhas,R Bhatia,R Ashwin,0,1,,,,1,,"",""
ball,1,17.3,Delhi Daredevils,R Bhatia,M Manhas,R Ashwin,1,0,,,,,,"",""
ball,1,17.4,Delhi Daredevils,M Manhas,R Bhatia,R Ashwin,1,0,,,,,,"",""
ball,1,17.5,Delhi Daredevils,R Bhatia,M Manhas,R Ashwin,1,0,,,,,,"",""
ball,1,17.6,Delhi Daredevils,M Manhas,R Bhatia,R Ashwin,1,0,,,,,,"",""
ball,1,18.1,Delhi Daredevils,M Manhas,R Bhatia,Joginder Sharma,0,0,,,,,,"",""
ball,1,18.2,Delhi Daredevils,M Manhas,R Bhatia,Joginder Sharma,0,0,,,,,,"",""
ball,1,18.3,Delhi Daredevils,M Manhas,R Bhatia,Joginder Sharma,1,0,,,,,,"",""
ball,1,18.4,Delhi Daredevils,R Bhatia,M Manhas,Joginder Sharma,6,0,,,,,,"",""
ball,1,18.5,Delhi Daredevils,R Bhatia,M Manhas,Joginder Sharma,6,0,,,,,,"",""
ball,1,18.6,Delhi Daredevils,R Bhatia,M Manhas,Joginder Sharma,1,0,,,,,,"",""
ball,1,19.1,Delhi Daredevils,R Bhatia,M Manhas,L Balaji,4,0,,,,,,"",""
ball,1,19.2,Delhi Daredevils,R Bhatia,M Manhas,L Balaji,0,0,,,,,,caught,R Bhatia
ball,1,19.3,Delhi Daredevils,A Mishra,M Manhas,L Balaji,2,0,,,,,,"",""
ball,1,19.4,Delhi Daredevils,A Mishra,M Manhas,L Balaji,0,1,,,,1,,"",""
ball,1,19.5,Delhi Daredevils,M Manhas,A Mishra,L Balaji,1,0,,,,,,"",""
ball,1,19.6,Delhi Daredevils,A Mishra,M Manhas,L Balaji,4,0,,,,,,"",""
ball,2,0.1,Chennai Super Kings,PA Patel,ML Hayden,DP Nannes,0,0,,,,,,"",""
ball,2,0.2,Chennai Super Kings,PA Patel,ML Hayden,DP Nannes,0,0,,,,,,"",""
ball,2,0.3,Chennai Super Kings,PA Patel,ML Hayden,DP Nannes,0,1,1,,,,,"",""
ball,2,0.4,Chennai Super Kings,PA Patel,ML Hayden,DP Nannes,1,0,,,,,,"",""
ball,2,0.5,Chennai Super Kings,ML Hayden,PA Patel,DP Nannes,0,0,,,,,,"",""
ball,2,0.6,Chennai Super Kings,ML Hayden,PA Patel,DP Nannes,0,0,,,,,,"",""
ball,2,0.7,Chennai Super Kings,ML Hayden,PA Patel,DP Nannes,2,0,,,,,,"",""
ball,2,1.1,Chennai Super Kings,PA Patel,ML Hayden,UT Yadav,4,0,,,,,,"",""
ball,2,1.2,Chennai Super Kings,PA Patel,ML Hayden,UT Yadav,1,0,,,,,,"",""
ball,2,1.3,Chennai Super Kings,ML Hayden,PA Patel,UT Yadav,4,0,,,,,,"",""
ball,2,1.4,Chennai Super Kings,ML Hayden,PA Patel,UT Yadav,4,0,,,,,,"",""
ball,2,1.5,Chennai Super Kings,ML Hayden,PA Patel,UT Yadav,0,0,,,,,,"",""
ball,2,1.6,Chennai Super Kings,ML Hayden,PA Patel,UT Yadav,4,0,,,,,,"",""
ball,2,2.1,Chennai Super Kings,PA Patel,ML Hayden,DP Nannes,0,0,,,,,,run out,PA Patel
ball,2,2.2,Chennai Super Kings,S Badrinath,ML Hayden,DP Nannes,1,0,,,,,,"",""
ball,2,2.3,Chennai Super Kings,ML Hayden,S Badrinath,DP Nannes,1,0,,,,,,"",""
ball,2,2.4,Chennai Super Kings,S Badrinath,ML Hayden,DP Nannes,0,0,,,,,,"",""
ball,2,2.5,Chennai Super Kings,S Badrinath,ML Hayden,DP Nannes,0,0,,,,,,"",""
ball,2,2.6,Chennai Super Kings,S Badrinath,ML Hayden,DP Nannes,0,0,,,,,,"",""
ball,2,3.1,Chennai Super Kings,ML Hayden,S Badrinath,PJ Sangwan,4,0,,,,,,"",""
ball,2,3.2,Chennai Super Kings,ML Hayden,S Badrinath,PJ Sangwan,1,0,,,,,,"",""
ball,2,3.3,Chennai Super Kings,S Badrinath,ML Hayden,PJ Sangwan,4,0,,,,,,"",""
ball,2,3.4,Chennai Super Kings,S Badrinath,ML Hayden,PJ Sangwan,0,0,,,,,,"",""
ball,2,3.5,Chennai Super Kings,S Badrinath,ML Hayden,PJ Sangwan,0,0,,,,,,"",""
ball,2,3.6,Chennai Super Kings,S Badrinath,ML Hayden,PJ Sangwan,0,0,,,,,,"",""
ball,2,4.1,Chennai Super Kings,ML Hayden,S Badrinath,R Bhatia,0,0,,,,,,"",""
ball,2,4.2,Chennai Super Kings,ML Hayden,S Badrinath,R Bhatia,4,0,,,,,,"",""
ball,2,4.3,Chennai Super Kings,ML Hayden,S Badrinath,R Bhatia,6,0,,,,,,"",""
ball,2,4.4,Chennai Super Kings,ML Hayden,S Badrinath,R Bhatia,4,0,,,,,,"",""
ball,2,4.5,Chennai Super Kings,ML Hayden,S Badrinath,R Bhatia,0,0,,,,,,"",""
ball,2,4.6,Chennai Super Kings,ML Hayden,S Badrinath,R Bhatia,4,0,,,,,,"",""
ball,2,5.1,Chennai Super Kings,S Badrinath,ML Hayden,PJ Sangwan,0,0,,,,,,"",""
ball,2,5.2,Chennai Super Kings,S Badrinath,ML Hayden,PJ Sangwan,1,0,,,,,,"",""
ball,2,5.3,Chennai Super Kings,ML Hayden,S Badrinath,PJ Sangwan,0,0,,,,,,"",""
ball,2,5.4,Chennai Super Kings,ML Hayden,S Badrinath,PJ Sangwan,1,0,,,,,,"",""
ball,2,5.5,Chennai Super Kings,S Badrinath,ML Hayden,PJ Sangwan,0,0,,,,,,"",""
ball,2,5.6,Chennai Super Kings,S Badrinath,ML Hayden,PJ Sangwan,4,0,,,,,,"",""
ball,2,6.1,Chennai Super Kings,ML Hayden,S Badrinath,UT Yadav,0,1,1,,,,,"",""
ball,2,6.2,Chennai Super Kings,ML Hayden,S Badrinath,UT Yadav,1,0,,,,,,"",""
ball,2,6.3,Chennai Super Kings,S Badrinath,ML Hayden,UT Yadav,4,0,,,,,,"",""
ball,2,6.4,Chennai Super Kings,S Badrinath,ML Hayden,UT Yadav,0,1,,,,1,,"",""
ball,2,6.5,Chennai Super Kings,ML Hayden,S Badrinath,UT Yadav,0,0,,,,,,"",""
ball,2,6.6,Chennai Super Kings,ML Hayden,S Badrinath,UT Yadav,1,0,,,,,,"",""
ball,2,6.7,Chennai Super Kings,S Badrinath,ML Hayden,UT Yadav,0,0,,,,,,caught,S Badrinath
ball,2,7.1,Chennai Super Kings,ML Hayden,SK Raina,TM Dilshan,6,0,,,,,,"",""
ball,2,7.2,Chennai Super Kings,ML Hayden,SK Raina,TM Dilshan,1,0,,,,,,"",""
ball,2,7.3,Chennai Super Kings,SK Raina,ML Hayden,TM Dilshan,1,0,,,,,,"",""
ball,2,7.4,Chennai Super Kings,ML Hayden,SK Raina,TM Dilshan,6,0,,,,,,"",""
ball,2,7.5,Chennai Super Kings,ML Hayden,SK Raina,TM Dilshan,6,0,,,,,,"",""
ball,2,7.6,Chennai Super Kings,ML Hayden,SK Raina,TM Dilshan,1,0,,,,,,"",""
ball,2,8.1,Chennai Super Kings,ML Hayden,SK Raina,UT Yadav,1,0,,,,,,"",""
ball,2,8.2,Chennai Super Kings,SK Raina,ML Hayden,UT Yadav,0,0,,,,,,"",""
ball,2,8.3,Chennai Super Kings,SK Raina,ML Hayden,UT Yadav,1,0,,,,,,"",""
ball,2,8.4,Chennai Super Kings,ML Hayden,SK Raina,UT Yadav,1,0,,,,,,"",""
ball,2,8.5,Chennai Super Kings,SK Raina,ML Hayden,UT Yadav,1,0,,,,,,"",""
ball,2,8.6,Chennai Super Kings,ML Hayden,SK Raina,UT Yadav,0,0,,,,,,"",""
ball,2,9.1,Chennai Super Kings,SK Raina,ML Hayden,R Bhatia,4,0,,,,,,"",""
ball,2,9.2,Chennai Super Kings,SK Raina,ML Hayden,R Bhatia,1,0,,,,,,"",""
ball,2,9.3,Chennai Super Kings,ML Hayden,SK Raina,R Bhatia,1,0,,,,,,"",""
ball,2,9.4,Chennai Super Kings,SK Raina,ML Hayden,R Bhatia,0,0,,,,,,"",""
ball,2,9.5,Chennai Super Kings,SK Raina,ML Hayden,R Bhatia,1,0,,,,,,"",""
ball,2,9.6,Chennai Super Kings,ML Hayden,SK Raina,R Bhatia,6,0,,,,,,"",""
ball,2,10.1,Chennai Super Kings,SK Raina,ML Hayden,PJ Sangwan,0,0,,,,,,"",""
ball,2,10.2,Chennai Super Kings,SK Raina,ML Hayden,PJ Sangwan,0,0,,,,,,"",""
ball,2,10.3,Chennai Super Kings,SK Raina,ML Hayden,PJ Sangwan,6,0,,,,,,"",""
ball,2,10.4,Chennai Super Kings,SK Raina,ML Hayden,PJ Sangwan,1,0,,,,,,"",""
ball,2,10.5,Chennai Super Kings,ML Hayden,SK Raina,PJ Sangwan,6,0,,,,,,"",""
ball,2,10.6,Chennai Super Kings,ML Hayden,SK Raina,PJ Sangwan,4,0,,,,,,"",""
ball,2,11.1,Chennai Super Kings,SK Raina,ML Hayden,A Mishra,1,0,,,,,,"",""
ball,2,11.2,Chennai Super Kings,ML Hayden,SK Raina,A Mishra,0,0,,,,,,"",""
ball,2,11.3,Chennai Super Kings,ML Hayden,SK Raina,A Mishra,1,0,,,,,,"",""
ball,2,11.4,Chennai Super Kings,SK Raina,ML Hayden,A Mishra,1,0,,,,,,"",""
ball,2,11.5,Chennai Super Kings,ML Hayden,SK Raina,A Mishra,6,0,,,,,,"",""
ball,2,11.6,Chennai Super Kings,ML Hayden,SK Raina,A Mishra,0,1,1,,,,,"",""
ball,2,11.7,Chennai Super Kings,ML Hayden,SK Raina,A Mishra,0,0,,,,,,"",""
ball,2,12.1,Chennai Super Kings,SK Raina,ML Hayden,DP Nannes,1,0,,,,,,"",""
ball,2,12.2,Chennai Super Kings,ML Hayden,SK Raina,DP Nannes,0,1,1,,,,,"",""
ball,2,12.3,Chennai Super Kings,ML Hayden,SK Raina,DP Nannes,0,1,,,,1,,"",""
ball,2,12.4,Chennai Super Kings,SK Raina,ML Hayden,DP Nannes,0,1,1,,,,,"",""
ball,2,12.5,Chennai Super Kings,SK Raina,ML Hayden,DP Nannes,1,0,,,,,,"",""
ball,2,12.6,Chennai Super Kings,ML Hayden,SK Raina,DP Nannes,4,0,,,,,,"",""
ball,2,12.7,Chennai Super Kings,ML Hayden,SK Raina,DP Nannes,0,0,,,,,,"",""
ball,2,12.8,Chennai Super Kings,ML Hayden,SK Raina,DP Nannes,1,0,,,,,,"",""
ball,2,13.1,Chennai Super Kings,ML Hayden,SK Raina,A Mishra,1,0,,,,,,"",""
ball,2,13.2,Chennai Super Kings,SK Raina,ML Hayden,A Mishra,0,1,1,,,,,"",""
ball,2,13.3,Chennai Super Kings,SK Raina,ML Hayden,A Mishra,1,0,,,,,,"",""
ball,2,13.4,Chennai Super Kings,ML Hayden,SK Raina,A Mishra,0,0,,,,,,caught,ML Hayden
ball,2,13.5,Chennai Super Kings,SK Raina,JA Morkel,A Mishra,0,0,,,,,,"",""
ball,2,13.6,Chennai Super Kings,SK Raina,JA Morkel,A Mishra,1,0,,,,,,"",""
ball,2,13.7,Chennai Super Kings,JA Morkel,SK Raina,A Mishra,0,0,,,,,,"",""
ball,2,14.1,Chennai Super Kings,SK Raina,JA Morkel,UT Yadav,4,0,,,,,,"",""
ball,2,14.2,Chennai Super Kings,SK Raina,JA Morkel,UT Yadav,0,0,,,,,,"",""
ball,2,14.3,Chennai Super Kings,SK Raina,JA Morkel,UT Yadav,4,0,,,,,,"",""
ball,2,14.4,Chennai Super Kings,SK Raina,JA Morkel,UT Yadav,0,0,,,,,,"",""
ball,2,14.5,Chennai Super Kings,SK Raina,JA Morkel,UT Yadav,0,1,1,,,,,"",""
ball,2,14.6,Chennai Super Kings,SK Raina,JA Morkel,UT Yadav,1,0,,,,,,"",""
ball,2,14.7,Chennai Super Kings,JA Morkel,SK Raina,UT Yadav,0,0,,,,,,"",""
ball,2,15.1,Chennai Super Kings,SK Raina,JA Morkel,TM Dilshan,1,0,,,,,,"",""
ball,2,15.2,Chennai Super Kings,JA Morkel,SK Raina,TM Dilshan,0,0,,,,,,caught,JA Morkel
ball,2,15.3,Chennai Super Kings,JM Kemp,SK Raina,TM Dilshan,1,0,,,,,,"",""
ball,2,15.4,Chennai Super Kings,SK Raina,JM Kemp,TM Dilshan,0,0,,,,,,"",""
ball,2,15.5,Chennai Super Kings,SK Raina,JM Kemp,TM Dilshan,1,0,,,,,,"",""
ball,2,15.6,Chennai Super Kings,JM Kemp,SK Raina,TM Dilshan,0,0,,,,,,"",""
ball,2,16.1,Chennai Super Kings,SK Raina,JM Kemp,A Mishra,6,0,,,,,,"",""
ball,2,16.2,Chennai Super Kings,SK Raina,JM Kemp,A Mishra,0,0,,,,,,"",""
ball,2,16.3,Chennai Super Kings,SK Raina,JM Kemp,A Mishra,1,0,,,,,,"",""
ball,2,16.4,Chennai Super Kings,JM Kemp,SK Raina,A Mishra,0,1,1,,,,,"",""
ball,2,16.5,Chennai Super Kings,JM Kemp,SK Raina,A Mishra,1,0,,,,,,"",""
ball,2,16.6,Chennai Super Kings,SK Raina,JM Kemp,A Mishra,1,0,,,,,,"",""
ball,2,16.7,Chennai Super Kings,JM Kemp,SK Raina,A Mishra,1,0,,,,,,"",""
ball,2,17.1,Chennai Super Kings,JM Kemp,SK Raina,DP Nannes,0,0,,,,,,"",""
ball,2,17.2,Chennai Super Kings,JM Kemp,SK Raina,DP Nannes,0,0,,,,,,"",""
ball,2,17.3,Chennai Super Kings,JM Kemp,SK Raina,DP Nannes,1,0,,,,,,"",""
ball,2,17.4,Chennai Super Kings,SK Raina,JM Kemp,DP Nannes,1,0,,,,,,"",""
ball,2,17.5,Chennai Super Kings,JM Kemp,SK Raina,DP Nannes,0,0,,,,,,bowled,JM Kemp
ball,2,17.6,Chennai Super Kings,M Vijay,SK Raina,DP Nannes,1,0,,,,,,"",""
ball,2,18.1,Chennai Super Kings,M Vijay,SK Raina,PJ Sangwan,4,0,,,,,,"",""
ball,2,18.2,Chennai Super Kings,M Vijay,SK Raina,PJ Sangwan,1,0,,,,,,"",""
ball,2,18.3,Chennai Super Kings,SK Raina,M Vijay,PJ Sangwan,1,0,,,,,,"",""
ball,2,18.4,Chennai Super Kings,M Vijay,SK Raina,PJ Sangwan,6,0,,,,,,"",""
ball,2,18.5,Chennai Super Kings,M Vijay,SK Raina,PJ Sangwan,2,0,,,,,,"",""
ball,2,18.6,Chennai Super Kings,M Vijay,SK Raina,PJ Sangwan,0,0,,,,,,"",""
ball,2,19.1,Chennai Super Kings,SK Raina,M Vijay,TM Dilshan,6,0,,,,,,"",""
