version,1.6.0
info,balls_per_over,6
info,team,Chennai Super Kings
info,team,Delhi Daredevils
info,gender,male
info,season,2011
info,date,2011/05/12
info,event,Indian Premier League
info,match_number,56
info,venue,"MA Chidambaram Stadium, Chepauk"
info,city,Chennai
info,toss_winner,Chennai Super Kings
info,toss_decision,bat
info,player_of_match,MS Dhoni
info,umpire,AM Saheba
info,umpire,SL Shastri
info,reserve_umpire,K Srinath
info,tv_umpire,Asad Rauf
info,match_referee,GF Labrooy
info,winner,Chennai Super Kings
info,winner_runs,18
info,player,Chennai Super Kings,MEK Hussey
info,player,Chennai Super Kings,M Vijay
info,player,Chennai Super Kings,SK Raina
info,player,Chennai Super Kings,S Badrinath
info,player,Chennai Super Kings,MS Dhoni
info,player,Chennai Super Kings,WP Saha
info,player,Chennai Super Kings,JA Morkel
info,player,Chennai Super Kings,DJ Bravo
info,player,Chennai Super Kings,R Ashwin
info,player,Chennai Super Kings,DE Bollinger
info,player,Chennai Super Kings,SB Jakati
info,player,Delhi Daredevils,NV Ojha
info,player,Delhi Daredevils,DA Warner
info,player,Delhi Daredevils,CA Ingram
info,player,Delhi Daredevils,IK Pathan
info,player,Delhi Daredevils,Y Venugopal Rao
info,player,Delhi Daredevils,JR Hopes
info,player,Delhi Daredevils,AB McDonald
info,player,Delhi Daredevils,Y Nagar
info,player,Delhi Daredevils,AB Agarkar
info,player,Delhi Daredevils,S Nadeem
info,player,Delhi Daredevils,VR Aaron
info,registry,people,AB Agarkar,fa463154
info,registry,people,AB McDonald,16043342
info,registry,people,AM Saheba,883e3818
info,registry,people,Asad Rauf,861606b7
info,registry,people,CA Ingram,c995d726
info,registry,people,DA Warner,dcce6f09
info,registry,people,DE Bollinger,45c2196c
info,registry,people,DJ Bravo,87e562a9
info,registry,people,GF Labrooy,8e088dbc
info,registry,people,IK Pathan,5fa06777
info,registry,people,JA Morkel,c3d35165
info,registry,people,JR Hopes,2498e163
info,registry,people,K Srinath,8ab5da97
info,registry,people,M Vijay,4b57e452
info,registry,people,MEK Hussey,48fd7349
info,registry,people,MS Dhoni,4a8a2e3b
info,registry,people,NV Ojha,890946a0
info,registry,people,R Ashwin,495d42a5
info,registry,people,S Badrinath,3576e47e
info,registry,people,S Nadeem,9d80c5e1
info,registry,people,SB Jakati,c8179c68
info,registry,people,SK Raina,1dc12ab9
info,registry,people,SL Shastri,53ef012d
info,registry,people,VR Aaron,0a3d54b9
info,registry,people,WP Saha,fe11caa6
info,registry,people,Y Nagar,662c47a6
info,registry,people,Y Venugopal Rao,fe763256
ball,1,0.1,Chennai Super Kings,MEK Hussey,M Vijay,IK Pathan,1,0,,,,,,"",""
ball,1,0.2,Chennai Super Kings,M Vijay,MEK Hussey,IK Pathan,0,0,,,,,,"",""
ball,1,0.3,Chennai Super Kings,M Vijay,MEK Hussey,IK Pathan,1,0,,,,,,"",""
ball,1,0.4,Chennai Super Kings,MEK Hussey,M Vijay,IK Pathan,4,0,,,,,,"",""
ball,1,0.5,Chennai Super Kings,MEK Hussey,M Vijay,IK Pathan,0,0,,,,,,"",""
ball,1,0.6,Chennai Super Kings,MEK Hussey,M Vijay,IK Pathan,0,0,,,,,,lbw,MEK Hussey
ball,1,1.1,Chennai Super Kings,M Vijay,SK Raina,AB McDonald,1,0,,,,,,"",""
ball,1,1.2,Chennai Super Kings,SK Raina,M Vijay,AB McDonald,4,0,,,,,,"",""
ball,1,1.3,Chennai Super Kings,SK Raina,M Vijay,AB McDonald,0,0,,,,,,"",""
ball,1,1.4,Chennai Super Kings,SK Raina,M Vijay,AB McDonald,0,0,,,,,,"",""
ball,1,1.5,Chennai Super Kings,SK Raina,M Vijay,AB McDonald,6,0,,,,,,"",""
ball,1,1.6,Chennai Super Kings,SK Raina,M Vijay,AB McDonald,0,0,,,,,,"",""
ball,1,2.1,Chennai Super Kings,M Vijay,SK Raina,IK Pathan,4,0,,,,,,"",""
ball,1,2.2,Chennai Super Kings,M Vijay,SK Raina,IK Pathan,0,0,,,,,,"",""
ball,1,2.3,Chennai Super Kings,M Vijay,SK Raina,IK Pathan,0,0,,,,,,"",""
ball,1,2.4,Chennai Super Kings,M Vijay,SK Raina,IK Pathan,1,0,,,,,,"",""
ball,1,2.5,Chennai Super Kings,SK Raina,M Vijay,IK Pathan,1,0,,,,,,"",""
ball,1,2.6,Chennai Super Kings,M Vijay,SK Raina,IK Pathan,2,0,,,,,,"",""
ball,1,3.1,Chennai Super Kings,SK Raina,M Vijay,VR Aaron,1,0,,,,,,"",""
ball,1,3.2,Chennai Super Kings,M Vijay,SK Raina,VR Aaron,0,0,,,,,,"",""
ball,1,3.3,Chennai Super Kings,M Vijay,SK Raina,VR Aaron,0,0,,,,,,"",""
ball,1,3.4,Chennai Super Kings,M Vijay,SK Raina,VR Aaron,0,0,,,,,,"",""
ball,1,3.5,Chennai Super Kings,M Vijay,SK Raina,VR Aaron,0,0,,,,,,"",""
ball,1,3.6,Chennai Super Kings,M Vijay,SK Raina,VR Aaron,1,0,,,,,,"",""
ball,1,4.1,Chennai Super Kings,M Vijay,SK Raina,AB Agarkar,6,0,,,,,,"",""
ball,1,4.2,Chennai Super Kings,M Vijay,SK Raina,AB Agarkar,0,0,,,,,,"",""
ball,1,4.3,Chennai Super Kings,M Vijay,SK Raina,AB Agarkar,6,0,,,,,,"",""
ball,1,4.4,Chennai Super Kings,M Vijay,SK Raina,AB Agarkar,0,0,,,,,,"",""
ball,1,4.5,Chennai Super Kings,M Vijay,SK Raina,AB Agarkar,0,0,,,,,,"",""
ball,1,4.6,Chennai Super Kings,M Vijay,SK Raina,AB Agarkar,0,0,,,,,,"",""
ball,1,5.1,Chennai Super Kings,SK Raina,M Vijay,VR Aaron,0,0,,,,,,"",""
ball,1,5.2,Chennai Super Kings,SK Raina,M Vijay,VR Aaron,2,0,,,,,,"",""
ball,1,5.3,Chennai Super Kings,SK Raina,M Vijay,VR Aaron,0,0,,,,,,caught,SK Raina
ball,1,5.4,Chennai Super Kings,M Vijay,S Badrinath,VR Aaron,0,0,,,,,,"",""
ball,1,5.5,Chennai Super Kings,M Vijay,S Badrinath,VR Aaron,0,0,,,,,,"",""
ball,1,5.6,Chennai Super Kings,M Vijay,S Badrinath,VR Aaron,1,0,,,,,,"",""
ball,1,6.1,Chennai Super Kings,M Vijay,S Badrinath,S Nadeem,0,0,,,,,,"",""
ball,1,6.2,Chennai Super Kings,M Vijay,S Badrinath,S Nadeem,1,0,,,,,,"",""
ball,1,6.3,Chennai Super Kings,S Badrinath,M Vijay,S Nadeem,0,0,,,,,,"",""
ball,1,6.4,Chennai Super Kings,S Badrinath,M Vijay,S Nadeem,0,0,,,,,,"",""
ball,1,6.5,Chennai Super Kings,S Badrinath,M Vijay,S Nadeem,0,0,,,,,,"",""
ball,1,6.6,Chennai Super Kings,S Badrinath,M Vijay,S Nadeem,0,0,,,,,,"",""
ball,1,7.1,Chennai Super Kings,M Vijay,S Badrinath,JR Hopes,0,0,,,,,,"",""
ball,1,7.2,Chennai Super Kings,M Vijay,S Badrinath,JR Hopes,1,0,,,,,,"",""
ball,1,7.3,Chennai Super Kings,S Badrinath,M Vijay,JR Hopes,1,0,,,,,,"",""
ball,1,7.4,Chennai Super Kings,M Vijay,S Badrinath,JR Hopes,1,0,,,,,,"",""
ball,1,7.5,Chennai Super Kings,S Badrinath,M Vijay,JR Hopes,0,0,,,,,,"",""
ball,1,7.6,Chennai Super Kings,S Badrinath,M Vijay,JR Hopes,1,0,,,,,,"",""
ball,1,8.1,Chennai Super Kings,S Badrinath,M Vijay,S Nadeem,4,0,,,,,,"",""
ball,1,8.2,Chennai Super Kings,S Badrinath,M Vijay,S Nadeem,1,0,,,,,,"",""
ball,1,8.3,Chennai Super Kings,M Vijay,S Badrinath,S Nadeem,2,0,,,,,,"",""
ball,1,8.4,Chennai Super Kings,M Vijay,S Badrinath,S Nadeem,1,0,,,,,,"",""
ball,1,8.5,Chennai Super Kings,S Badrinath,M Vijay,S Nadeem,0,0,,,,,,"",""
ball,1,8.6,Chennai Super Kings,S Badrinath,M Vijay,S Nadeem,0,0,,,,,,"",""
ball,1,9.1,Chennai Super Kings,M Vijay,S Badrinath,JR Hopes,4,0,,,,,,"",""
ball,1,9.2,Chennai Super Kings,M Vijay,S Badrinath,JR Hopes,1,0,,,,,,"",""
ball,1,9.3,Chennai Super Kings,S Badrinath,M Vijay,JR Hopes,1,0,,,,,,"",""
ball,1,9.4,Chennai Super Kings,M Vijay,S Badrinath,JR Hopes,1,0,,,,,,"",""
ball,1,9.5,Chennai Super Kings,S Badrinath,M Vijay,JR Hopes,4,0,,,,,,"",""
ball,1,9.6,Chennai Super Kings,S Badrinath,M Vijay,JR Hopes,1,0,,,,,,"",""
ball,1,10.1,Chennai Super Kings,S Badrinath,M Vijay,AB Agarkar,1,0,,,,,,"",""
ball,1,10.2,Chennai Super Kings,M Vijay,S Badrinath,AB Agarkar,0,0,,,,,,caught,M Vijay
ball,1,10.3,Chennai Super Kings,MS Dhoni,S Badrinath,AB Agarkar,0,0,,,,,,"",""
ball,1,10.4,Chennai Super Kings,MS Dhoni,S Badrinath,AB Agarkar,4,0,,,,,,"",""
ball,1,10.5,Chennai Super Kings,MS Dhoni,S Badrinath,AB Agarkar,0,0,,,,,,"",""
ball,1,10.6,Chennai Super Kings,MS Dhoni,S Badrinath,AB Agarkar,1,0,,,,,,"",""
ball,1,11.1,Chennai Super Kings,MS Dhoni,S Badrinath,AB McDonald,6,0,,,,,,"",""
ball,1,11.2,Chennai Super Kings,MS Dhoni,S Badrinath,AB McDonald,4,0,,,,,,"",""
ball,1,11.3,Chennai Super Kings,MS Dhoni,S Badrinath,AB McDonald,1,0,,,,,,"",""
ball,1,11.4,Chennai Super Kings,S Badrinath,MS Dhoni,AB McDonald,0,0,,,,,,"",""
ball,1,11.5,Chennai Super Kings,S Badrinath,MS Dhoni,AB McDonald,1,0,,,,,,"",""
ball,1,11.6,Chennai Super Kings,MS Dhoni,S Badrinath,AB McDonald,0,0,,,,,,"",""
ball,1,12.1,Chennai Super Kings,S Badrinath,MS Dhoni,S Nadeem,4,0,,,,,,"",""
ball,1,12.2,Chennai Super Kings,S Badrinath,MS Dhoni,S Nadeem,1,0,,,,,,"",""
ball,1,12.3,Chennai Super Kings,MS Dhoni,S Badrinath,S Nadeem,1,0,,,,,,"",""
ball,1,12.4,Chennai Super Kings,S Badrinath,MS Dhoni,S Nadeem,2,0,,,,,,"",""
ball,1,12.5,Chennai Super Kings,S Badrinath,MS Dhoni,S Nadeem,1,0,,,,,,"",""
ball,1,12.6,Chennai Super Kings,MS Dhoni,S Badrinath,S Nadeem,1,0,,,,,,"",""
ball,1,13.1,Chennai Super Kings,MS Dhoni,S Badrinath,VR Aaron,1,0,,,,,,"",""
ball,1,13.2,Chennai Super Kings,S Badrinath,MS Dhoni,VR Aaron,0,0,,,,,,"",""
ball,1,13.3,Chennai Super Kings,S Badrinath,MS Dhoni,VR Aaron,0,0,,,,,,"",""
ball,1,13.4,Chennai Super Kings,S Badrinath,MS Dhoni,VR Aaron,0,0,,,,,,"",""
ball,1,13.5,Chennai Super Kings,S Badrinath,MS Dhoni,VR Aaron,1,0,,,,,,"",""
ball,1,13.6,Chennai Super Kings,MS Dhoni,S Badrinath,VR Aaron,1,0,,,,,,"",""
ball,1,14.1,Chennai Super Kings,MS Dhoni,S Badrinath,S Nadeem,1,0,,,,,,"",""
ball,1,14.2,Chennai Super Kings,S Badrinath,MS Dhoni,S Nadeem,4,0,,,,,,"",""
ball,1,14.3,Chennai Super Kings,S Badrinath,MS Dhoni,S Nadeem,0,0,,,,,,"",""
ball,1,14.4,Chennai Super Kings,S Badrinath,MS Dhoni,S Nadeem,0,0,,,,,,"",""
ball,1,14.5,Chennai Super Kings,S Badrinath,MS Dhoni,S Nadeem,1,0,,,,,,"",""
ball,1,14.6,Chennai Super Kings,MS Dhoni,S Badrinath,S Nadeem,1,0,,,,,,"",""
ball,1,15.1,Chennai Super Kings,MS Dhoni,S Badrinath,AB Agarkar,1,0,,,,,,"",""
ball,1,15.2,Chennai Super Kings,S Badrinath,MS Dhoni,AB Agarkar,1,0,,,,,,"",""
ball,1,15.3,Chennai Super Kings,MS Dhoni,S Badrinath,AB Agarkar,1,0,,,,,,"",""
ball,1,15.4,Chennai Super Kings,S Badrinath,MS Dhoni,AB Agarkar,0,1,,,,1,,"",""
ball,1,15.5,Chennai Super Kings,MS Dhoni,S Badrinath,AB Agarkar,4,0,,,,,,"",""
ball,1,15.6,Chennai Super Kings,MS Dhoni,S Badrinath,AB Agarkar,4,0,,,,,,"",""
ball,1,16.1,Chennai Super Kings,S Badrinath,MS Dhoni,IK Pathan,1,0,,,,,,"",""
ball,1,16.2,Chennai Super Kings,MS Dhoni,S Badrinath,IK Pathan,1,0,,,,,,"",""
ball,1,16.3,Chennai Super Kings,S Badrinath,MS Dhoni,IK Pathan,2,1,,1,,,,"",""
ball,1,16.4,Chennai Super Kings,S Badrinath,MS Dhoni,IK Pathan,1,0,,,,,,"",""
ball,1,16.5,Chennai Super Kings,MS Dhoni,S Badrinath,IK Pathan,1,0,,,,,,"",""
ball,1,16.6,Chennai Super Kings,S Badrinath,MS Dhoni,IK Pathan,1,0,,,,,,"",""
ball,1,16.7,Chennai Super Kings,MS Dhoni,S Badrinath,IK Pathan,1,0,,,,,,"",""
ball,1,17.1,Chennai Super Kings,MS Dhoni,S Badrinath,VR Aaron,0,1,,,,1,,"",""
ball,1,17.2,Chennai Super Kings,S Badrinath,MS Dhoni,VR Aaron,4,0,,,,,,"",""
ball,1,17.3,Chennai Super Kings,S Badrinath,MS Dhoni,VR Aaron,0,1,1,,,,,"",""
ball,1,17.4,Chennai Super Kings,S Badrinath,MS Dhoni,VR Aaron,1,0,,,,,,"",""
ball,1,17.5,Chennai Super Kings,MS Dhoni,S Badrinath,VR Aaron,1,0,,,,,,"",""
ball,1,17.6,Chennai Super Kings,S Badrinath,MS Dhoni,VR Aaron,1,0,,,,,,"",""
ball,1,17.7,Chennai Super Kings,MS Dhoni,S Badrinath,VR Aaron,4,0,,,,,,"",""
ball,1,18.1,Chennai Super Kings,S Badrinath,MS Dhoni,AB Agarkar,1,0,,,,,,"",""
ball,1,18.2,Chennai Super Kings,MS Dhoni,S Badrinath,AB Agarkar,6,0,,,,,,"",""
ball,1,18.3,Chennai Super Kings,MS Dhoni,S Badrinath,AB Agarkar,1,0,,,,,,"",""
ball,1,18.4,Chennai Super Kings,S Badrinath,MS Dhoni,AB Agarkar,6,0,,,,,,"",""
ball,1,18.5,Chennai Super Kings,S Badrinath,MS Dhoni,AB Agarkar,4,0,,,,,,"",""
ball,1,18.6,Chennai Super Kings,S Badrinath,MS Dhoni,AB Agarkar,2,0,,,,,,"",""
ball,1,19.1,Chennai Super Kings,MS Dhoni,S Badrinath,IK Pathan,2,0,,,,,,"",""
ball,1,19.2,Chennai Super Kings,MS Dhoni,S Badrinath,IK Pathan,1,0,,,,,,"",""
ball,1,19.3,Chennai Super Kings,S Badrinath,MS Dhoni,IK Pathan,1,0,,,,,,"",""
ball,1,19.4,Chennai Super Kings,MS Dhoni,S Badrinath,IK Pathan,1,0,,,,,,run out,S Badrinath
ball,1,19.5,Chennai Super Kings,MS Dhoni,WP Saha,IK Pathan,6,0,,,,,,"",""
ball,1,19.6,Chennai Super Kings,MS Dhoni,WP Saha,IK Pathan,6,0,,,,,,"",""
ball,2,0.1,Delhi Daredevils,NV Ojha,DA Warner,JA Morkel,0,0,,,,,,"",""
ball,2,0.2,Delhi Daredevils,NV Ojha,DA Warner,JA Morkel,0,0,,,,,,"",""
ball,2,0.3,Delhi Daredevils,NV Ojha,DA Warner,JA Morkel,0,0,,,,,,"",""
ball,2,0.4,Delhi Daredevils,NV Ojha,DA Warner,JA Morkel,4,0,,,,,,"",""
ball,2,0.5,Delhi Daredevils,NV Ojha,DA Warner,JA Morkel,0,0,,,,,,"",""
ball,2,0.6,Delhi Daredevils,NV Ojha,DA Warner,JA Morkel,0,0,,,,,,"",""
ball,2,1.1,Delhi Daredevils,DA Warner,NV Ojha,DE Bollinger,0,1,,,,1,,"",""
ball,2,1.2,Delhi Daredevils,NV Ojha,DA Warner,DE Bollinger,0,0,,,,,,"",""
ball,2,1.3,Delhi Daredevils,NV Ojha,DA Warner,DE Bollinger,4,0,,,,,,"",""
ball,2,1.4,Delhi Daredevils,NV Ojha,DA Warner,DE Bollinger,4,0,,,,,,"",""
ball,2,1.5,Delhi Daredevils,NV Ojha,DA Warner,DE Bollinger,1,0,,,,,,"",""
ball,2,1.6,Delhi Daredevils,DA Warner,NV Ojha,DE Bollinger,3,0,,,,,,"",""
ball,2,2.1,Delhi Daredevils,DA Warner,NV Ojha,JA Morkel,1,0,,,,,,"",""
ball,2,2.2,Delhi Daredevils,NV Ojha,DA Warner,JA Morkel,6,0,,,,,,"",""
ball,2,2.3,Delhi Daredevils,NV Ojha,DA Warner,JA Morkel,6,0,,,,,,"",""
ball,2,2.4,Delhi Daredevils,NV Ojha,DA Warner,JA Morkel,0,0,,,,,,"",""
ball,2,2.5,Delhi Daredevils,NV Ojha,DA Warner,JA Morkel,0,0,,,,,,caught,NV Ojha
ball,2,2.6,Delhi Daredevils,DA Warner,CA Ingram,JA Morkel,4,0,,,,,,"",""
ball,2,3.1,Delhi Daredevils,CA Ingram,DA Warner,R Ashwin,0,0,,,,,,"",""
ball,2,3.2,Delhi Daredevils,CA Ingram,DA Warner,R Ashwin,0,0,,,,,,"",""
ball,2,3.3,Delhi Daredevils,CA Ingram,DA Warner,R Ashwin,1,0,,,,,,"",""
ball,2,3.4,Delhi Daredevils,DA Warner,CA Ingram,R Ashwin,1,0,,,,,,"",""
ball,2,3.5,Delhi Daredevils,CA Ingram,DA Warner,R Ashwin,4,0,,,,,,"",""
ball,2,3.6,Delhi Daredevils,CA Ingram,DA Warner,R Ashwin,0,0,,,,,,"",""
ball,2,4.1,Delhi Daredevils,DA Warner,CA Ingram,DE Bollinger,0,0,,,,,,"",""
ball,2,4.2,Delhi Daredevils,DA Warner,CA Ingram,DE Bollinger,0,0,,,,,,"",""
ball,2,4.3,Delhi Daredevils,DA Warner,CA Ingram,DE Bollinger,1,0,,,,,,"",""
ball,2,4.4,Delhi Daredevils,CA Ingram,DA Warner,DE Bollinger,0,0,,,,,,"",""
ball,2,4.5,Delhi Daredevils,CA Ingram,DA Warner,DE Bollinger,1,0,,,,,,"",""
ball,2,4.6,Delhi Daredevils,DA Warner,CA Ingram,DE Bollinger,4,0,,,,,,"",""
ball,2,5.1,Delhi Daredevils,CA Ingram,DA Warner,R Ashwin,0,4,,,,4,,"",""
ball,2,5.2,Delhi Daredevils,CA Ingram,DA Warner,R Ashwin,0,0,,,,,,"",""
ball,2,5.3,Delhi Daredevils,CA Ingram,DA Warner,R Ashwin,0,1,,,,1,,"",""
ball,2,5.4,Delhi Daredevils,DA Warner,CA Ingram,R Ashwin,0,0,,,,,,"",""
ball,2,5.5,Delhi Daredevils,DA Warner,CA Ingram,R Ashwin,0,0,,,,,,"",""
ball,2,5.6,Delhi Daredevils,DA Warner,CA Ingram,R Ashwin,1,0,,,,,,"",""
ball,2,6.1,Delhi Daredevils,DA Warner,CA Ingram,SK Raina,0,0,,,,,,"",""
ball,2,6.2,Delhi Daredevils,DA Warner,CA Ingram,SK Raina,0,0,,,,,,"",""
ball,2,6.3,Delhi Daredevils,DA Warner,CA Ingram,SK Raina,1,0,,,,,,"",""
ball,2,6.4,Delhi Daredevils,CA Ingram,DA Warner,SK Raina,1,0,,,,,,"",""
ball,2,6.5,Delhi Daredevils,DA Warner,CA Ingram,SK Raina,0,0,,,,,,"",""
ball,2,6.6,Delhi Daredevils,DA Warner,CA Ingram,SK Raina,0,0,,,,,,"",""
ball,2,7.1,Delhi Daredevils,CA Ingram,DA Warner,R Ashwin,0,0,,,,,,caught,CA Ingram
ball,2,7.2,Delhi Daredevils,IK Pathan,DA Warner,R Ashwin,0,0,,,,,,"",""
ball,2,7.3,Delhi Daredevils,IK Pathan,DA Warner,R Ashwin,1,0,,,,,,"",""
ball,2,7.4,Delhi Daredevils,DA Warner,IK Pathan,R Ashwin,1,0,,,,,,"",""
ball,2,7.5,Delhi Daredevils,IK Pathan,DA Warner,R Ashwin,0,0,,,,,,"",""
ball,2,7.6,Delhi Daredevils,IK Pathan,DA Warner,R Ashwin,0,0,,,,,,"",""
ball,2,8.1,Delhi Daredevils,DA Warner,IK Pathan,SK Raina,2,0,,,,,,"",""
ball,2,8.2,Delhi Daredevils,DA Warner,IK Pathan,SK Raina,0,0,,,,,,"",""
ball,2,8.3,Delhi Daredevils,DA Warner,IK Pathan,SK Raina,1,0,,,,,,"",""
ball,2,8.4,Delhi Daredevils,IK Pathan,DA Warner,SK Raina,1,0,,,,,,"",""
ball,2,8.5,Delhi Daredevils,DA Warner,IK Pathan,SK Raina,0,0,,,,,,"",""
ball,2,8.6,Delhi Daredevils,DA Warner,IK Pathan,SK Raina,0,0,,,,,,"",""
ball,2,9.1,Delhi Daredevils,IK Pathan,DA Warner,DJ Bravo,0,1,1,,,,,"",""
ball,2,9.2,Delhi Daredevils,IK Pathan,DA Warner,DJ Bravo,1,0,,,,,,"",""
ball,2,9.3,Delhi Daredevils,DA Warner,IK Pathan,DJ Bravo,1,0,,,,,,"",""
ball,2,9.4,Delhi Daredevils,IK Pathan,DA Warner,DJ Bravo,1,0,,,,,,"",""
ball,2,9.5,Delhi Daredevils,DA Warner,IK Pathan,DJ Bravo,0,0,,,,,,caught,DA Warner
ball,2,9.6,Delhi Daredevils,Y Venugopal Rao,IK Pathan,DJ Bravo,1,0,,,,,,"",""
ball,2,9.7,Delhi Daredevils,IK Pathan,Y Venugopal Rao,DJ Bravo,0,0,,,,,,"",""
ball,2,10.1,Delhi Daredevils,Y Venugopal Rao,IK Pathan,SK Raina,1,0,,,,,,"",""
ball,2,10.2,Delhi Daredevils,IK Pathan,Y Venugopal Rao,SK Raina,0,0,,,,,,"",""
ball,2,10.3,Delhi Daredevils,IK Pathan,Y Venugopal Rao,SK Raina,0,2,,,,2,,"",""
ball,2,10.4,Delhi Daredevils,IK Pathan,Y Venugopal Rao,SK Raina,0,1,1,,,,,"",""
ball,2,10.5,Delhi Daredevils,IK Pathan,Y Venugopal Rao,SK Raina,0,0,,,,,,"",""
ball,2,10.6,Delhi Daredevils,IK Pathan,Y Venugopal Rao,SK Raina,1,0,,,,,,"",""
ball,2,10.7,Delhi Daredevils,Y Venugopal Rao,IK Pathan,SK Raina,1,0,,,,,,"",""
ball,2,11.1,Delhi Daredevils,Y Venugopal Rao,IK Pathan,DJ Bravo,1,0,,,,,,"",""
ball,2,11.2,Delhi Daredevils,IK Pathan,Y Venugopal Rao,DJ Bravo,1,0,,,,,,"",""
ball,2,11.3,Delhi Daredevils,Y Venugopal Rao,IK Pathan,DJ Bravo,1,0,,,,,,"",""
ball,2,11.4,Delhi Daredevils,IK Pathan,Y Venugopal Rao,DJ Bravo,1,0,,,,,,"",""
ball,2,11.5,Delhi Daredevils,Y Venugopal Rao,IK Pathan,DJ Bravo,4,0,,,,,,"",""
ball,2,11.6,Delhi Daredevils,Y Venugopal Rao,IK Pathan,DJ Bravo,0,1,1,,,,,"",""
ball,2,11.7,Delhi Daredevils,Y Venugopal Rao,IK Pathan,DJ Bravo,1,0,,,,,,"",""
ball,2,12.1,Delhi Daredevils,Y Venugopal Rao,IK Pathan,SB Jakati,1,0,,,,,,"",""
ball,2,12.2,Delhi Daredevils,IK Pathan,Y Venugopal Rao,SB Jakati,0,0,,,,,,"",""
ball,2,12.3,Delhi Daredevils,IK Pathan,Y Venugopal Rao,SB Jakati,1,0,,,,,,"",""
ball,2,12.4,Delhi Daredevils,Y Venugopal Rao,IK Pathan,SB Jakati,6,0,,,,,,"",""
ball,2,12.5,Delhi Daredevils,Y Venugopal Rao,IK Pathan,SB Jakati,0,0,,,,,,"",""
ball,2,12.6,Delhi Daredevils,Y Venugopal Rao,IK Pathan,SB Jakati,1,0,,,,,,"",""
ball,2,13.1,Delhi Daredevils,Y Venugopal Rao,IK Pathan,SK Raina,0,0,,,,,,"",""
ball,2,13.2,Delhi Daredevils,Y Venugopal Rao,IK Pathan,SK Raina,0,1,,,,1,,"",""
ball,2,13.3,Delhi Daredevils,IK Pathan,Y Venugopal Rao,SK Raina,0,0,,,,,,"",""
ball,2,13.4,Delhi Daredevils,IK Pathan,Y Venugopal Rao,SK Raina,1,0,,,,,,"",""
ball,2,13.5,Delhi Daredevils,Y Venugopal Rao,IK Pathan,SK Raina,4,0,,,,,,"",""
ball,2,13.6,Delhi Daredevils,Y Venugopal Rao,IK Pathan,SK Raina,1,0,,,,,,"",""
ball,2,14.1,Delhi Daredevils,Y Venugopal Rao,IK Pathan,SB Jakati,0,0,,,,,,"",""
ball,2,14.2,Delhi Daredevils,Y Venugopal Rao,IK Pathan,SB Jakati,0,0,,,,,,"",""
ball,2,14.3,Delhi Daredevils,Y Venugopal Rao,IK Pathan,SB Jakati,6,0,,,,,,"",""
ball,2,14.4,Delhi Daredevils,Y Venugopal Rao,IK Pathan,SB Jakati,1,0,,,,,,"",""
ball,2,14.5,Delhi Daredevils,IK Pathan,Y Venugopal Rao,SB Jakati,1,0,,,,,,"",""
ball,2,14.6,Delhi Daredevils,Y Venugopal Rao,IK Pathan,SB Jakati,0,2,2,,,,,"",""
ball,2,14.7,Delhi Daredevils,IK Pathan,Y Venugopal Rao,SB Jakati,0,0,,,,,,"",""
ball,2,15.1,Delhi Daredevils,Y Venugopal Rao,IK Pathan,R Ashwin,0,0,,,,,,bowled,Y Venugopal Rao
ball,2,15.2,Delhi Daredevils,JR Hopes,IK Pathan,R Ashwin,1,0,,,,,,"",""
ball,2,15.3,Delhi Daredevils,IK Pathan,JR Hopes,R Ashwin,0,0,,,,,,"",""
ball,2,15.4,Delhi Daredevils,IK Pathan,JR Hopes,R Ashwin,6,0,,,,,,"",""
ball,2,15.5,Delhi Daredevils,IK Pathan,JR Hopes,R Ashwin,1,0,,,,,,"",""
ball,2,15.6,Delhi Daredevils,JR Hopes,IK Pathan,R Ashwin,2,0,,,,,,"",""
ball,2,16.1,Delhi Daredevils,IK Pathan,JR Hopes,DE Bollinger,1,0,,,,,,"",""
ball,2,16.2,Delhi Daredevils,JR Hopes,IK Pathan,DE Bollinger,2,0,,,,,,"",""
ball,2,16.3,Delhi Daredevils,JR Hopes,IK Pathan,DE Bollinger,2,0,,,,,,"",""
ball,2,16.4,Delhi Daredevils,JR Hopes,IK Pathan,DE Bollinger,1,0,,,,,,"",""
ball,2,16.5,Delhi Daredevils,IK Pathan,JR Hopes,DE Bollinger,0,0,,,,,,"",""
ball,2,16.6,Delhi Daredevils,IK Pathan,JR Hopes,DE Bollinger,4,0,,,,,,"",""
ball,2,17.1,Delhi Daredevils,JR Hopes,IK Pathan,DJ Bravo,0,0,,,,,,caught,JR Hopes
ball,2,17.2,Delhi Daredevils,IK Pathan,AB McDonald,DJ Bravo,1,0,,,,,,"",""
ball,2,17.3,Delhi Daredevils,AB McDonald,IK Pathan,DJ Bravo,2,0,,,,,,"",""
ball,2,17.4,Delhi Daredevils,AB McDonald,IK Pathan,DJ Bravo,0,0,,,,,,"",""
ball,2,17.5,Delhi Daredevils,AB McDonald,IK Pathan,DJ Bravo,2,0,,,,,,"",""
ball,2,17.6,Delhi Daredevils,AB McDonald,IK Pathan,DJ Bravo,1,0,,,,,,"",""
ball,2,18.1,Delhi Daredevils,AB McDonald,IK Pathan,JA Morkel,1,0,,,,,,"",""
ball,2,18.2,Delhi Daredevils,IK Pathan,AB McDonald,JA Morkel,2,0,,,,,,"",""
ball,2,18.3,Delhi Daredevils,IK Pathan,AB McDonald,JA Morkel,2,0,,,,,,"",""
ball,2,18.4,Delhi Daredevils,IK Pathan,AB McDonald,JA Morkel,2,0,,,,,,"",""
ball,2,18.5,Delhi Daredevils,IK Pathan,AB McDonald,JA Morkel,4,0,,,,,,"",""
ball,2,18.6,Delhi Daredevils,IK Pathan,AB McDonald,JA Morkel,4,0,,,,,,"",""
ball,2,19.1,Delhi Daredevils,AB McDonald,IK Pathan,DE Bollinger,2,0,,,,,,"",""
ball,2,19.2,Delhi Daredevils,AB McDonald,IK Pathan,DE Bollinger,0,0,,,,,,caught,AB McDonald
ball,2,19.3,Delhi Daredevils,Y Nagar,IK Pathan,DE Bollinger,1,0,,,,,,"",""
ball,2,19.4,Delhi Daredevils,IK Pathan,Y Nagar,DE Bollinger,6,0,,,,,,"",""
ball,2,19.5,Delhi Daredevils,IK Pathan,Y Nagar,DE Bollinger,1,0,,,,,,"",""
ball,2,19.6,Delhi Daredevils,Y Nagar,IK Pathan,DE Bollinger,0,0,,,,,,"",""
