version,1.6.0
info,balls_per_over,6
info,team,Kolkata Knight Riders
info,team,Rajasthan Royals
info,gender,male
info,season,2011
info,date,2011/04/17
info,event,Indian Premier League
info,match_number,17
info,venue,Eden Gardens
info,city,Kolkata
info,toss_winner,Kolkata Knight Riders
info,toss_decision,field
info,player_of_match,L Balaji
info,umpire,Aleem Dar
info,umpire,RB Tiffin
info,reserve_umpire,S Das
info,tv_umpire,SS Hazare
info,match_referee,AJ Pycroft
info,winner,Kolkata Knight Riders
info,winner_wickets,8
info,player,Kolkata Knight Riders,JH Kallis
info,player,Kolkata Knight Riders,MS Bisla
info,player,Kolkata Knight Riders,G Gambhir
info,player,Kolkata Knight Riders,MK Tiwary
info,player,Kolkata Knight Riders,YK Pathan
info,player,Kolkata Knight Riders,EJG Morgan
info,player,Kolkata Knight Riders,Shakib Al Hasan
info,player,Kolkata Knight Riders,Iqbal Abdulla
info,player,Kolkata Knight Riders,R Bhatia
info,player,Kolkata Knight Riders,B Lee
info,player,Kolkata Knight Riders,L Balaji
info,player,Rajasthan Royals,SR Watson
info,player,Rajasthan Royals,AG Paunikar
info,player,Rajasthan Royals,FY Fazal
info,player,Rajasthan Royals,AS Raut
info,player,Rajasthan Royals,AL Menaria
info,player,Rajasthan Royals,LRPL Taylor
info,player,Rajasthan Royals,AM Rahane
info,player,Rajasthan Royals,SK Warne
info,player,Rajasthan Royals,A Singh
info,player,Rajasthan Royals,SW Tait
info,player,Rajasthan Royals,SK Trivedi
info,registry,people,A Singh,5b040b81
info,registry,people,AG Paunikar,3a02626a
info,registry,people,AJ Pycroft,685d3f80
info,registry,people,AL Menaria,8291f939
info,registry,people,AM Rahane,29e95537
info,registry,people,AS Raut,c69a7b5c
info,registry,people,Aleem Dar,f02778d1
info,registry,people,B Lee,dd09ff8e
info,registry,people,EJG Morgan,d2a6c0e6
info,registry,people,FY Fazal,c15e2193
info,registry,people,G Gambhir,bb345e0b
info,registry,people,Iqbal Abdulla,85aae393
info,registry,people,JH Kallis,86dc8f2e
info,registry,people,L Balaji,b2b50355
info,registry,people,LRPL Taylor,b61a3e1a
info,registry,people,MK Tiwary,26e5cabf
info,registry,people,MS Bisla,5afd4539
info,registry,people,R Bhatia,33a364a6
info,registry,people,RB Tiffin,89087a0d
info,registry,people,S Das,475e38b6
info,registry,people,SK Trivedi,3d7e087f
info,registry,people,SK Warne,bb18be76
info,registry,people,SR Watson,4329fbb5
info,registry,people,SS Hazare,166e5081
info,registry,people,SW Tait,addfb70e
info,registry,people,Shakib Al Hasan,7dc35884
info,registry,people,YK Pathan,3c6ffae8
ball,1,0.1,Rajasthan Royals,SR Watson,AG Paunikar,B Lee,0,0,,,,,,"",""
ball,1,0.2,Rajasthan Royals,SR Watson,AG Paunikar,B Lee,1,0,,,,,,"",""
ball,1,0.3,Rajasthan Royals,AG Paunikar,SR Watson,B Lee,0,0,,,,,,"",""
ball,1,0.4,Rajasthan Royals,AG Paunikar,SR Watson,B Lee,1,0,,,,,,"",""
ball,1,0.5,Rajasthan Royals,SR Watson,AG Paunikar,B Lee,1,0,,,,,,"",""
ball,1,0.6,Rajasthan Royals,AG Paunikar,SR Watson,B Lee,1,0,,,,,,"",""
ball,1,1.1,Rajasthan Royals,AG Paunikar,SR Watson,Shakib Al Hasan,4,0,,,,,,"",""
ball,1,1.2,Rajasthan Royals,AG Paunikar,SR Watson,Shakib Al Hasan,1,0,,,,,,"",""
ball,1,1.3,Rajasthan Royals,SR Watson,AG Paunikar,Shakib Al Hasan,4,0,,,,,,"",""
ball,1,1.4,Rajasthan Royals,SR Watson,AG Paunikar,Shakib Al Hasan,0,0,,,,,,"",""
ball,1,1.5,Rajasthan Royals,SR Watson,AG Paunikar,Shakib Al Hasan,0,0,,,,,,"",""
ball,1,1.6,Rajasthan Royals,SR Watson,AG Paunikar,Shakib Al Hasan,0,0,,,,,,"",""
ball,1,2.1,Rajasthan Royals,AG Paunikar,SR Watson,B Lee,1,0,,,,,,"",""
ball,1,2.2,Rajasthan Royals,SR Watson,AG Paunikar,B Lee,0,0,,,,,,"",""
ball,1,2.3,Rajasthan Royals,SR Watson,AG Paunikar,B Lee,1,0,,,,,,"",""
ball,1,2.4,Rajasthan Royals,AG Paunikar,SR Watson,B Lee,0,1,,1,,,,"",""
ball,1,2.5,Rajasthan Royals,AG Paunikar,SR Watson,B Lee,0,0,,,,,,"",""
ball,1,2.6,Rajasthan Royals,AG Paunikar,SR Watson,B Lee,0,0,,,,,,"",""
ball,1,2.7,Rajasthan Royals,AG Paunikar,SR Watson,B Lee,4,0,,,,,,"",""
ball,1,3.1,Rajasthan Royals,SR Watson,AG Paunikar,L Balaji,0,0,,,,,,"",""
ball,1,3.2,Rajasthan Royals,SR Watson,AG Paunikar,L Balaji,0,0,,,,,,"",""
ball,1,3.3,Rajasthan Royals,SR Watson,AG Paunikar,L Balaji,4,0,,,,,,"",""
ball,1,3.4,Rajasthan Royals,SR Watson,AG Paunikar,L Balaji,0,0,,,,,,bowled,SR Watson
ball,1,3.5,Rajasthan Royals,FY Fazal,AG Paunikar,L Balaji,1,0,,,,,,"",""
ball,1,3.6,Rajasthan Royals,AG Paunikar,FY Fazal,L Balaji,1,0,,,,,,"",""
ball,1,4.1,Rajasthan Royals,AG Paunikar,FY Fazal,Iqbal Abdulla,2,0,,,,,,"",""
ball,1,4.2,Rajasthan Royals,AG Paunikar,FY Fazal,Iqbal Abdulla,0,0,,,,,,"",""
ball,1,4.3,Rajasthan Royals,AG Paunikar,FY Fazal,Iqbal Abdulla,0,0,,,,,,"",""
ball,1,4.4,Rajasthan Royals,AG Paunikar,FY Fazal,Iqbal Abdulla,0,0,,,,,,stumped,AG Paunikar
ball,1,4.5,Rajasthan Royals,AS Raut,FY Fazal,Iqbal Abdulla,0,0,,,,,,"",""
ball,1,4.6,Rajasthan Royals,AS Raut,FY Fazal,Iqbal Abdulla,0,0,,,,,,"",""
ball,1,5.1,Rajasthan Royals,FY Fazal,AS Raut,L Balaji,0,0,,,,,,"",""
ball,1,5.2,Rajasthan Royals,FY Fazal,AS Raut,L Balaji,1,0,,,,,,"",""
ball,1,5.3,Rajasthan Royals,AS Raut,FY Fazal,L Balaji,0,0,,,,,,"",""
ball,1,5.4,Rajasthan Royals,AS Raut,FY Fazal,L Balaji,2,0,,,,,,"",""
ball,1,5.5,Rajasthan Royals,AS Raut,FY Fazal,L Balaji,4,0,,,,,,"",""
ball,1,5.6,Rajasthan Royals,AS Raut,FY Fazal,L Balaji,1,0,,,,,,"",""
ball,1,6.1,Rajasthan Royals,AS Raut,FY Fazal,Iqbal Abdulla,0,0,,,,,,"",""
ball,1,6.2,Rajasthan Royals,AS Raut,FY Fazal,Iqbal Abdulla,1,0,,,,,,"",""
ball,1,6.3,Rajasthan Royals,FY Fazal,AS Raut,Iqbal Abdulla,1,0,,,,,,"",""
ball,1,6.4,Rajasthan Royals,AS Raut,FY Fazal,Iqbal Abdulla,0,0,,,,,,"",""
ball,1,6.5,Rajasthan Royals,AS Raut,FY Fazal,Iqbal Abdulla,0,0,,,,,,run out,FY Fazal
ball,1,6.6,Rajasthan Royals,AS Raut,AL Menaria,Iqbal Abdulla,1,0,,,,,,"",""
ball,1,7.1,Rajasthan Royals,AS Raut,AL Menaria,R Bhatia,0,0,,,,,,"",""
ball,1,7.2,Rajasthan Royals,AS Raut,AL Menaria,R Bhatia,1,0,,,,,,"",""
ball,1,7.3,Rajasthan Royals,AL Menaria,AS Raut,R Bhatia,1,0,,,,,,"",""
ball,1,7.4,Rajasthan Royals,AS Raut,AL Menaria,R Bhatia,1,0,,,,,,"",""
ball,1,7.5,Rajasthan Royals,AL Menaria,AS Raut,R Bhatia,1,0,,,,,,"",""
ball,1,7.6,Rajasthan Royals,AS Raut,AL Menaria,R Bhatia,0,0,,,,,,run out,AS Raut
ball,1,8.1,Rajasthan Royals,AL Menaria,LRPL Taylor,Iqbal Abdulla,4,0,,,,,,"",""
ball,1,8.2,Rajasthan Royals,AL Menaria,LRPL Taylor,Iqbal Abdulla,0,1,1,,,,,"",""
ball,1,8.3,Rajasthan Royals,AL Menaria,LRPL Taylor,Iqbal Abdulla,1,0,,,,,,"",""
ball,1,8.4,Rajasthan Royals,LRPL Taylor,AL Menaria,Iqbal Abdulla,1,0,,,,,,"",""
ball,1,8.5,Rajasthan Royals,AL Menaria,LRPL Taylor,Iqbal Abdulla,0,0,,,,,,"",""
ball,1,8.6,Rajasthan Royals,AL Menaria,LRPL Taylor,Iqbal Abdulla,0,0,,,,,,"",""
ball,1,8.7,Rajasthan Royals,AL Menaria,LRPL Taylor,Iqbal Abdulla,6,0,,,,,,"",""
ball,1,9.1,Rajasthan Royals,LRPL Taylor,AL Menaria,Shakib Al Hasan,0,0,,,,,,"",""
ball,1,9.2,Rajasthan Royals,LRPL Taylor,AL Menaria,Shakib Al Hasan,0,0,,,,,,"",""
ball,1,9.3,Rajasthan Royals,LRPL Taylor,AL Menaria,Shakib Al Hasan,2,0,,,,,,"",""
ball,1,9.4,Rajasthan Royals,LRPL Taylor,AL Menaria,Shakib Al Hasan,1,0,,,,,,"",""
ball,1,9.5,Rajasthan Royals,AL Menaria,LRPL Taylor,Shakib Al Hasan,1,0,,,,,,"",""
ball,1,9.6,Rajasthan Royals,LRPL Taylor,AL Menaria,Shakib Al Hasan,1,0,,,,,,"",""
ball,1,10.1,Rajasthan Royals,LRPL Taylor,AL Menaria,YK Pathan,0,1,1,,,,,"",""
ball,1,10.2,Rajasthan Royals,LRPL Taylor,AL Menaria,YK Pathan,0,1,,,,1,,"",""
ball,1,10.3,Rajasthan Royals,AL Menaria,LRPL Taylor,YK Pathan,1,0,,,,,,"",""
ball,1,10.4,Rajasthan Royals,LRPL Taylor,AL Menaria,YK Pathan,1,0,,,,,,"",""
ball,1,10.5,Rajasthan Royals,AL Menaria,LRPL Taylor,YK Pathan,0,1,1,,,,,"",""
ball,1,10.6,Rajasthan Royals,AL Menaria,LRPL Taylor,YK Pathan,1,0,,,,,,"",""
ball,1,10.7,Rajasthan Royals,LRPL Taylor,AL Menaria,YK Pathan,0,0,,,,,,stumped,LRPL Taylor
ball,1,10.8,Rajasthan Royals,AM Rahane,AL Menaria,YK Pathan,0,0,,,,,,"",""
ball,1,11.1,Rajasthan Royals,AL Menaria,AM Rahane,Shakib Al Hasan,1,0,,,,,,"",""
ball,1,11.2,Rajasthan Royals,AM Rahane,AL Menaria,Shakib Al Hasan,1,0,,,,,,"",""
ball,1,11.3,Rajasthan Royals,AL Menaria,AM Rahane,Shakib Al Hasan,1,0,,,,,,"",""
ball,1,11.4,Rajasthan Royals,AM Rahane,AL Menaria,Shakib Al Hasan,1,0,,,,,,"",""
ball,1,11.5,Rajasthan Royals,AL Menaria,AM Rahane,Shakib Al Hasan,1,0,,,,,,"",""
ball,1,11.6,Rajasthan Royals,AM Rahane,AL Menaria,Shakib Al Hasan,1,0,,,,,,"",""
ball,1,12.1,Rajasthan Royals,AM Rahane,AL Menaria,YK Pathan,1,0,,,,,,"",""
ball,1,12.2,Rajasthan Royals,AL Menaria,AM Rahane,YK Pathan,1,0,,,,,,"",""
ball,1,12.3,Rajasthan Royals,AM Rahane,AL Menaria,YK Pathan,0,0,,,,,,"",""
ball,1,12.4,Rajasthan Royals,AM Rahane,AL Menaria,YK Pathan,1,0,,,,,,"",""
ball,1,12.5,Rajasthan Royals,AL Menaria,AM Rahane,YK Pathan,1,0,,,,,,"",""
ball,1,12.6,Rajasthan Royals,AM Rahane,AL Menaria,YK Pathan,1,0,,,,,,"",""
ball,1,13.1,Rajasthan Royals,AM Rahane,AL Menaria,L Balaji,0,0,,,,,,bowled,AM Rahane
ball,1,13.2,Rajasthan Royals,SK Warne,AL Menaria,L Balaji,0,0,,,,,,"",""
ball,1,13.3,Rajasthan Royals,SK Warne,AL Menaria,L Balaji,0,0,,,,,,"",""
ball,1,13.4,Rajasthan Royals,SK Warne,AL Menaria,L Balaji,1,0,,,,,,"",""
ball,1,13.5,Rajasthan Royals,AL Menaria,SK Warne,L Balaji,0,0,,,,,,"",""
ball,1,13.6,Rajasthan Royals,AL Menaria,SK Warne,L Balaji,0,0,,,,,,caught,AL Menaria
ball,1,14.1,Rajasthan Royals,SK Warne,A Singh,Shakib Al Hasan,0,0,,,,,,"",""
ball,1,14.2,Rajasthan Royals,SK Warne,A Singh,Shakib Al Hasan,1,0,,,,,,"",""
ball,1,14.3,Rajasthan Royals,A Singh,SK Warne,Shakib Al Hasan,0,0,,,,,,"",""
ball,1,14.4,Rajasthan Royals,A Singh,SK Warne,Shakib Al Hasan,0,0,,,,,,bowled,A Singh
ball,1,14.5,Rajasthan Royals,SW Tait,SK Warne,Shakib Al Hasan,0,0,,,,,,bowled,SW Tait
ball,1,14.6,Rajasthan Royals,SK Trivedi,SK Warne,Shakib Al Hasan,0,0,,,,,,"",""
ball,1,15.1,Rajasthan Royals,SK Warne,SK Trivedi,B Lee,1,0,,,,,,"",""
ball,1,15.2,Rajasthan Royals,SK Trivedi,SK Warne,B Lee,0,0,,,,,,bowled,SK Trivedi
ball,2,0.1,Kolkata Knight Riders,JH Kallis,MS Bisla,SW Tait,0,0,,,,,,"",""
ball,2,0.2,Kolkata Knight Riders,JH Kallis,MS Bisla,SW Tait,0,0,,,,,,caught,JH Kallis
ball,2,0.3,Kolkata Knight Riders,G Gambhir,MS Bisla,SW Tait,0,2,2,,,,,"",""
ball,2,0.4,Kolkata Knight Riders,MS Bisla,G Gambhir,SW Tait,0,0,,,,,,"",""
ball,2,0.5,Kolkata Knight Riders,MS Bisla,G Gambhir,SW Tait,0,0,,,,,,"",""
ball,2,0.6,Kolkata Knight Riders,MS Bisla,G Gambhir,SW Tait,0,0,,,,,,"",""
ball,2,0.7,Kolkata Knight Riders,MS Bisla,G Gambhir,SW Tait,0,0,,,,,,"",""
ball,2,1.1,Kolkata Knight Riders,G Gambhir,MS Bisla,SR Watson,2,0,,,,,,"",""
ball,2,1.2,Kolkata Knight Riders,G Gambhir,MS Bisla,SR Watson,0,0,,,,,,"",""
ball,2,1.3,Kolkata Knight Riders,G Gambhir,MS Bisla,SR Watson,0,1,1,,,,,"",""
ball,2,1.4,Kolkata Knight Riders,G Gambhir,MS Bisla,SR Watson,2,0,,,,,,"",""
ball,2,1.5,Kolkata Knight Riders,G Gambhir,MS Bisla,SR Watson,2,0,,,,,,"",""
ball,2,1.6,Kolkata Knight Riders,G Gambhir,MS Bisla,SR Watson,0,0,,,,,,"",""
ball,2,1.7,Kolkata Knight Riders,G Gambhir,MS Bisla,SR Watson,0,0,,,,,,"",""
ball,2,2.1,Kolkata Knight Riders,MS Bisla,G Gambhir,SW Tait,0,0,,,,,,"",""
ball,2,2.2,Kolkata Knight Riders,MS Bisla,G Gambhir,SW Tait,1,0,,,,,,"",""
ball,2,2.3,Kolkata Knight Riders,G Gambhir,MS Bisla,SW Tait,0,1,,,,1,,"",""
ball,2,2.4,Kolkata Knight Riders,MS Bisla,G Gambhir,SW Tait,0,0,,,,,,"",""
ball,2,2.5,Kolkata Knight Riders,MS Bisla,G Gambhir,SW Tait,0,0,,,,,,"",""
ball,2,2.6,Kolkata Knight Riders,MS Bisla,G Gambhir,SW Tait,1,0,,,,,,"",""
ball,2,3.1,Kolkata Knight Riders,MS Bisla,G Gambhir,SR Watson,1,0,,,,,,"",""
ball,2,3.2,Kolkata Knight Riders,G Gambhir,MS Bisla,SR Watson,0,0,,,,,,"",""
ball,2,3.3,Kolkata Knight Riders,G Gambhir,MS Bisla,SR Watson,4,0,,,,,,"",""
ball,2,3.4,Kolkata Knight Riders,G Gambhir,MS Bisla,SR Watson,1,0,,,,,,"",""
ball,2,3.5,Kolkata Knight Riders,MS Bisla,G Gambhir,SR Watson,0,1,,,,1,,"",""
ball,2,3.6,Kolkata Knight Riders,G Gambhir,MS Bisla,SR Watson,0,0,,,,,,"",""
ball,2,4.1,Kolkata Knight Riders,MS Bisla,G Gambhir,SK Warne,1,0,,,,,,"",""
ball,2,4.2,Kolkata Knight Riders,G Gambhir,MS Bisla,SK Warne,1,0,,,,,,"",""
ball,2,4.3,Kolkata Knight Riders,MS Bisla,G Gambhir,SK Warne,1,0,,,,,,"",""
ball,2,4.4,Kolkata Knight Riders,G Gambhir,MS Bisla,SK Warne,1,0,,,,,,"",""
ball,2,4.5,Kolkata Knight Riders,MS Bisla,G Gambhir,SK Warne,0,0,,,,,,"",""
ball,2,4.6,Kolkata Knight Riders,MS Bisla,G Gambhir,SK Warne,0,0,,,,,,"",""
ball,2,5.1,Kolkata Knight Riders,G Gambhir,MS Bisla,SR Watson,1,0,,,,,,"",""
ball,2,5.2,Kolkata Knight Riders,MS Bisla,G Gambhir,SR Watson,0,0,,,,,,"",""
ball,2,5.3,Kolkata Knight Riders,MS Bisla,G Gambhir,SR Watson,1,0,,,,,,"",""
ball,2,5.4,Kolkata Knight Riders,G Gambhir,MS Bisla,SR Watson,0,0,,,,,,"",""
ball,2,5.5,Kolkata Knight Riders,G Gambhir,MS Bisla,SR Watson,1,0,,,,,,"",""
ball,2,5.6,Kolkata Knight Riders,MS Bisla,G Gambhir,SR Watson,0,0,,,,,,"",""
ball,2,6.1,Kolkata Knight Riders,G Gambhir,MS Bisla,SK Warne,1,0,,,,,,"",""
ball,2,6.2,Kolkata Knight Riders,MS Bisla,G Gambhir,SK Warne,2,0,,,,,,"",""
ball,2,6.3,Kolkata Knight Riders,MS Bisla,G Gambhir,SK Warne,1,0,,,,,,"",""
ball,2,6.4,Kolkata Knight Riders,G Gambhir,MS Bisla,SK Warne,1,0,,,,,,"",""
ball,2,6.5,Kolkata Knight Riders,MS Bisla,G Gambhir,SK Warne,0,0,,,,,,"",""
ball,2,6.6,Kolkata Knight Riders,MS Bisla,G Gambhir,SK Warne,0,0,,,,,,caught,MS Bisla
ball,2,7.1,Kolkata Knight Riders,G Gambhir,MK Tiwary,SR Watson,0,1,,,,1,,"",""
ball,2,7.2,Kolkata Knight Riders,MK Tiwary,G Gambhir,SR Watson,0,0,,,,,,"",""
ball,2,7.3,Kolkata Knight Riders,MK Tiwary,G Gambhir,SR Watson,0,0,,,,,,"",""
ball,2,7.4,Kolkata Knight Riders,MK Tiwary,G Gambhir,SR Watson,0,0,,,,,,"",""
ball,2,7.5,Kolkata Knight Riders,MK Tiwary,G Gambhir,SR Watson,4,0,,,,,,"",""
ball,2,7.6,Kolkata Knight Riders,MK Tiwary,G Gambhir,SR Watson,0,0,,,,,,"",""
ball,2,8.1,Kolkata Knight Riders,G Gambhir,MK Tiwary,SW Tait,0,1,1,,,,,"",""
ball,2,8.2,Kolkata Knight Riders,G Gambhir,MK Tiwary,SW Tait,0,1,,1,,,,"",""
ball,2,8.3,Kolkata Knight Riders,G Gambhir,MK Tiwary,SW Tait,0,1,1,,,,,"",""
ball,2,8.4,Kolkata Knight Riders,G Gambhir,MK Tiwary,SW Tait,0,0,,,,,,"",""
ball,2,8.5,Kolkata Knight Riders,G Gambhir,MK Tiwary,SW Tait,0,0,,,,,,"",""
ball,2,8.6,Kolkata Knight Riders,G Gambhir,MK Tiwary,SW Tait,0,0,,,,,,"",""
ball,2,8.7,Kolkata Knight Riders,G Gambhir,MK Tiwary,SW Tait,1,0,,,,,,"",""
ball,2,8.8,Kolkata Knight Riders,MK Tiwary,G Gambhir,SW Tait,0,0,,,,,,"",""
ball,2,8.9,Kolkata Knight Riders,MK Tiwary,G Gambhir,SW Tait,1,0,,,,,,"",""
ball,2,9.1,Kolkata Knight Riders,MK Tiwary,G Gambhir,SK Warne,0,0,,,,,,"",""
ball,2,9.2,Kolkata Knight Riders,MK Tiwary,G Gambhir,SK Warne,0,0,,,,,,"",""
ball,2,9.3,Kolkata Knight Riders,MK Tiwary,G Gambhir,SK Warne,1,0,,,,,,"",""
ball,2,9.4,Kolkata Knight Riders,G Gambhir,MK Tiwary,SK Warne,1,0,,,,,,"",""
ball,2,9.5,Kolkata Knight Riders,MK Tiwary,G Gambhir,SK Warne,1,0,,,,,,"",""
ball,2,9.6,Kolkata Knight Riders,G Gambhir,MK Tiwary,SK Warne,1,0,,,,,,"",""
ball,2,10.1,Kolkata Knight Riders,G Gambhir,MK Tiwary,SK Trivedi,0,0,,,,,,"",""
ball,2,10.2,Kolkata Knight Riders,G Gambhir,MK Tiwary,SK Trivedi,1,0,,,,,,"",""
ball,2,10.3,Kolkata Knight Riders,MK Tiwary,G Gambhir,SK Trivedi,1,0,,,,,,"",""
ball,2,10.4,Kolkata Knight Riders,G Gambhir,MK Tiwary,SK Trivedi,1,0,,,,,,"",""
ball,2,10.5,Kolkata Knight Riders,MK Tiwary,G Gambhir,SK Trivedi,1,0,,,,,,"",""
ball,2,10.6,Kolkata Knight Riders,G Gambhir,MK Tiwary,SK Trivedi,4,0,,,,,,"",""
ball,2,11.1,Kolkata Knight Riders,MK Tiwary,G Gambhir,SK Warne,0,0,,,,,,"",""
ball,2,11.2,Kolkata Knight Riders,MK Tiwary,G Gambhir,SK Warne,0,0,,,,,,"",""
ball,2,11.3,Kolkata Knight Riders,MK Tiwary,G Gambhir,SK Warne,2,0,,,,,,"",""
ball,2,11.4,Kolkata Knight Riders,MK Tiwary,G Gambhir,SK Warne,1,0,,,,,,"",""
ball,2,11.5,Kolkata Knight Riders,G Gambhir,MK Tiwary,SK Warne,1,0,,,,,,"",""
ball,2,11.6,Kolkata Knight Riders,MK Tiwary,G Gambhir,SK Warne,0,0,,,,,,"",""
ball,2,12.1,Kolkata Knight Riders,G Gambhir,MK Tiwary,A Singh,2,0,,,,,,"",""
ball,2,12.2,Kolkata Knight Riders,G Gambhir,MK Tiwary,A Singh,1,0,,,,,,"",""
ball,2,12.3,Kolkata Knight Riders,MK Tiwary,G Gambhir,A Singh,0,0,,,,,,"",""
ball,2,12.4,Kolkata Knight Riders,MK Tiwary,G Gambhir,A Singh,4,0,,,,,,"",""
ball,2,12.5,Kolkata Knight Riders,MK Tiwary,G Gambhir,A Singh,0,0,,,,,,"",""
ball,2,12.6,Kolkata Knight Riders,MK Tiwary,G Gambhir,A Singh,0,0,,,,,,"",""
ball,2,13.1,Kolkata Knight Riders,G Gambhir,MK Tiwary,SW Tait,1,0,,,,,,"",""
ball,2,13.2,Kolkata Knight Riders,MK Tiwary,G Gambhir,SW Tait,6,0,,,,,,"",""
ball,2,13.3,Kolkata Knight Riders,MK Tiwary,G Gambhir,SW Tait,4,0,,,,,,"",""
ball,2,13.4,Kolkata Knight Riders,MK Tiwary,G Gambhir,SW Tait,4,1,,1,,,,"",""
ball,2,13.5,Kolkata Knight Riders,MK Tiwary,G Gambhir,SW Tait,0,1,,,,1,,"",""
ball,2,13.6,Kolkata Knight Riders,G Gambhir,MK Tiwary,SW Tait,4,0,,,,,,"",""
