version,1.6.0
info,balls_per_over,6
info,team,Rajasthan Royals
info,team,Chennai Super Kings
info,gender,male
info,season,2011
info,date,2011/05/09
info,event,Indian Premier League
info,match_number,52
info,venue,Sawai Mansingh Stadium
info,city,Jaipur
info,toss_winner,Rajasthan Royals
info,toss_decision,field
info,player_of_match,M Vijay
info,umpire,K Hariharan
info,umpire,SJA Taufel
info,reserve_umpire,R Subramanian
info,tv_umpire,HDPK Dharmasena
info,match_referee,RS Mahanama
info,winner,Chennai Super Kings
info,winner_runs,63
info,player,Chennai Super Kings,MEK Hussey
info,player,Chennai Super Kings,M Vijay
info,player,Chennai Super Kings,SK Raina
info,player,Chennai Super Kings,MS Dhoni
info,player,Chennai Super Kings,JA Morkel
info,player,Chennai Super Kings,S Badrinath
info,player,Chennai Super Kings,DJ Bravo
info,player,Chennai Super Kings,WP Saha
info,player,Chennai Super Kings,R Ashwin
info,player,Chennai Super Kings,DE Bollinger
info,player,Chennai Super Kings,SB Jakati
info,player,Rajasthan Royals,SR Watson
info,player,Rajasthan Royals,R Dravid
info,player,Rajasthan Royals,AM Rahane
info,player,Rajasthan Royals,LRPL Taylor
info,player,Rajasthan Royals,AL Menaria
info,player,Rajasthan Royals,J Botha
info,player,Rajasthan Royals,AS Raut
info,player,Rajasthan Royals,DH Yagnik
info,player,Rajasthan Royals,A Singh
info,player,Rajasthan Royals,SK Trivedi
info,player,Rajasthan Royals,SK Warne
info,registry,people,A Singh,5b040b81
info,registry,people,AL Menaria,8291f939
info,registry,people,AM Rahane,29e95537
info,registry,people,AS Raut,c69a7b5c
info,registry,people,DE Bollinger,45c2196c
info,registry,people,DH Yagnik,063b3673
info,registry,people,DJ Bravo,87e562a9
info,registry,people,HDPK Dharmasena,323e4c16
info,registry,people,J Botha,7c503806
info,registry,people,JA Morkel,c3d35165
info,registry,people,K Hariharan,2386ccff
info,registry,people,LRPL Taylor,b61a3e1a
info,registry,people,M Vijay,4b57e452
info,registry,people,MEK Hussey,48fd7349
info,registry,people,MS Dhoni,4a8a2e3b
info,registry,people,R Ashwin,495d42a5
info,registry,people,R Dravid,0184dc35
info,registry,people,R Subramanian,7c32b886
info,registry,people,RS Mahanama,57910393
info,registry,people,S Badrinath,3576e47e
info,registry,people,SB Jakati,c8179c68
info,registry,people,SJA Taufel,4b43d5ac
info,registry,people,SK Raina,1dc12ab9
info,registry,people,SK Trivedi,3d7e087f
info,registry,people,SK Warne,bb18be76
info,registry,people,SR Watson,4329fbb5
info,registry,people,WP Saha,fe11caa6
ball,1,0.1,Chennai Super Kings,MEK Hussey,M Vijay,AL Menaria,4,0,,,,,,"",""
ball,1,0.2,Chennai Super Kings,MEK Hussey,M Vijay,AL Menaria,0,1,1,,,,,"",""
ball,1,0.3,Chennai Super Kings,MEK Hussey,M Vijay,AL Menaria,1,0,,,,,,"",""
ball,1,0.4,Chennai Super Kings,M Vijay,MEK Hussey,AL Menaria,0,0,,,,,,"",""
ball,1,0.5,Chennai Super Kings,M Vijay,MEK Hussey,AL Menaria,0,0,,,,,,"",""
ball,1,0.6,Chennai Super Kings,M Vijay,MEK Hussey,AL Menaria,0,0,,,,,,"",""
ball,1,0.7,Chennai Super Kings,M Vijay,MEK Hussey,AL Menaria,1,0,,,,,,"",""
ball,1,1.1,Chennai Super Kings,M Vijay,MEK Hussey,A Singh,1,0,,,,,,"",""
ball,1,1.2,Chennai Super Kings,MEK Hussey,M Vijay,A Singh,0,0,,,,,,"",""
ball,1,1.3,Chennai Super Kings,MEK Hussey,M Vijay,A Singh,4,0,,,,,,"",""
ball,1,1.4,Chennai Super Kings,MEK Hussey,M Vijay,A Singh,1,0,,,,,,"",""
ball,1,1.5,Chennai Super Kings,M Vijay,MEK Hussey,A Singh,0,1,,,,1,,"",""
ball,1,1.6,Chennai Super Kings,MEK Hussey,M Vijay,A Singh,1,0,,,,,,"",""
ball,1,2.1,Chennai Super Kings,MEK Hussey,M Vijay,AL Menaria,4,0,,,,,,"",""
ball,1,2.2,Chennai Super Kings,MEK Hussey,M Vijay,AL Menaria,1,0,,,,,,"",""
ball,1,2.3,Chennai Super Kings,M Vijay,MEK Hussey,AL Menaria,1,0,,,,,,"",""
ball,1,2.4,Chennai Super Kings,MEK Hussey,M Vijay,AL Menaria,1,0,,,,,,"",""
ball,1,2.5,Chennai Super Kings,M Vijay,MEK Hussey,AL Menaria,1,0,,,,,,"",""
ball,1,2.6,Chennai Super Kings,MEK Hussey,M Vijay,AL Menaria,2,0,,,,,,"",""
ball,1,3.1,Chennai Super Kings,M Vijay,MEK Hussey,SR Watson,1,0,,,,,,"",""
ball,1,3.2,Chennai Super Kings,MEK Hussey,M Vijay,SR Watson,0,0,,,,,,"",""
ball,1,3.3,Chennai Super Kings,MEK Hussey,M Vijay,SR Watson,4,0,,,,,,"",""
ball,1,3.4,Chennai Super Kings,MEK Hussey,M Vijay,SR Watson,1,0,,,,,,"",""
ball,1,3.5,Chennai Super Kings,M Vijay,MEK Hussey,SR Watson,1,0,,,,,,"",""
ball,1,3.6,Chennai Super Kings,MEK Hussey,M Vijay,SR Watson,2,0,,,,,,"",""
ball,1,4.1,Chennai Super Kings,M Vijay,MEK Hussey,A Singh,4,0,,,,,,"",""
ball,1,4.2,Chennai Super Kings,M Vijay,MEK Hussey,A Singh,0,0,,,,,,"",""
ball,1,4.3,Chennai Super Kings,M Vijay,MEK Hussey,A Singh,1,0,,,,,,"",""
ball,1,4.4,Chennai Super Kings,MEK Hussey,M Vijay,A Singh,0,0,,,,,,"",""
ball,1,4.5,Chennai Super Kings,MEK Hussey,M Vijay,A Singh,4,0,,,,,,"",""
ball,1,4.6,Chennai Super Kings,MEK Hussey,M Vijay,A Singh,4,0,,,,,,"",""
ball,1,5.1,Chennai Super Kings,M Vijay,MEK Hussey,J Botha,0,0,,,,,,"",""
ball,1,5.2,Chennai Super Kings,M Vijay,MEK Hussey,J Botha,2,0,,,,,,"",""
ball,1,5.3,Chennai Super Kings,M Vijay,MEK Hussey,J Botha,0,1,1,,,,,"",""
ball,1,5.4,Chennai Super Kings,M Vijay,MEK Hussey,J Botha,1,0,,,,,,"",""
ball,1,5.5,Chennai Super Kings,MEK Hussey,M Vijay,J Botha,0,0,,,,,,"",""
ball,1,5.6,Chennai Super Kings,MEK Hussey,M Vijay,J Botha,0,0,,,,,,"",""
ball,1,5.7,Chennai Super Kings,MEK Hussey,M Vijay,J Botha,4,0,,,,,,"",""
ball,1,6.1,Chennai Super Kings,M Vijay,MEK Hussey,SK Warne,1,0,,,,,,"",""
ball,1,6.2,Chennai Super Kings,MEK Hussey,M Vijay,SK Warne,1,0,,,,,,"",""
ball,1,6.3,Chennai Super Kings,M Vijay,MEK Hussey,SK Warne,0,0,,,,,,"",""
ball,1,6.4,Chennai Super Kings,M Vijay,MEK Hussey,SK Warne,2,0,,,,,,"",""
ball,1,6.5,Chennai Super Kings,M Vijay,MEK Hussey,SK Warne,6,0,,,,,,"",""
ball,1,6.6,Chennai Super Kings,M Vijay,MEK Hussey,SK Warne,1,0,,,,,,"",""
ball,1,7.1,Chennai Super Kings,M Vijay,MEK Hussey,J Botha,2,0,,,,,,"",""
ball,1,7.2,Chennai Super Kings,M Vijay,MEK Hussey,J Botha,1,0,,,,,,"",""
ball,1,7.3,Chennai Super Kings,MEK Hussey,M Vijay,J Botha,0,0,,,,,,"",""
ball,1,7.4,Chennai Super Kings,MEK Hussey,M Vijay,J Botha,0,0,,,,,,"",""
ball,1,7.5,Chennai Super Kings,MEK Hussey,M Vijay,J Botha,1,0,,,,,,"",""
ball,1,7.6,Chennai Super Kings,M Vijay,MEK Hussey,J Botha,0,0,,,,,,"",""
ball,1,8.1,Chennai Super Kings,MEK Hussey,M Vijay,SK Warne,1,0,,,,,,"",""
ball,1,8.2,Chennai Super Kings,M Vijay,MEK Hussey,SK Warne,0,0,,,,,,"",""
ball,1,8.3,Chennai Super Kings,M Vijay,MEK Hussey,SK Warne,1,0,,,,,,"",""
ball,1,8.4,Chennai Super Kings,MEK Hussey,M Vijay,SK Warne,4,0,,,,,,"",""
ball,1,8.5,Chennai Super Kings,MEK Hussey,M Vijay,SK Warne,0,0,,,,,,"",""
ball,1,8.6,Chennai Super Kings,MEK Hussey,M Vijay,SK Warne,1,0,,,,,,"",""
ball,1,9.1,Chennai Super Kings,MEK Hussey,M Vijay,J Botha,0,0,,,,,,"",""
ball,1,9.2,Chennai Super Kings,MEK Hussey,M Vijay,J Botha,0,0,,,,,,bowled,MEK Hussey
ball,1,9.3,Chennai Super Kings,SK Raina,M Vijay,J Botha,0,0,,,,,,"",""
ball,1,9.4,Chennai Super Kings,SK Raina,M Vijay,J Botha,1,0,,,,,,"",""
ball,1,9.5,Chennai Super Kings,M Vijay,SK Raina,J Botha,6,0,,,,,,"",""
ball,1,9.6,Chennai Super Kings,M Vijay,SK Raina,J Botha,0,0,,,,,,"",""
ball,1,10.1,Chennai Super Kings,SK Raina,M Vijay,SK Warne,1,0,,,,,,"",""
ball,1,10.2,Chennai Super Kings,M Vijay,SK Raina,SK Warne,0,1,1,,,,,"",""
ball,1,10.3,Chennai Super Kings,M Vijay,SK Raina,SK Warne,0,0,,,,,,"",""
ball,1,10.4,Chennai Super Kings,M Vijay,SK Raina,SK Warne,1,0,,,,,,"",""
ball,1,10.5,Chennai Super Kings,SK Raina,M Vijay,SK Warne,0,0,,,,,,"",""
ball,1,10.6,Chennai Super Kings,SK Raina,M Vijay,SK Warne,1,0,,,,,,"",""
ball,1,10.7,Chennai Super Kings,M Vijay,SK Raina,SK Warne,1,0,,,,,,"",""
ball,1,11.1,Chennai Super Kings,M Vijay,SK Raina,SR Watson,4,0,,,,,,"",""
ball,1,11.2,Chennai Super Kings,M Vijay,SK Raina,SR Watson,2,0,,,,,,"",""
ball,1,11.3,Chennai Super Kings,M Vijay,SK Raina,SR Watson,1,0,,,,,,"",""
ball,1,11.4,Chennai Super Kings,SK Raina,M Vijay,SR Watson,2,0,,,,,,"",""
ball,1,11.5,Chennai Super Kings,SK Raina,M Vijay,SR Watson,0,0,,,,,,"",""
ball,1,11.6,Chennai Super Kings,SK Raina,M Vijay,SR Watson,4,0,,,,,,"",""
ball,1,12.1,Chennai Super Kings,M Vijay,SK Raina,SK Trivedi,2,0,,,,,,"",""
ball,1,12.2,Chennai Super Kings,M Vijay,SK Raina,SK Trivedi,6,0,,,,,,"",""
ball,1,12.3,Chennai Super Kings,M Vijay,SK Raina,SK Trivedi,1,0,,,,,,"",""
ball,1,12.4,Chennai Super Kings,SK Raina,M Vijay,SK Trivedi,2,0,,,,,,"",""
ball,1,12.5,Chennai Super Kings,SK Raina,M Vijay,SK Trivedi,0,0,,,,,,"",""
ball,1,12.6,Chennai Super Kings,SK Raina,M Vijay,SK Trivedi,4,0,,,,,,"",""
ball,1,13.1,Chennai Super Kings,M Vijay,SK Raina,A Singh,0,1,,,,1,,"",""
ball,1,13.2,Chennai Super Kings,SK Raina,M Vijay,A Singh,1,0,,,,,,"",""
ball,1,13.3,Chennai Super Kings,M Vijay,SK Raina,A Singh,1,0,,,,,,"",""
ball,1,13.4,Chennai Super Kings,SK Raina,M Vijay,A Singh,4,0,,,,,,"",""
ball,1,13.5,Chennai Super Kings,SK Raina,M Vijay,A Singh,0,0,,,,,,"",""
ball,1,13.6,Chennai Super Kings,SK Raina,M Vijay,A Singh,1,0,,,,,,"",""
ball,1,14.1,Chennai Super Kings,SK Raina,M Vijay,SK Warne,4,0,,,,,,"",""
ball,1,14.2,Chennai Super Kings,SK Raina,M Vijay,SK Warne,4,0,,,,,,"",""
ball,1,14.3,Chennai Super Kings,SK Raina,M Vijay,SK Warne,1,0,,,,,,"",""
ball,1,14.4,Chennai Super Kings,M Vijay,SK Raina,SK Warne,0,1,1,,,,,"",""
ball,1,14.5,Chennai Super Kings,M Vijay,SK Raina,SK Warne,0,0,,,,,,run out,M Vijay
ball,1,14.6,Chennai Super Kings,SK Raina,MS Dhoni,SK Warne,1,0,,,,,,"",""
ball,1,14.7,Chennai Super Kings,MS Dhoni,SK Raina,SK Warne,0,0,,,,,,"",""
ball,1,15.1,Chennai Super Kings,SK Raina,MS Dhoni,J Botha,1,0,,,,,,"",""
ball,1,15.2,Chennai Super Kings,MS Dhoni,SK Raina,J Botha,1,0,,,,,,"",""
ball,1,15.3,Chennai Super Kings,SK Raina,MS Dhoni,J Botha,1,0,,,,,,"",""
ball,1,15.4,Chennai Super Kings,MS Dhoni,SK Raina,J Botha,0,0,,,,,,"",""
ball,1,15.5,Chennai Super Kings,MS Dhoni,SK Raina,J Botha,0,0,,,,,,"",""
ball,1,15.6,Chennai Super Kings,MS Dhoni,SK Raina,J Botha,1,0,,,,,,"",""
ball,1,16.1,Chennai Super Kings,MS Dhoni,SK Raina,SK Trivedi,6,0,,,,,,"",""
ball,1,16.2,Chennai Super Kings,MS Dhoni,SK Raina,SK Trivedi,2,0,,,,,,"",""
ball,1,16.3,Chennai Super Kings,MS Dhoni,SK Raina,SK Trivedi,4,0,,,,,,"",""
ball,1,16.4,Chennai Super Kings,MS Dhoni,SK Raina,SK Trivedi,1,0,,,,,,"",""
ball,1,16.5,Chennai Super Kings,SK Raina,MS Dhoni,SK Trivedi,1,0,,,,,,"",""
ball,1,16.6,Chennai Super Kings,MS Dhoni,SK Raina,SK Trivedi,4,0,,,,,,"",""
ball,1,17.1,Chennai Super Kings,SK Raina,MS Dhoni,SR Watson,4,0,,,,,,"",""
ball,1,17.2,Chennai Super Kings,SK Raina,MS Dhoni,SR Watson,1,0,,,,,,"",""
ball,1,17.3,Chennai Super Kings,MS Dhoni,SK Raina,SR Watson,0,0,,,,,,"",""
ball,1,17.4,Chennai Super Kings,MS Dhoni,SK Raina,SR Watson,2,0,,,,,,"",""
ball,1,17.5,Chennai Super Kings,MS Dhoni,SK Raina,SR Watson,4,0,,,,,,"",""
ball,1,17.6,Chennai Super Kings,MS Dhoni,SK Raina,SR Watson,6,0,,,,,,"",""
ball,1,18.1,Chennai Super Kings,SK Raina,MS Dhoni,A Singh,2,0,,,,,,"",""
ball,1,18.2,Chennai Super Kings,SK Raina,MS Dhoni,A Singh,2,0,,,,,,"",""
ball,1,18.3,Chennai Super Kings,SK Raina,MS Dhoni,A Singh,0,0,,,,,,bowled,SK Raina
ball,1,18.4,Chennai Super Kings,JA Morkel,MS Dhoni,A Singh,2,0,,,,,,"",""
ball,1,18.5,Chennai Super Kings,JA Morkel,MS Dhoni,A Singh,1,0,,,,,,"",""
ball,1,18.6,Chennai Super Kings,MS Dhoni,JA Morkel,A Singh,6,0,,,,,,"",""
ball,1,19.1,Chennai Super Kings,JA Morkel,MS Dhoni,SR Watson,1,0,,,,,,"",""
ball,1,19.2,Chennai Super Kings,MS Dhoni,JA Morkel,SR Watson,2,0,,,,,,"",""
ball,1,19.3,Chennai Super Kings,MS Dhoni,JA Morkel,SR Watson,1,0,,,,,,"",""
ball,1,19.4,Chennai Super Kings,JA Morkel,MS Dhoni,SR Watson,0,2,2,,,,,"",""
ball,1,19.5,Chennai Super Kings,MS Dhoni,JA Morkel,SR Watson,0,0,,,,,,"",""
ball,1,19.6,Chennai Super Kings,MS Dhoni,JA Morkel,SR Watson,1,0,,,,,,"",""
ball,1,19.7,Chennai Super Kings,JA Morkel,MS Dhoni,SR Watson,1,0,,,,,,"",""
ball,2,0.1,Rajasthan Royals,SR Watson,R Dravid,JA Morkel,1,0,,,,,,"",""
ball,2,0.2,Rajasthan Royals,R Dravid,SR Watson,JA Morkel,0,0,,,,,,"",""
ball,2,0.3,Rajasthan Royals,R Dravid,SR Watson,JA Morkel,2,0,,,,,,"",""
ball,2,0.4,Rajasthan Royals,R Dravid,SR Watson,JA Morkel,0,0,,,,,,"",""
ball,2,0.5,Rajasthan Royals,R Dravid,SR Watson,JA Morkel,4,0,,,,,,"",""
ball,2,0.6,Rajasthan Royals,R Dravid,SR Watson,JA Morkel,1,0,,,,,,"",""
ball,2,1.1,Rajasthan Royals,R Dravid,SR Watson,DE Bollinger,5,0,,,,,,"",""
ball,2,1.2,Rajasthan Royals,SR Watson,R Dravid,DE Bollinger,1,0,,,,,,"",""
ball,2,1.3,Rajasthan Royals,R Dravid,SR Watson,DE Bollinger,0,0,,,,,,"",""
ball,2,1.4,Rajasthan Royals,R Dravid,SR Watson,DE Bollinger,0,2,2,,,,,"",""
ball,2,1.5,Rajasthan Royals,SR Watson,R Dravid,DE Bollinger,0,0,,,,,,"",""
ball,2,1.6,Rajasthan Royals,SR Watson,R Dravid,DE Bollinger,1,0,,,,,,"",""
ball,2,1.7,Rajasthan Royals,R Dravid,SR Watson,DE Bollinger,1,0,,,,,,"",""
ball,2,2.1,Rajasthan Royals,R Dravid,SR Watson,JA Morkel,0,0,,,,,,"",""
ball,2,2.2,Rajasthan Royals,R Dravid,SR Watson,JA Morkel,0,0,,,,,,"",""
ball,2,2.3,Rajasthan Royals,R Dravid,SR Watson,JA Morkel,4,0,,,,,,"",""
ball,2,2.4,Rajasthan Royals,R Dravid,SR Watson,JA Morkel,1,0,,,,,,"",""
ball,2,2.5,Rajasthan Royals,SR Watson,R Dravid,JA Morkel,1,0,,,,,,"",""
ball,2,2.6,Rajasthan Royals,R Dravid,SR Watson,JA Morkel,1,0,,,,,,"",""
ball,2,3.1,Rajasthan Royals,R Dravid,SR Watson,DE Bollinger,1,0,,,,,,"",""
ball,2,3.2,Rajasthan Royals,SR Watson,R Dravid,DE Bollinger,1,0,,,,,,"",""
ball,2,3.3,Rajasthan Royals,R Dravid,SR Watson,DE Bollinger,0,0,,,,,,"",""
ball,2,3.4,Rajasthan Royals,R Dravid,SR Watson,DE Bollinger,0,0,,,,,,caught,R Dravid
ball,2,3.5,Rajasthan Royals,AM Rahane,SR Watson,DE Bollinger,0,0,,,,,,"",""
ball,2,3.6,Rajasthan Royals,AM Rahane,SR Watson,DE Bollinger,1,0,,,,,,"",""
ball,2,4.1,Rajasthan Royals,AM Rahane,SR Watson,DJ Bravo,0,0,,,,,,"",""
ball,2,4.2,Rajasthan Royals,AM Rahane,SR Watson,DJ Bravo,1,0,,,,,,"",""
ball,2,4.3,Rajasthan Royals,SR Watson,AM Rahane,DJ Bravo,1,0,,,,,,"",""
ball,2,4.4,Rajasthan Royals,AM Rahane,SR Watson,DJ Bravo,4,0,,,,,,"",""
ball,2,4.5,Rajasthan Royals,AM Rahane,SR Watson,DJ Bravo,4,0,,,,,,"",""
ball,2,4.6,Rajasthan Royals,AM Rahane,SR Watson,DJ Bravo,0,0,,,,,,"",""
ball,2,5.1,Rajasthan Royals,SR Watson,AM Rahane,R Ashwin,1,0,,,,,,"",""
ball,2,5.2,Rajasthan Royals,AM Rahane,SR Watson,R Ashwin,4,0,,,,,,"",""
ball,2,5.3,Rajasthan Royals,AM Rahane,SR Watson,R Ashwin,1,0,,,,,,"",""
ball,2,5.4,Rajasthan Royals,SR Watson,AM Rahane,R Ashwin,4,0,,,,,,"",""
ball,2,5.5,Rajasthan Royals,SR Watson,AM Rahane,R Ashwin,0,0,,,,,,caught,SR Watson
ball,2,5.6,Rajasthan Royals,AM Rahane,LRPL Taylor,R Ashwin,0,0,,,,,,"",""
ball,2,6.1,Rajasthan Royals,LRPL Taylor,AM Rahane,DJ Bravo,0,0,,,,,,"",""
ball,2,6.2,Rajasthan Royals,LRPL Taylor,AM Rahane,DJ Bravo,0,0,,,,,,"",""
ball,2,6.3,Rajasthan Royals,LRPL Taylor,AM Rahane,DJ Bravo,2,0,,,,,,"",""
ball,2,6.4,Rajasthan Royals,LRPL Taylor,AM Rahane,DJ Bravo,1,0,,,,,,"",""
ball,2,6.5,Rajasthan Royals,AM Rahane,LRPL Taylor,DJ Bravo,2,0,,,,,,"",""
ball,2,6.6,Rajasthan Royals,AM Rahane,LRPL Taylor,DJ Bravo,1,0,,,,,,"",""
ball,2,7.1,Rajasthan Royals,AM Rahane,LRPL Taylor,SB Jakati,0,0,,,,,,"",""
ball,2,7.2,Rajasthan Royals,AM Rahane,LRPL Taylor,SB Jakati,3,0,,,,,,"",""
ball,2,7.3,Rajasthan Royals,LRPL Taylor,AM Rahane,SB Jakati,2,0,,,,,,"",""
ball,2,7.4,Rajasthan Royals,LRPL Taylor,AM Rahane,SB Jakati,1,0,,,,,,"",""
ball,2,7.5,Rajasthan Royals,AM Rahane,LRPL Taylor,SB Jakati,1,0,,,,,,"",""
ball,2,7.6,Rajasthan Royals,LRPL Taylor,AM Rahane,SB Jakati,0,1,1,,,,,"",""
ball,2,7.7,Rajasthan Royals,LRPL Taylor,AM Rahane,SB Jakati,0,0,,,,,,"",""
ball,2,8.1,Rajasthan Royals,AM Rahane,LRPL Taylor,JA Morkel,1,0,,,,,,"",""
ball,2,8.2,Rajasthan Royals,LRPL Taylor,AM Rahane,JA Morkel,0,0,,,,,,caught,LRPL Taylor
ball,2,8.3,Rajasthan Royals,AM Rahane,AL Menaria,JA Morkel,1,0,,,,,,"",""
ball,2,8.4,Rajasthan Royals,AL Menaria,AM Rahane,JA Morkel,0,1,1,,,,,"",""
ball,2,8.5,Rajasthan Royals,AL Menaria,AM Rahane,JA Morkel,1,0,,,,,,"",""
ball,2,8.6,Rajasthan Royals,AM Rahane,AL Menaria,JA Morkel,2,0,,,,,,"",""
ball,2,8.7,Rajasthan Royals,AM Rahane,AL Menaria,JA Morkel,0,0,,,,,,"",""
ball,2,9.1,Rajasthan Royals,AL Menaria,AM Rahane,R Ashwin,0,0,,,,,,"",""
ball,2,9.2,Rajasthan Royals,AL Menaria,AM Rahane,R Ashwin,0,0,,,,,,"",""
ball,2,9.3,Rajasthan Royals,AL Menaria,AM Rahane,R Ashwin,1,0,,,,,,"",""
ball,2,9.4,Rajasthan Royals,AM Rahane,AL Menaria,R Ashwin,1,0,,,,,,"",""
ball,2,9.5,Rajasthan Royals,AL Menaria,AM Rahane,R Ashwin,0,0,,,,,,caught,AL Menaria
ball,2,9.6,Rajasthan Royals,J Botha,AM Rahane,R Ashwin,0,0,,,,,,"",""
ball,2,10.1,Rajasthan Royals,AM Rahane,J Botha,SB Jakati,0,0,,,,,,"",""
ball,2,10.2,Rajasthan Royals,AM Rahane,J Botha,SB Jakati,0,0,,,,,,"",""
ball,2,10.3,Rajasthan Royals,AM Rahane,J Botha,SB Jakati,2,0,,,,,,"",""
ball,2,10.4,Rajasthan Royals,AM Rahane,J Botha,SB Jakati,4,0,,,,,,"",""
ball,2,10.5,Rajasthan Royals,AM Rahane,J Botha,SB Jakati,1,0,,,,,,"",""
ball,2,10.6,Rajasthan Royals,J Botha,AM Rahane,SB Jakati,1,0,,,,,,"",""
ball,2,11.1,Rajasthan Royals,J Botha,AM Rahane,R Ashwin,1,0,,,,,,"",""
ball,2,11.2,Rajasthan Royals,AM Rahane,J Botha,R Ashwin,0,0,,,,,,"",""
ball,2,11.3,Rajasthan Royals,AM Rahane,J Botha,R Ashwin,1,0,,,,,,"",""
ball,2,11.4,Rajasthan Royals,J Botha,AM Rahane,R Ashwin,1,0,,,,,,"",""
ball,2,11.5,Rajasthan Royals,AM Rahane,J Botha,R Ashwin,4,0,,,,,,"",""
ball,2,11.6,Rajasthan Royals,AM Rahane,J Botha,R Ashwin,0,0,,,,,,"",""
ball,2,12.1,Rajasthan Royals,J Botha,AM Rahane,DJ Bravo,0,1,1,,,,,"",""
ball,2,12.2,Rajasthan Royals,J Botha,AM Rahane,DJ Bravo,0,0,,,,,,"",""
ball,2,12.3,Rajasthan Royals,J Botha,AM Rahane,DJ Bravo,2,0,,,,,,"",""
ball,2,12.4,Rajasthan Royals,J Botha,AM Rahane,DJ Bravo,1,0,,,,,,"",""
ball,2,12.5,Rajasthan Royals,AM Rahane,J Botha,DJ Bravo,4,0,,,,,,"",""
ball,2,12.6,Rajasthan Royals,AM Rahane,J Botha,DJ Bravo,2,0,,,,,,"",""
ball,2,12.7,Rajasthan Royals,AM Rahane,J Botha,DJ Bravo,1,0,,,,,,"",""
ball,2,13.1,Rajasthan Royals,AM Rahane,J Botha,SB Jakati,4,0,,,,,,"",""
ball,2,13.2,Rajasthan Royals,AM Rahane,J Botha,SB Jakati,1,0,,,,,,"",""
ball,2,13.3,Rajasthan Royals,J Botha,AM Rahane,SB Jakati,1,0,,,,,,"",""
ball,2,13.4,Rajasthan Royals,AM Rahane,J Botha,SB Jakati,1,0,,,,,,"",""
ball,2,13.5,Rajasthan Royals,J Botha,AM Rahane,SB Jakati,0,0,,,,,,"",""
ball,2,13.6,Rajasthan Royals,J Botha,AM Rahane,SB Jakati,2,0,,,,,,"",""
ball,2,14.1,Rajasthan Royals,AM Rahane,J Botha,DJ Bravo,0,0,,,,,,caught,AM Rahane
ball,2,14.2,Rajasthan Royals,AS Raut,J Botha,DJ Bravo,1,0,,,,,,"",""
ball,2,14.3,Rajasthan Royals,J Botha,AS Raut,DJ Bravo,1,0,,,,,,"",""
ball,2,14.4,Rajasthan Royals,AS Raut,J Botha,DJ Bravo,6,0,,,,,,"",""
ball,2,14.5,Rajasthan Royals,AS Raut,J Botha,DJ Bravo,0,0,,,,,,"",""
ball,2,14.6,Rajasthan Royals,AS Raut,J Botha,DJ Bravo,1,0,,,,,,"",""
ball,2,15.1,Rajasthan Royals,AS Raut,J Botha,SB Jakati,0,0,,,,,,"",""
ball,2,15.2,Rajasthan Royals,AS Raut,J Botha,SB Jakati,1,0,,,,,,"",""
ball,2,15.3,Rajasthan Royals,J Botha,AS Raut,SB Jakati,1,0,,,,,,"",""
ball,2,15.4,Rajasthan Royals,AS Raut,J Botha,SB Jakati,1,0,,,,,,"",""
ball,2,15.5,Rajasthan Royals,J Botha,AS Raut,SB Jakati,1,0,,,,,,"",""
ball,2,15.6,Rajasthan Royals,AS Raut,J Botha,SB Jakati,1,0,,,,,,"",""
ball,2,16.1,Rajasthan Royals,AS Raut,J Botha,DE Bollinger,0,0,,,,,,"",""
ball,2,16.2,Rajasthan Royals,AS Raut,J Botha,DE Bollinger,4,0,,,,,,"",""
ball,2,16.3,Rajasthan Royals,AS Raut,J Botha,DE Bollinger,1,0,,,,,,"",""
ball,2,16.4,Rajasthan Royals,J Botha,AS Raut,DE Bollinger,0,0,,,,,,"",""
ball,2,16.5,Rajasthan Royals,J Botha,AS Raut,DE Bollinger,1,0,,,,,,"",""
ball,2,16.6,Rajasthan Royals,AS Raut,J Botha,DE Bollinger,0,0,,,,,,"",""
ball,2,17.1,Rajasthan Royals,J Botha,AS Raut,R Ashwin,1,0,,,,,,"",""
ball,2,17.2,Rajasthan Royals,AS Raut,J Botha,R Ashwin,2,0,,,,,,"",""
ball,2,17.3,Rajasthan Royals,AS Raut,J Botha,R Ashwin,1,0,,,,,,run out,AS Raut
ball,2,17.4,Rajasthan Royals,DH Yagnik,J Botha,R Ashwin,0,0,,,,,,"",""
ball,2,17.5,Rajasthan Royals,DH Yagnik,J Botha,R Ashwin,0,0,,,,,,"",""
ball,2,17.6,Rajasthan Royals,DH Yagnik,J Botha,R Ashwin,1,0,,,,,,"",""
ball,2,18.1,Rajasthan Royals,DH Yagnik,J Botha,DE Bollinger,0,0,,,,,,"",""
ball,2,18.2,Rajasthan Royals,DH Yagnik,J Botha,DE Bollinger,0,0,,,,,,"",""
ball,2,18.3,Rajasthan Royals,DH Yagnik,J Botha,DE Bollinger,2,0,,,,,,"",""
ball,2,18.4,Rajasthan Royals,DH Yagnik,J Botha,DE Bollinger,0,0,,,,,,bowled,DH Yagnik
ball,2,18.5,Rajasthan Royals,A Singh,J Botha,DE Bollinger,1,0,,,,,,"",""
ball,2,18.6,Rajasthan Royals,J Botha,A Singh,DE Bollinger,0,0,,,,,,caught and bowled,J Botha
ball,2,19.1,Rajasthan Royals,A Singh,SK Trivedi,SK Raina,0,0,,,,,,caught and bowled,A Singh
ball,2,19.2,Rajasthan Royals,SK Warne,SK Trivedi,SK Raina,0,0,,,,,,"",""
ball,2,19.3,Rajasthan Royals,SK Warne,SK Trivedi,SK Raina,0,0,,,,,,caught,SK Warne
