version,1.6.0
info,balls_per_over,6
info,team,Chennai Super Kings
info,team,Pune Warriors
info,gender,male
info,season,2011
info,date,2011/04/25
info,event,Indian Premier League
info,match_number,29
info,venue,"MA Chidambaram Stadium, Chepauk"
info,city,Chennai
info,toss_winner,Pune Warriors
info,toss_decision,field
info,player_of_match,MEK Hussey
info,umpire,Aleem Dar
info,umpire,RB Tiffin
info,reserve_umpire,K Srinath
info,tv_umpire,SS Hazare
info,match_referee,AJ Pycroft
info,winner,Chennai Super Kings
info,winner_runs,25
info,player,Chennai Super Kings,M Vijay
info,player,Chennai Super Kings,MEK Hussey
info,player,Chennai Super Kings,SK Raina
info,player,Chennai Super Kings,MS Dhoni
info,player,Chennai Super Kings,JA Morkel
info,player,Chennai Super Kings,S Badrinath
info,player,Chennai Super Kings,S Anirudha
info,player,Chennai Super Kings,R Ashwin
info,player,Chennai Super Kings,DE Bollinger
info,player,Chennai Super Kings,SB Jakati
info,player,Chennai Super Kings,S Randiv
info,player,Pune Warriors,JD Ryder
info,player,Pune Warriors,MD Mishra
info,player,Pune Warriors,MK Pandey
info,player,Pune Warriors,RV Uthappa
info,player,Pune Warriors,Yuvraj Singh
info,player,Pune Warriors,M Manhas
info,player,Pune Warriors,NL McCullum
info,player,Pune Warriors,R Sharma
info,player,Pune Warriors,JE Taylor
info,player,Pune Warriors,M Kartik
info,player,Pune Warriors,AC Thomas
info,registry,people,A Mukund,6165bca6
info,registry,people,AC Thomas,b552a935
info,registry,people,AJ Pycroft,685d3f80
info,registry,people,Aleem Dar,f02778d1
info,registry,people,DE Bollinger,45c2196c
info,registry,people,JA Morkel,c3d35165
info,registry,people,JD Ryder,91ffa6c6
info,registry,people,JE Taylor,4180d897
info,registry,people,K Srinath,8ab5da97
info,registry,people,M Kartik,abfeb126
info,registry,people,M Manhas,c42aaf71
info,registry,people,M Vijay,4b57e452
info,registry,people,MD Mishra,6afb26d6
info,registry,people,MEK Hussey,48fd7349
info,registry,people,MK Pandey,93b4fc78
info,registry,people,MS Dhoni,4a8a2e3b
info,registry,people,NL McCullum,5673a3fc
info,registry,people,R Ashwin,495d42a5
info,registry,people,R Sharma,5d9a1a73
info,registry,people,RB Tiffin,89087a0d
info,registry,people,RV Uthappa,1c17e270
info,registry,people,S Anirudha,95a2ea61
info,registry,people,S Badrinath,3576e47e
info,registry,people,S Randiv,f5f18a18
info,registry,people,SB Jakati,c8179c68
info,registry,people,SK Raina,1dc12ab9
info,registry,people,SS Hazare,166e5081
info,registry,people,Yuvraj Singh,1c914163
ball,1,0.1,Chennai Super Kings,M Vijay,MEK Hussey,NL McCullum,0,0,,,,,,"",""
ball,1,0.2,Chennai Super Kings,M Vijay,MEK Hussey,NL McCullum,0,0,,,,,,"",""
ball,1,0.3,Chennai Super Kings,M Vijay,MEK Hussey,NL McCullum,0,0,,,,,,"",""
ball,1,0.4,Chennai Super Kings,M Vijay,MEK Hussey,NL McCullum,0,0,,,,,,"",""
ball,1,0.5,Chennai Super Kings,M Vijay,MEK Hussey,NL McCullum,1,0,,,,,,"",""
ball,1,0.6,Chennai Super Kings,MEK Hussey,M Vijay,NL McCullum,1,0,,,,,,"",""
ball,1,1.1,Chennai Super Kings,MEK Hussey,M Vijay,JE Taylor,0,1,1,,,,,"",""
ball,1,1.2,Chennai Super Kings,MEK Hussey,M Vijay,JE Taylor,0,0,,,,,,"",""
ball,1,1.3,Chennai Super Kings,MEK Hussey,M Vijay,JE Taylor,1,0,,,,,,"",""
ball,1,1.4,Chennai Super Kings,M Vijay,MEK Hussey,JE Taylor,0,0,,,,,,"",""
ball,1,1.5,Chennai Super Kings,M Vijay,MEK Hussey,JE Taylor,2,0,,,,,,"",""
ball,1,1.6,Chennai Super Kings,M Vijay,MEK Hussey,JE Taylor,0,0,,,,,,"",""
ball,1,1.7,Chennai Super Kings,M Vijay,MEK Hussey,JE Taylor,4,0,,,,,,"",""
ball,1,2.1,Chennai Super Kings,MEK Hussey,M Vijay,NL McCullum,6,0,,,,,,"",""
ball,1,2.2,Chennai Super Kings,MEK Hussey,M Vijay,NL McCullum,0,0,,,,,,"",""
ball,1,2.3,Chennai Super Kings,MEK Hussey,M Vijay,NL McCullum,1,0,,,,,,"",""
ball,1,2.4,Chennai Super Kings,M Vijay,MEK Hussey,NL McCullum,0,0,,,,,,"",""
ball,1,2.5,Chennai Super Kings,M Vijay,MEK Hussey,NL McCullum,2,0,,,,,,"",""
ball,1,2.6,Chennai Super Kings,M Vijay,MEK Hussey,NL McCullum,1,0,,,,,,"",""
ball,1,3.1,Chennai Super Kings,M Vijay,MEK Hussey,AC Thomas,2,0,,,,,,"",""
ball,1,3.2,Chennai Super Kings,M Vijay,MEK Hussey,AC Thomas,4,0,,,,,,"",""
ball,1,3.3,Chennai Super Kings,M Vijay,MEK Hussey,AC Thomas,0,0,,,,,,"",""
ball,1,3.4,Chennai Super Kings,M Vijay,MEK Hussey,AC Thomas,0,0,,,,,,"",""
ball,1,3.5,Chennai Super Kings,M Vijay,MEK Hussey,AC Thomas,2,0,,,,,,"",""
ball,1,3.6,Chennai Super Kings,M Vijay,MEK Hussey,AC Thomas,1,0,,,,,,"",""
ball,1,4.1,Chennai Super Kings,M Vijay,MEK Hussey,JE Taylor,1,0,,,,,,"",""
ball,1,4.2,Chennai Super Kings,MEK Hussey,M Vijay,JE Taylor,0,0,,,,,,"",""
ball,1,4.3,Chennai Super Kings,MEK Hussey,M Vijay,JE Taylor,0,0,,,,,,"",""
ball,1,4.4,Chennai Super Kings,MEK Hussey,M Vijay,JE Taylor,4,0,,,,,,"",""
ball,1,4.5,Chennai Super Kings,MEK Hussey,M Vijay,JE Taylor,1,0,,,,,,"",""
ball,1,4.6,Chennai Super Kings,M Vijay,MEK Hussey,JE Taylor,0,0,,,,,,"",""
ball,1,5.1,Chennai Super Kings,MEK Hussey,M Vijay,M Kartik,0,0,,,,,,"",""
ball,1,5.2,Chennai Super Kings,MEK Hussey,M Vijay,M Kartik,1,0,,,,,,"",""
ball,1,5.3,Chennai Super Kings,M Vijay,MEK Hussey,M Kartik,1,0,,,,,,"",""
ball,1,5.4,Chennai Super Kings,MEK Hussey,M Vijay,M Kartik,4,0,,,,,,"",""
ball,1,5.5,Chennai Super Kings,MEK Hussey,M Vijay,M Kartik,4,0,,,,,,"",""
ball,1,5.6,Chennai Super Kings,MEK Hussey,M Vijay,M Kartik,0,0,,,,,,"",""
ball,1,6.1,Chennai Super Kings,M Vijay,MEK Hussey,R Sharma,1,0,,,,,,"",""
ball,1,6.2,Chennai Super Kings,MEK Hussey,M Vijay,R Sharma,0,0,,,,,,"",""
ball,1,6.3,Chennai Super Kings,MEK Hussey,M Vijay,R Sharma,1,0,,,,,,"",""
ball,1,6.4,Chennai Super Kings,M Vijay,MEK Hussey,R Sharma,0,0,,,,,,"",""
ball,1,6.5,Chennai Super Kings,M Vijay,MEK Hussey,R Sharma,0,0,,,,,,"",""
ball,1,6.6,Chennai Super Kings,M Vijay,MEK Hussey,R Sharma,1,0,,,,,,"",""
ball,1,7.1,Chennai Super Kings,M Vijay,MEK Hussey,M Kartik,6,0,,,,,,"",""
ball,1,7.2,Chennai Super Kings,M Vijay,MEK Hussey,M Kartik,1,0,,,,,,"",""
ball,1,7.3,Chennai Super Kings,MEK Hussey,M Vijay,M Kartik,0,0,,,,,,"",""
ball,1,7.4,Chennai Super Kings,MEK Hussey,M Vijay,M Kartik,1,0,,,,,,"",""
ball,1,7.5,Chennai Super Kings,M Vijay,MEK Hussey,M Kartik,1,0,,,,,,"",""
ball,1,7.6,Chennai Super Kings,MEK Hussey,M Vijay,M Kartik,1,0,,,,,,"",""
ball,1,8.1,Chennai Super Kings,MEK Hussey,M Vijay,R Sharma,0,0,,,,,,"",""
ball,1,8.2,Chennai Super Kings,MEK Hussey,M Vijay,R Sharma,2,0,,,,,,"",""
ball,1,8.3,Chennai Super Kings,MEK Hussey,M Vijay,R Sharma,2,0,,,,,,"",""
ball,1,8.4,Chennai Super Kings,MEK Hussey,M Vijay,R Sharma,0,0,,,,,,"",""
ball,1,8.5,Chennai Super Kings,MEK Hussey,M Vijay,R Sharma,0,0,,,,,,"",""
ball,1,8.6,Chennai Super Kings,MEK Hussey,M Vijay,R Sharma,1,0,,,,,,"",""
ball,1,9.1,Chennai Super Kings,MEK Hussey,M Vijay,AC Thomas,1,0,,,,,,"",""
ball,1,9.2,Chennai Super Kings,M Vijay,MEK Hussey,AC Thomas,0,0,,,,,,caught,M Vijay
ball,1,9.3,Chennai Super Kings,SK Raina,MEK Hussey,AC Thomas,0,0,,,,,,"",""
ball,1,9.4,Chennai Super Kings,SK Raina,MEK Hussey,AC Thomas,2,0,,,,,,"",""
ball,1,9.5,Chennai Super Kings,SK Raina,MEK Hussey,AC Thomas,0,0,,,,,,"",""
ball,1,9.6,Chennai Super Kings,SK Raina,MEK Hussey,AC Thomas,0,0,,,,,,bowled,SK Raina
ball,1,10.1,Chennai Super Kings,MEK Hussey,MS Dhoni,Yuvraj Singh,1,0,,,,,,"",""
ball,1,10.2,Chennai Super Kings,MS Dhoni,MEK Hussey,Yuvraj Singh,0,0,,,,,,"",""
ball,1,10.3,Chennai Super Kings,MS Dhoni,MEK Hussey,Yuvraj Singh,0,0,,,,,,"",""
ball,1,10.4,Chennai Super Kings,MS Dhoni,MEK Hussey,Yuvraj Singh,1,0,,,,,,"",""
ball,1,10.5,Chennai Super Kings,MEK Hussey,MS Dhoni,Yuvraj Singh,1,0,,,,,,"",""
ball,1,10.6,Chennai Super Kings,MS Dhoni,MEK Hussey,Yuvraj Singh,0,0,,,,,,"",""
ball,1,11.1,Chennai Super Kings,MEK Hussey,MS Dhoni,M Kartik,1,0,,,,,,"",""
ball,1,11.2,Chennai Super Kings,MS Dhoni,MEK Hussey,M Kartik,0,0,,,,,,"",""
ball,1,11.3,Chennai Super Kings,MS Dhoni,MEK Hussey,M Kartik,0,0,,,,,,"",""
ball,1,11.4,Chennai Super Kings,MS Dhoni,MEK Hussey,M Kartik,0,0,,,,,,"",""
ball,1,11.5,Chennai Super Kings,MS Dhoni,MEK Hussey,M Kartik,3,0,,,,,,"",""
ball,1,11.6,Chennai Super Kings,MEK Hussey,MS Dhoni,M Kartik,1,0,,,,,,"",""
ball,1,12.1,Chennai Super Kings,MEK Hussey,MS Dhoni,Yuvraj Singh,1,0,,,,,,"",""
ball,1,12.2,Chennai Super Kings,MS Dhoni,MEK Hussey,Yuvraj Singh,1,0,,,,,,"",""
ball,1,12.3,Chennai Super Kings,MEK Hussey,MS Dhoni,Yuvraj Singh,1,0,,,,,,"",""
ball,1,12.4,Chennai Super Kings,MS Dhoni,MEK Hussey,Yuvraj Singh,1,0,,,,,,"",""
ball,1,12.5,Chennai Super Kings,MEK Hussey,MS Dhoni,Yuvraj Singh,1,0,,,,,,"",""
ball,1,12.6,Chennai Super Kings,MS Dhoni,MEK Hussey,Yuvraj Singh,6,0,,,,,,"",""
ball,1,13.1,Chennai Super Kings,MEK Hussey,MS Dhoni,M Kartik,1,0,,,,,,"",""
ball,1,13.2,Chennai Super Kings,MS Dhoni,MEK Hussey,M Kartik,0,0,,,,,,"",""
ball,1,13.3,Chennai Super Kings,MS Dhoni,MEK Hussey,M Kartik,1,0,,,,,,"",""
ball,1,13.4,Chennai Super Kings,MEK Hussey,MS Dhoni,M Kartik,0,0,,,,,,"",""
ball,1,13.5,Chennai Super Kings,MEK Hussey,MS Dhoni,M Kartik,1,0,,,,,,"",""
ball,1,13.6,Chennai Super Kings,MS Dhoni,MEK Hussey,M Kartik,1,0,,,,,,"",""
ball,1,14.1,Chennai Super Kings,MS Dhoni,MEK Hussey,R Sharma,1,0,,,,,,"",""
ball,1,14.2,Chennai Super Kings,MEK Hussey,MS Dhoni,R Sharma,4,0,,,,,,"",""
ball,1,14.3,Chennai Super Kings,MEK Hussey,MS Dhoni,R Sharma,2,0,,,,,,"",""
ball,1,14.4,Chennai Super Kings,MEK Hussey,MS Dhoni,R Sharma,1,0,,,,,,"",""
ball,1,14.5,Chennai Super Kings,MS Dhoni,MEK Hussey,R Sharma,1,0,,,,,,"",""
ball,1,14.6,Chennai Super Kings,MEK Hussey,MS Dhoni,R Sharma,1,0,,,,,,"",""
ball,1,15.1,Chennai Super Kings,MEK Hussey,MS Dhoni,AC Thomas,4,0,,,,,,"",""
ball,1,15.2,Chennai Super Kings,MEK Hussey,MS Dhoni,AC Thomas,0,1,1,,,,,"",""
ball,1,15.3,Chennai Super Kings,MEK Hussey,MS Dhoni,AC Thomas,1,0,,,,,,"",""
ball,1,15.4,Chennai Super Kings,MS Dhoni,MEK Hussey,AC Thomas,1,0,,,,,,"",""
ball,1,15.5,Chennai Super Kings,MEK Hussey,MS Dhoni,AC Thomas,1,0,,,,,,"",""
ball,1,15.6,Chennai Super Kings,MS Dhoni,MEK Hussey,AC Thomas,1,0,,,,,,"",""
ball,1,15.7,Chennai Super Kings,MEK Hussey,MS Dhoni,AC Thomas,1,0,,,,,,"",""
ball,1,16.1,Chennai Super Kings,MEK Hussey,MS Dhoni,R Sharma,1,0,,,,,,"",""
ball,1,16.2,Chennai Super Kings,MS Dhoni,MEK Hussey,R Sharma,4,0,,,,,,"",""
ball,1,16.3,Chennai Super Kings,MS Dhoni,MEK Hussey,R Sharma,4,0,,,,,,"",""
ball,1,16.4,Chennai Super Kings,MS Dhoni,MEK Hussey,R Sharma,0,0,,,,,,stumped,MS Dhoni
ball,1,16.5,Chennai Super Kings,JA Morkel,MEK Hussey,R Sharma,0,0,,,,,,"",""
ball,1,16.6,Chennai Super Kings,JA Morkel,MEK Hussey,R Sharma,0,0,,,,,,"",""
ball,1,17.1,Chennai Super Kings,MEK Hussey,JA Morkel,JE Taylor,4,0,,,,,,"",""
ball,1,17.2,Chennai Super Kings,MEK Hussey,JA Morkel,JE Taylor,0,0,,,,,,caught,MEK Hussey
ball,1,17.3,Chennai Super Kings,JA Morkel,S Badrinath,JE Taylor,0,0,,,,,,"",""
ball,1,17.4,Chennai Super Kings,JA Morkel,S Badrinath,JE Taylor,0,1,1,,,,,"",""
ball,1,17.5,Chennai Super Kings,JA Morkel,S Badrinath,JE Taylor,0,0,,,,,,caught,JA Morkel
ball,1,17.6,Chennai Super Kings,S Badrinath,S Anirudha,JE Taylor,1,0,,,,,,"",""
ball,1,17.7,Chennai Super Kings,S Anirudha,S Badrinath,JE Taylor,2,0,,,,,,"",""
ball,1,18.1,Chennai Super Kings,S Badrinath,S Anirudha,AC Thomas,1,0,,,,,,"",""
ball,1,18.2,Chennai Super Kings,S Anirudha,S Badrinath,AC Thomas,0,0,,,,,,"",""
ball,1,18.3,Chennai Super Kings,S Anirudha,S Badrinath,AC Thomas,1,0,,,,,,"",""
ball,1,18.4,Chennai Super Kings,S Badrinath,S Anirudha,AC Thomas,1,0,,,,,,"",""
ball,1,18.5,Chennai Super Kings,S Anirudha,S Badrinath,AC Thomas,2,0,,,,,,"",""
ball,1,18.6,Chennai Super Kings,S Anirudha,S Badrinath,AC Thomas,2,0,,,,,,"",""
ball,1,19.1,Chennai Super Kings,S Badrinath,S Anirudha,JE Taylor,0,0,,,,,,"",""
ball,1,19.2,Chennai Super Kings,S Badrinath,S Anirudha,JE Taylor,6,0,,,,,,"",""
ball,1,19.3,Chennai Super Kings,S Badrinath,S Anirudha,JE Taylor,1,0,,,,,,"",""
ball,1,19.4,Chennai Super Kings,S Anirudha,S Badrinath,JE Taylor,0,1,,,1,,,"",""
ball,1,19.5,Chennai Super Kings,S Badrinath,S Anirudha,JE Taylor,1,0,,,,,,"",""
ball,1,19.6,Chennai Super Kings,S Anirudha,S Badrinath,JE Taylor,0,0,,,,,,caught,S Anirudha
ball,2,0.1,Pune Warriors,JD Ryder,MD Mishra,JA Morkel,0,1,,,,1,,"",""
ball,2,0.2,Pune Warriors,MD Mishra,JD Ryder,JA Morkel,0,0,,,,,,"",""
ball,2,0.3,Pune Warriors,MD Mishra,JD Ryder,JA Morkel,0,0,,,,,,"",""
ball,2,0.4,Pune Warriors,MD Mishra,JD Ryder,JA Morkel,0,0,,,,,,"",""
ball,2,0.5,Pune Warriors,MD Mishra,JD Ryder,JA Morkel,2,0,,,,,,"",""
ball,2,0.6,Pune Warriors,MD Mishra,JD Ryder,JA Morkel,0,0,,,,,,"",""
ball,2,1.1,Pune Warriors,JD Ryder,MD Mishra,DE Bollinger,1,0,,,,,,"",""
ball,2,1.2,Pune Warriors,MD Mishra,JD Ryder,DE Bollinger,1,0,,,,,,"",""
ball,2,1.3,Pune Warriors,JD Ryder,MD Mishra,DE Bollinger,4,0,,,,,,"",""
ball,2,1.4,Pune Warriors,JD Ryder,MD Mishra,DE Bollinger,2,0,,,,,,"",""
ball,2,1.5,Pune Warriors,JD Ryder,MD Mishra,DE Bollinger,0,0,,,,,,"",""
ball,2,1.6,Pune Warriors,JD Ryder,MD Mishra,DE Bollinger,0,1,,,,1,,"",""
ball,2,2.1,Pune Warriors,JD Ryder,MD Mishra,JA Morkel,1,0,,,,,,"",""
ball,2,2.2,Pune Warriors,MD Mishra,JD Ryder,JA Morkel,2,0,,,,,,"",""
ball,2,2.3,Pune Warriors,MD Mishra,JD Ryder,JA Morkel,4,0,,,,,,"",""
ball,2,2.4,Pune Warriors,MD Mishra,JD Ryder,JA Morkel,0,0,,,,,,bowled,MD Mishra
ball,2,2.5,Pune Warriors,MK Pandey,JD Ryder,JA Morkel,0,0,,,,,,"",""
ball,2,2.6,Pune Warriors,MK Pandey,JD Ryder,JA Morkel,0,0,,,,,,"",""
ball,2,3.1,Pune Warriors,JD Ryder,MK Pandey,R Ashwin,0,0,,,,,,"",""
ball,2,3.2,Pune Warriors,JD Ryder,MK Pandey,R Ashwin,1,0,,,,,,"",""
ball,2,3.3,Pune Warriors,MK Pandey,JD Ryder,R Ashwin,0,0,,,,,,"",""
ball,2,3.4,Pune Warriors,MK Pandey,JD Ryder,R Ashwin,1,0,,,,,,"",""
ball,2,3.5,Pune Warriors,JD Ryder,MK Pandey,R Ashwin,6,0,,,,,,"",""
ball,2,3.6,Pune Warriors,JD Ryder,MK Pandey,R Ashwin,0,0,,,,,,bowled,JD Ryder
ball,2,4.1,Pune Warriors,MK Pandey,RV Uthappa,JA Morkel,1,0,,,,,,"",""
ball,2,4.2,Pune Warriors,RV Uthappa,MK Pandey,JA Morkel,0,2,,2,,,,"",""
ball,2,4.3,Pune Warriors,MK Pandey,RV Uthappa,JA Morkel,2,0,,,,,,"",""
ball,2,4.4,Pune Warriors,MK Pandey,RV Uthappa,JA Morkel,4,0,,,,,,"",""
ball,2,4.5,Pune Warriors,MK Pandey,RV Uthappa,JA Morkel,4,0,,,,,,"",""
ball,2,4.6,Pune Warriors,MK Pandey,RV Uthappa,JA Morkel,0,0,,,,,,bowled,MK Pandey
ball,2,4.7,Pune Warriors,Yuvraj Singh,RV Uthappa,JA Morkel,0,0,,,,,,"",""
ball,2,5.1,Pune Warriors,RV Uthappa,Yuvraj Singh,R Ashwin,0,0,,,,,,"",""
ball,2,5.2,Pune Warriors,RV Uthappa,Yuvraj Singh,R Ashwin,0,0,,,,,,"",""
ball,2,5.3,Pune Warriors,RV Uthappa,Yuvraj Singh,R Ashwin,0,0,,,,,,bowled,RV Uthappa
ball,2,5.4,Pune Warriors,M Manhas,Yuvraj Singh,R Ashwin,0,0,,,,,,"",""
ball,2,5.5,Pune Warriors,M Manhas,Yuvraj Singh,R Ashwin,0,0,,,,,,"",""
ball,2,5.6,Pune Warriors,M Manhas,Yuvraj Singh,R Ashwin,0,0,,,,,,"",""
ball,2,6.1,Pune Warriors,Yuvraj Singh,M Manhas,S Randiv,1,0,,,,,,"",""
ball,2,6.2,Pune Warriors,M Manhas,Yuvraj Singh,S Randiv,1,0,,,,,,"",""
ball,2,6.3,Pune Warriors,Yuvraj Singh,M Manhas,S Randiv,0,0,,,,,,"",""
ball,2,6.4,Pune Warriors,Yuvraj Singh,M Manhas,S Randiv,1,0,,,,,,"",""
ball,2,6.5,Pune Warriors,M Manhas,Yuvraj Singh,S Randiv,0,0,,,,,,"",""
ball,2,6.6,Pune Warriors,M Manhas,Yuvraj Singh,S Randiv,0,0,,,,,,"",""
ball,2,7.1,Pune Warriors,Yuvraj Singh,M Manhas,SK Raina,1,0,,,,,,"",""
ball,2,7.2,Pune Warriors,M Manhas,Yuvraj Singh,SK Raina,0,0,,,,,,"",""
ball,2,7.3,Pune Warriors,M Manhas,Yuvraj Singh,SK Raina,1,0,,,,,,"",""
ball,2,7.4,Pune Warriors,Yuvraj Singh,M Manhas,SK Raina,1,0,,,,,,"",""
ball,2,7.5,Pune Warriors,M Manhas,Yuvraj Singh,SK Raina,1,0,,,,,,"",""
ball,2,7.6,Pune Warriors,Yuvraj Singh,M Manhas,SK Raina,1,0,,,,,,"",""
ball,2,8.1,Pune Warriors,Yuvraj Singh,M Manhas,S Randiv,0,0,,,,,,"",""
ball,2,8.2,Pune Warriors,Yuvraj Singh,M Manhas,S Randiv,1,0,,,,,,"",""
ball,2,8.3,Pune Warriors,M Manhas,Yuvraj Singh,S Randiv,2,0,,,,,,"",""
ball,2,8.4,Pune Warriors,M Manhas,Yuvraj Singh,S Randiv,1,0,,,,,,"",""
ball,2,8.5,Pune Warriors,Yuvraj Singh,M Manhas,S Randiv,0,0,,,,,,"",""
ball,2,8.6,Pune Warriors,Yuvraj Singh,M Manhas,S Randiv,0,0,,,,,,"",""
ball,2,9.1,Pune Warriors,M Manhas,Yuvraj Singh,SK Raina,1,0,,,,,,"",""
ball,2,9.2,Pune Warriors,Yuvraj Singh,M Manhas,SK Raina,0,0,,,,,,"",""
ball,2,9.3,Pune Warriors,Yuvraj Singh,M Manhas,SK Raina,0,0,,,,,,"",""
ball,2,9.4,Pune Warriors,Yuvraj Singh,M Manhas,SK Raina,4,0,,,,,,"",""
ball,2,9.5,Pune Warriors,Yuvraj Singh,M Manhas,SK Raina,1,0,,,,,,"",""
ball,2,9.6,Pune Warriors,M Manhas,Yuvraj Singh,SK Raina,0,0,,,,,,"",""
ball,2,10.1,Pune Warriors,Yuvraj Singh,M Manhas,S Randiv,0,0,,,,,,"",""
ball,2,10.2,Pune Warriors,Yuvraj Singh,M Manhas,S Randiv,0,0,,,,,,"",""
ball,2,10.3,Pune Warriors,Yuvraj Singh,M Manhas,S Randiv,1,0,,,,,,"",""
ball,2,10.4,Pune Warriors,M Manhas,Yuvraj Singh,S Randiv,6,0,,,,,,"",""
ball,2,10.5,Pune Warriors,M Manhas,Yuvraj Singh,S Randiv,0,0,,,,,,"",""
ball,2,10.6,Pune Warriors,M Manhas,Yuvraj Singh,S Randiv,1,0,,,,,,"",""
ball,2,11.1,Pune Warriors,M Manhas,Yuvraj Singh,R Ashwin,1,0,,,,,,"",""
ball,2,11.2,Pune Warriors,Yuvraj Singh,M Manhas,R Ashwin,1,0,,,,,,"",""
ball,2,11.3,Pune Warriors,M Manhas,Yuvraj Singh,R Ashwin,2,0,,,,,,"",""
ball,2,11.4,Pune Warriors,M Manhas,Yuvraj Singh,R Ashwin,1,0,,,,,,"",""
ball,2,11.5,Pune Warriors,Yuvraj Singh,M Manhas,R Ashwin,1,0,,,,,,"",""
ball,2,11.6,Pune Warriors,M Manhas,Yuvraj Singh,R Ashwin,1,0,,,,,,"",""
ball,2,12.1,Pune Warriors,M Manhas,Yuvraj Singh,DE Bollinger,0,0,,,,,,"",""
ball,2,12.2,Pune Warriors,M Manhas,Yuvraj Singh,DE Bollinger,1,0,,,,,,"",""
ball,2,12.3,Pune Warriors,Yuvraj Singh,M Manhas,DE Bollinger,2,0,,,,,,"",""
ball,2,12.4,Pune Warriors,Yuvraj Singh,M Manhas,DE Bollinger,1,0,,,,,,"",""
ball,2,12.5,Pune Warriors,M Manhas,Yuvraj Singh,DE Bollinger,0,1,1,,,,,"",""
ball,2,12.6,Pune Warriors,M Manhas,Yuvraj Singh,DE Bollinger,0,0,,,,,,caught,M Manhas
ball,2,12.7,Pune Warriors,NL McCullum,Yuvraj Singh,DE Bollinger,0,0,,,,,,"",""
ball,2,13.1,Pune Warriors,Yuvraj Singh,NL McCullum,SB Jakati,1,0,,,,,,"",""
ball,2,13.2,Pune Warriors,NL McCullum,Yuvraj Singh,SB Jakati,3,0,,,,,,"",""
ball,2,13.3,Pune Warriors,Yuvraj Singh,NL McCullum,SB Jakati,0,0,,,,,,"",""
ball,2,13.4,Pune Warriors,Yuvraj Singh,NL McCullum,SB Jakati,1,0,,,,,,"",""
ball,2,13.5,Pune Warriors,NL McCullum,Yuvraj Singh,SB Jakati,2,0,,,,,,"",""
ball,2,13.6,Pune Warriors,NL McCullum,Yuvraj Singh,SB Jakati,0,0,,,,,,"",""
ball,2,14.1,Pune Warriors,Yuvraj Singh,NL McCullum,S Randiv,4,0,,,,,,"",""
ball,2,14.2,Pune Warriors,Yuvraj Singh,NL McCullum,S Randiv,0,0,,,,,,"",""
ball,2,14.3,Pune Warriors,Yuvraj Singh,NL McCullum,S Randiv,1,0,,,,,,"",""
ball,2,14.4,Pune Warriors,NL McCullum,Yuvraj Singh,S Randiv,1,0,,,,,,"",""
ball,2,14.5,Pune Warriors,Yuvraj Singh,NL McCullum,S Randiv,2,0,,,,,,"",""
ball,2,14.6,Pune Warriors,Yuvraj Singh,NL McCullum,S Randiv,0,0,,,,,,"",""
ball,2,15.1,Pune Warriors,NL McCullum,Yuvraj Singh,SB Jakati,1,0,,,,,,"",""
ball,2,15.2,Pune Warriors,Yuvraj Singh,NL McCullum,SB Jakati,0,0,,,,,,"",""
ball,2,15.3,Pune Warriors,Yuvraj Singh,NL McCullum,SB Jakati,2,0,,,,,,"",""
ball,2,15.4,Pune Warriors,Yuvraj Singh,NL McCullum,SB Jakati,1,0,,,,,,"",""
ball,2,15.5,Pune Warriors,NL McCullum,Yuvraj Singh,SB Jakati,1,0,,,,,,"",""
ball,2,15.6,Pune Warriors,Yuvraj Singh,NL McCullum,SB Jakati,0,0,,,,,,"",""
ball,2,16.1,Pune Warriors,NL McCullum,Yuvraj Singh,R Ashwin,1,0,,,,,,"",""
ball,2,16.2,Pune Warriors,Yuvraj Singh,NL McCullum,R Ashwin,0,0,,,,,,"",""
ball,2,16.3,Pune Warriors,Yuvraj Singh,NL McCullum,R Ashwin,0,0,,,,,,"",""
ball,2,16.4,Pune Warriors,Yuvraj Singh,NL McCullum,R Ashwin,1,0,,,,,,"",""
ball,2,16.5,Pune Warriors,NL McCullum,Yuvraj Singh,R Ashwin,0,0,,,,,,"",""
ball,2,16.6,Pune Warriors,NL McCullum,Yuvraj Singh,R Ashwin,2,0,,,,,,"",""
ball,2,17.1,Pune Warriors,Yuvraj Singh,NL McCullum,DE Bollinger,0,0,,,,,,"",""
ball,2,17.2,Pune Warriors,Yuvraj Singh,NL McCullum,DE Bollinger,0,0,,,,,,"",""
ball,2,17.3,Pune Warriors,Yuvraj Singh,NL McCullum,DE Bollinger,1,0,,,,,,"",""
ball,2,17.4,Pune Warriors,NL McCullum,Yuvraj Singh,DE Bollinger,1,0,,,,,,"",""
ball,2,17.5,Pune Warriors,Yuvraj Singh,NL McCullum,DE Bollinger,1,0,,,,,,"",""
ball,2,17.6,Pune Warriors,NL McCullum,Yuvraj Singh,DE Bollinger,1,0,,,,,,"",""
ball,2,18.1,Pune Warriors,NL McCullum,Yuvraj Singh,JA Morkel,1,0,,,,,,"",""
ball,2,18.2,Pune Warriors,Yuvraj Singh,NL McCullum,JA Morkel,2,0,,,,,,"",""
ball,2,18.3,Pune Warriors,Yuvraj Singh,NL McCullum,JA Morkel,0,0,,,,,,caught,Yuvraj Singh
ball,2,18.4,Pune Warriors,R Sharma,NL McCullum,JA Morkel,1,0,,,,,,"",""
ball,2,18.5,Pune Warriors,NL McCullum,R Sharma,JA Morkel,0,0,,,,,,run out,R Sharma
ball,2,18.6,Pune Warriors,JE Taylor,NL McCullum,JA Morkel,0,1,1,,,,,"",""
ball,2,18.7,Pune Warriors,JE Taylor,NL McCullum,JA Morkel,2,0,,,,,,"",""
ball,2,19.1,Pune Warriors,NL McCullum,JE Taylor,DE Bollinger,1,0,,,,,,run out,JE Taylor
ball,2,19.2,Pune Warriors,NL McCullum,M Kartik,DE Bollinger,0,0,,,,,,caught,NL McCullum
ball,2,19.3,Pune Warriors,M Kartik,AC Thomas,DE Bollinger,1,0,,,,,,"",""
ball,2,19.4,Pune Warriors,AC Thomas,M Kartik,DE Bollinger,1,0,,,,,,"",""
ball,2,19.5,Pune Warriors,M Kartik,AC Thomas,DE Bollinger,0,1,,,,1,,"",""
ball,2,19.6,Pune Warriors,AC Thomas,M Kartik,DE Bollinger,0,0,,,,,,"",""
