version,1.6.0
info,balls_per_over,6
info,team,Rajasthan Royals
info,team,Pune Warriors
info,gender,male
info,season,2011
info,date,2011/05/01
info,event,Indian Premier League
info,match_number,38
info,venue,Sawai Mansingh Stadium
info,city,Jaipur
info,toss_winner,Rajasthan Royals
info,toss_decision,field
info,player_of_match,LRPL Taylor
info,umpire,SK Tarapore
info,umpire,SJA Taufel
info,reserve_umpire,R Subramanian
info,tv_umpire,S Ravi
info,match_referee,D Govindjee
info,winner,Rajasthan Royals
info,winner_wickets,6
info,player,Pune Warriors,JD Ryder
info,player,Pune Warriors,MK Pandey
info,player,Pune Warriors,RV Uthappa
info,player,Pune Warriors,Yuvraj Singh
info,player,Pune Warriors,Harpreet Singh
info,player,Pune Warriors,M Manhas
info,player,Pune Warriors,NL McCullum
info,player,Pune Warriors,R Sharma
info,player,Pune Warriors,M Kartik
info,player,Pune Warriors,JE Taylor
info,player,Pune Warriors,AC Thomas
info,player,Rajasthan Royals,SR Watson
info,player,Rajasthan Royals,R Dravid
info,player,Rajasthan Royals,J Botha
info,player,Rajasthan Royals,AL Menaria
info,player,Rajasthan Royals,LRPL Taylor
info,player,Rajasthan Royals,AM Rahane
info,player,Rajasthan Royals,A Singh
info,player,Rajasthan Royals,SK Warne
info,player,Rajasthan Royals,STR Binny
info,player,Rajasthan Royals,DH Yagnik
info,player,Rajasthan Royals,SK Trivedi
info,registry,people,A Singh,5b040b81
info,registry,people,AC Thomas,b552a935
info,registry,people,AL Menaria,8291f939
info,registry,people,AM Rahane,29e95537
info,registry,people,D Govindjee,8b4c4069
info,registry,people,DH Yagnik,063b3673
info,registry,people,Harpreet Singh,28c78fb3
info,registry,people,J Botha,7c503806
info,registry,people,JD Ryder,91ffa6c6
info,registry,people,JE Taylor,4180d897
info,registry,people,LRPL Taylor,b61a3e1a
info,registry,people,M Kartik,abfeb126
info,registry,people,M Manhas,c42aaf71
info,registry,people,MK Pandey,93b4fc78
info,registry,people,NL McCullum,5673a3fc
info,registry,people,R Dravid,0184dc35
info,registry,people,R Sharma,5d9a1a73
info,registry,people,R Subramanian,7c32b886
info,registry,people,RV Uthappa,1c17e270
info,registry,people,S Ravi,9b9ee0df
info,registry,people,SJA Taufel,4b43d5ac
info,registry,people,SK Tarapore,62a824b4
info,registry,people,SK Trivedi,3d7e087f
info,registry,people,SK Warne,bb18be76
info,registry,people,SR Watson,4329fbb5
info,registry,people,STR Binny,bd17b45f
info,registry,people,Yuvraj Singh,1c914163
ball,1,0.1,Pune Warriors,JD Ryder,MK Pandey,J Botha,0,0,,,,,,"",""
ball,1,0.2,Pune Warriors,JD Ryder,MK Pandey,J Botha,4,0,,,,,,"",""
ball,1,0.3,Pune Warriors,JD Ryder,MK Pandey,J Botha,0,0,,,,,,"",""
ball,1,0.4,Pune Warriors,JD Ryder,MK Pandey,J Botha,1,0,,,,,,"",""
ball,1,0.5,Pune Warriors,MK Pandey,JD Ryder,J Botha,0,0,,,,,,"",""
ball,1,0.6,Pune Warriors,MK Pandey,JD Ryder,J Botha,1,0,,,,,,"",""
ball,1,1.1,Pune Warriors,MK Pandey,JD Ryder,AL Menaria,4,0,,,,,,"",""
ball,1,1.2,Pune Warriors,MK Pandey,JD Ryder,AL Menaria,0,0,,,,,,"",""
ball,1,1.3,Pune Warriors,MK Pandey,JD Ryder,AL Menaria,1,0,,,,,,"",""
ball,1,1.4,Pune Warriors,JD Ryder,MK Pandey,AL Menaria,4,0,,,,,,"",""
ball,1,1.5,Pune Warriors,JD Ryder,MK Pandey,AL Menaria,1,0,,,,,,"",""
ball,1,1.6,Pune Warriors,MK Pandey,JD Ryder,AL Menaria,0,0,,,,,,"",""
ball,1,2.1,Pune Warriors,JD Ryder,MK Pandey,J Botha,0,0,,,,,,"",""
ball,1,2.2,Pune Warriors,JD Ryder,MK Pandey,J Botha,4,0,,,,,,"",""
ball,1,2.3,Pune Warriors,JD Ryder,MK Pandey,J Botha,0,0,,,,,,"",""
ball,1,2.4,Pune Warriors,JD Ryder,MK Pandey,J Botha,2,0,,,,,,"",""
ball,1,2.5,Pune Warriors,JD Ryder,MK Pandey,J Botha,2,0,,,,,,"",""
ball,1,2.6,Pune Warriors,JD Ryder,MK Pandey,J Botha,0,0,,,,,,stumped,JD Ryder
ball,1,3.1,Pune Warriors,MK Pandey,RV Uthappa,SR Watson,1,0,,,,,,"",""
ball,1,3.2,Pune Warriors,RV Uthappa,MK Pandey,SR Watson,0,0,,,,,,"",""
ball,1,3.3,Pune Warriors,RV Uthappa,MK Pandey,SR Watson,0,0,,,,,,"",""
ball,1,3.4,Pune Warriors,RV Uthappa,MK Pandey,SR Watson,1,0,,,,,,"",""
ball,1,3.5,Pune Warriors,MK Pandey,RV Uthappa,SR Watson,1,0,,,,,,"",""
ball,1,3.6,Pune Warriors,RV Uthappa,MK Pandey,SR Watson,0,0,,,,,,"",""
ball,1,4.1,Pune Warriors,MK Pandey,RV Uthappa,A Singh,0,0,,,,,,"",""
ball,1,4.2,Pune Warriors,MK Pandey,RV Uthappa,A Singh,1,0,,,,,,"",""
ball,1,4.3,Pune Warriors,RV Uthappa,MK Pandey,A Singh,4,0,,,,,,"",""
ball,1,4.4,Pune Warriors,RV Uthappa,MK Pandey,A Singh,4,0,,,,,,"",""
ball,1,4.5,Pune Warriors,RV Uthappa,MK Pandey,A Singh,1,0,,,,,,"",""
ball,1,4.6,Pune Warriors,MK Pandey,RV Uthappa,A Singh,0,0,,,,,,"",""
ball,1,5.1,Pune Warriors,RV Uthappa,MK Pandey,SK Warne,4,0,,,,,,"",""
ball,1,5.2,Pune Warriors,RV Uthappa,MK Pandey,SK Warne,4,0,,,,,,"",""
ball,1,5.3,Pune Warriors,RV Uthappa,MK Pandey,SK Warne,0,0,,,,,,"",""
ball,1,5.4,Pune Warriors,RV Uthappa,MK Pandey,SK Warne,4,0,,,,,,"",""
ball,1,5.5,Pune Warriors,RV Uthappa,MK Pandey,SK Warne,0,0,,,,,,"",""
ball,1,5.6,Pune Warriors,RV Uthappa,MK Pandey,SK Warne,0,0,,,,,,"",""
ball,1,6.1,Pune Warriors,MK Pandey,RV Uthappa,SK Trivedi,1,0,,,,,,"",""
ball,1,6.2,Pune Warriors,RV Uthappa,MK Pandey,SK Trivedi,1,0,,,,,,"",""
ball,1,6.3,Pune Warriors,MK Pandey,RV Uthappa,SK Trivedi,1,0,,,,,,"",""
ball,1,6.4,Pune Warriors,RV Uthappa,MK Pandey,SK Trivedi,1,0,,,,,,"",""
ball,1,6.5,Pune Warriors,MK Pandey,RV Uthappa,SK Trivedi,1,0,,,,,,"",""
ball,1,6.6,Pune Warriors,RV Uthappa,MK Pandey,SK Trivedi,1,0,,,,,,"",""
ball,1,7.1,Pune Warriors,RV Uthappa,MK Pandey,A Singh,1,0,,,,,,"",""
ball,1,7.2,Pune Warriors,MK Pandey,RV Uthappa,A Singh,0,0,,,,,,"",""
ball,1,7.3,Pune Warriors,MK Pandey,RV Uthappa,A Singh,1,0,,,,,,"",""
ball,1,7.4,Pune Warriors,RV Uthappa,MK Pandey,A Singh,4,0,,,,,,"",""
ball,1,7.5,Pune Warriors,RV Uthappa,MK Pandey,A Singh,1,0,,,,,,"",""
ball,1,7.6,Pune Warriors,MK Pandey,RV Uthappa,A Singh,4,0,,,,,,"",""
ball,1,8.1,Pune Warriors,RV Uthappa,MK Pandey,SK Warne,4,0,,,,,,"",""
ball,1,8.2,Pune Warriors,RV Uthappa,MK Pandey,SK Warne,0,0,,,,,,caught,RV Uthappa
ball,1,8.3,Pune Warriors,Yuvraj Singh,MK Pandey,SK Warne,0,0,,,,,,"",""
ball,1,8.4,Pune Warriors,Yuvraj Singh,MK Pandey,SK Warne,0,0,,,,,,"",""
ball,1,8.5,Pune Warriors,Yuvraj Singh,MK Pandey,SK Warne,1,0,,,,,,"",""
ball,1,8.6,Pune Warriors,MK Pandey,Yuvraj Singh,SK Warne,1,0,,,,,,"",""
ball,1,9.1,Pune Warriors,MK Pandey,Yuvraj Singh,J Botha,0,0,,,,,,"",""
ball,1,9.2,Pune Warriors,MK Pandey,Yuvraj Singh,J Botha,4,0,,,,,,"",""
ball,1,9.3,Pune Warriors,MK Pandey,Yuvraj Singh,J Botha,1,0,,,,,,"",""
ball,1,9.4,Pune Warriors,Yuvraj Singh,MK Pandey,J Botha,0,0,,,,,,"",""
ball,1,9.5,Pune Warriors,Yuvraj Singh,MK Pandey,J Botha,0,0,,,,,,"",""
ball,1,9.6,Pune Warriors,Yuvraj Singh,MK Pandey,J Botha,0,0,,,,,,"",""
ball,1,10.1,Pune Warriors,MK Pandey,Yuvraj Singh,SK Warne,0,0,,,,,,"",""
ball,1,10.2,Pune Warriors,MK Pandey,Yuvraj Singh,SK Warne,1,0,,,,,,"",""
ball,1,10.3,Pune Warriors,Yuvraj Singh,MK Pandey,SK Warne,0,0,,,,,,"",""
ball,1,10.4,Pune Warriors,Yuvraj Singh,MK Pandey,SK Warne,2,0,,,,,,"",""
ball,1,10.5,Pune Warriors,Yuvraj Singh,MK Pandey,SK Warne,1,0,,,,,,"",""
ball,1,10.6,Pune Warriors,MK Pandey,Yuvraj Singh,SK Warne,4,0,,,,,,"",""
ball,1,11.1,Pune Warriors,Yuvraj Singh,MK Pandey,J Botha,2,0,,,,,,"",""
ball,1,11.2,Pune Warriors,Yuvraj Singh,MK Pandey,J Botha,1,0,,,,,,"",""
ball,1,11.3,Pune Warriors,MK Pandey,Yuvraj Singh,J Botha,0,0,,,,,,"",""
ball,1,11.4,Pune Warriors,MK Pandey,Yuvraj Singh,J Botha,0,0,,,,,,"",""
ball,1,11.5,Pune Warriors,MK Pandey,Yuvraj Singh,J Botha,0,2,,,,2,,"",""
ball,1,11.6,Pune Warriors,MK Pandey,Yuvraj Singh,J Botha,1,0,,,,,,"",""
ball,1,12.1,Pune Warriors,MK Pandey,Yuvraj Singh,SK Trivedi,0,0,,,,,,run out,Yuvraj Singh
ball,1,12.2,Pune Warriors,MK Pandey,Harpreet Singh,SK Trivedi,1,0,,,,,,"",""
ball,1,12.3,Pune Warriors,Harpreet Singh,MK Pandey,SK Trivedi,0,0,,,,,,"",""
ball,1,12.4,Pune Warriors,Harpreet Singh,MK Pandey,SK Trivedi,1,0,,,,,,"",""
ball,1,12.5,Pune Warriors,MK Pandey,Harpreet Singh,SK Trivedi,0,0,,,,,,caught,MK Pandey
ball,1,12.6,Pune Warriors,Harpreet Singh,M Manhas,SK Trivedi,1,0,,,,,,"",""
ball,1,13.1,Pune Warriors,Harpreet Singh,M Manhas,SR Watson,0,0,,,,,,"",""
ball,1,13.2,Pune Warriors,Harpreet Singh,M Manhas,SR Watson,1,0,,,,,,"",""
ball,1,13.3,Pune Warriors,M Manhas,Harpreet Singh,SR Watson,1,0,,,,,,"",""
ball,1,13.4,Pune Warriors,Harpreet Singh,M Manhas,SR Watson,0,0,,,,,,"",""
ball,1,13.5,Pune Warriors,Harpreet Singh,M Manhas,SR Watson,0,0,,,,,,"",""
ball,1,13.6,Pune Warriors,Harpreet Singh,M Manhas,SR Watson,1,0,,,,,,"",""
ball,1,14.1,Pune Warriors,Harpreet Singh,M Manhas,SK Trivedi,1,0,,,,,,"",""
ball,1,14.2,Pune Warriors,M Manhas,Harpreet Singh,SK Trivedi,0,0,,,,,,"",""
ball,1,14.3,Pune Warriors,M Manhas,Harpreet Singh,SK Trivedi,0,0,,,,,,"",""
ball,1,14.4,Pune Warriors,M Manhas,Harpreet Singh,SK Trivedi,2,0,,,,,,"",""
ball,1,14.5,Pune Warriors,M Manhas,Harpreet Singh,SK Trivedi,1,0,,,,,,"",""
ball,1,14.6,Pune Warriors,Harpreet Singh,M Manhas,SK Trivedi,1,0,,,,,,"",""
ball,1,15.1,Pune Warriors,Harpreet Singh,M Manhas,SR Watson,1,0,,,,,,"",""
ball,1,15.2,Pune Warriors,M Manhas,Harpreet Singh,SR Watson,1,0,,,,,,"",""
ball,1,15.3,Pune Warriors,Harpreet Singh,M Manhas,SR Watson,2,0,,,,,,"",""
ball,1,15.4,Pune Warriors,Harpreet Singh,M Manhas,SR Watson,1,0,,,,,,"",""
ball,1,15.5,Pune Warriors,M Manhas,Harpreet Singh,SR Watson,1,0,,,,,,"",""
ball,1,15.6,Pune Warriors,Harpreet Singh,M Manhas,SR Watson,0,0,,,,,,"",""
ball,1,16.1,Pune Warriors,M Manhas,Harpreet Singh,SK Warne,0,0,,,,,,"",""
ball,1,16.2,Pune Warriors,M Manhas,Harpreet Singh,SK Warne,2,0,,,,,,"",""
ball,1,16.3,Pune Warriors,M Manhas,Harpreet Singh,SK Warne,1,0,,,,,,"",""
ball,1,16.4,Pune Warriors,Harpreet Singh,M Manhas,SK Warne,0,0,,,,,,"",""
ball,1,16.5,Pune Warriors,Harpreet Singh,M Manhas,SK Warne,1,0,,,,,,"",""
ball,1,16.6,Pune Warriors,M Manhas,Harpreet Singh,SK Warne,1,0,,,,,,"",""
ball,1,17.1,Pune Warriors,M Manhas,Harpreet Singh,A Singh,1,0,,,,,,"",""
ball,1,17.2,Pune Warriors,Harpreet Singh,M Manhas,A Singh,1,0,,,,,,"",""
ball,1,17.3,Pune Warriors,M Manhas,Harpreet Singh,A Singh,4,0,,,,,,"",""
ball,1,17.4,Pune Warriors,M Manhas,Harpreet Singh,A Singh,1,0,,,,,,"",""
ball,1,17.5,Pune Warriors,Harpreet Singh,M Manhas,A Singh,1,0,,,,,,"",""
ball,1,17.6,Pune Warriors,M Manhas,Harpreet Singh,A Singh,0,0,,,,,,"",""
ball,1,18.1,Pune Warriors,Harpreet Singh,M Manhas,SR Watson,0,0,,,,,,caught,Harpreet Singh
ball,1,18.2,Pune Warriors,M Manhas,NL McCullum,SR Watson,0,1,1,,,,,"",""
ball,1,18.3,Pune Warriors,M Manhas,NL McCullum,SR Watson,1,0,,,,,,"",""
ball,1,18.4,Pune Warriors,NL McCullum,M Manhas,SR Watson,0,0,,,,,,"",""
ball,1,18.5,Pune Warriors,NL McCullum,M Manhas,SR Watson,1,0,,,,,,"",""
ball,1,18.6,Pune Warriors,M Manhas,NL McCullum,SR Watson,1,0,,,,,,"",""
ball,1,18.7,Pune Warriors,NL McCullum,M Manhas,SR Watson,0,1,1,,,,,"",""
ball,1,18.8,Pune Warriors,NL McCullum,M Manhas,SR Watson,2,0,,,,,,"",""
ball,1,19.1,Pune Warriors,M Manhas,NL McCullum,SK Trivedi,6,0,,,,,,"",""
ball,1,19.2,Pune Warriors,M Manhas,NL McCullum,SK Trivedi,0,0,,,,,,caught,M Manhas
ball,1,19.3,Pune Warriors,NL McCullum,R Sharma,SK Trivedi,0,1,,,1,,,"",""
ball,1,19.4,Pune Warriors,R Sharma,NL McCullum,SK Trivedi,0,0,,,,,,run out,R Sharma
ball,1,19.5,Pune Warriors,NL McCullum,M Kartik,SK Trivedi,6,0,,,,,,"",""
ball,1,19.6,Pune Warriors,NL McCullum,M Kartik,SK Trivedi,2,0,,,,,,"",""
ball,2,0.1,Rajasthan Royals,SR Watson,R Dravid,M Kartik,1,1,,1,,,,"",""
ball,2,0.2,Rajasthan Royals,R Dravid,SR Watson,M Kartik,0,4,,,4,,,"",""
ball,2,0.3,Rajasthan Royals,R Dravid,SR Watson,M Kartik,1,0,,,,,,"",""
ball,2,0.4,Rajasthan Royals,SR Watson,R Dravid,M Kartik,0,0,,,,,,"",""
ball,2,0.5,Rajasthan Royals,SR Watson,R Dravid,M Kartik,1,0,,,,,,"",""
ball,2,0.6,Rajasthan Royals,R Dravid,SR Watson,M Kartik,1,0,,,,,,"",""
ball,2,0.7,Rajasthan Royals,SR Watson,R Dravid,M Kartik,1,0,,,,,,"",""
ball,2,1.1,Rajasthan Royals,SR Watson,R Dravid,AC Thomas,1,0,,,,,,"",""
ball,2,1.2,Rajasthan Royals,R Dravid,SR Watson,AC Thomas,4,0,,,,,,"",""
ball,2,1.3,Rajasthan Royals,R Dravid,SR Watson,AC Thomas,4,0,,,,,,"",""
ball,2,1.4,Rajasthan Royals,R Dravid,SR Watson,AC Thomas,0,0,,,,,,"",""
ball,2,1.5,Rajasthan Royals,R Dravid,SR Watson,AC Thomas,0,0,,,,,,"",""
ball,2,1.6,Rajasthan Royals,R Dravid,SR Watson,AC Thomas,0,0,,,,,,"",""
ball,2,2.1,Rajasthan Royals,SR Watson,R Dravid,R Sharma,0,0,,,,,,"",""
ball,2,2.2,Rajasthan Royals,SR Watson,R Dravid,R Sharma,1,0,,,,,,"",""
ball,2,2.3,Rajasthan Royals,R Dravid,SR Watson,R Sharma,1,0,,,,,,"",""
ball,2,2.4,Rajasthan Royals,SR Watson,R Dravid,R Sharma,0,0,,,,,,"",""
ball,2,2.5,Rajasthan Royals,SR Watson,R Dravid,R Sharma,0,0,,,,,,"",""
ball,2,2.6,Rajasthan Royals,SR Watson,R Dravid,R Sharma,6,0,,,,,,"",""
ball,2,3.1,Rajasthan Royals,R Dravid,SR Watson,JE Taylor,0,0,,,,,,"",""
ball,2,3.2,Rajasthan Royals,R Dravid,SR Watson,JE Taylor,0,0,,,,,,"",""
ball,2,3.3,Rajasthan Royals,R Dravid,SR Watson,JE Taylor,1,0,,,,,,"",""
ball,2,3.4,Rajasthan Royals,SR Watson,R Dravid,JE Taylor,0,0,,,,,,"",""
ball,2,3.5,Rajasthan Royals,SR Watson,R Dravid,JE Taylor,1,0,,,,,,"",""
ball,2,3.6,Rajasthan Royals,R Dravid,SR Watson,JE Taylor,0,0,,,,,,"",""
ball,2,4.1,Rajasthan Royals,SR Watson,R Dravid,AC Thomas,0,0,,,,,,"",""
ball,2,4.2,Rajasthan Royals,SR Watson,R Dravid,AC Thomas,0,0,,,,,,caught,SR Watson
ball,2,4.3,Rajasthan Royals,J Botha,R Dravid,AC Thomas,0,0,,,,,,"",""
ball,2,4.4,Rajasthan Royals,J Botha,R Dravid,AC Thomas,0,0,,,,,,"",""
ball,2,4.5,Rajasthan Royals,J Botha,R Dravid,AC Thomas,0,0,,,,,,"",""
ball,2,4.6,Rajasthan Royals,J Botha,R Dravid,AC Thomas,0,0,,,,,,"",""
ball,2,5.1,Rajasthan Royals,R Dravid,J Botha,M Kartik,1,0,,,,,,"",""
ball,2,5.2,Rajasthan Royals,J Botha,R Dravid,M Kartik,1,0,,,,,,"",""
ball,2,5.3,Rajasthan Royals,R Dravid,J Botha,M Kartik,1,0,,,,,,"",""
ball,2,5.4,Rajasthan Royals,J Botha,R Dravid,M Kartik,1,0,,,,,,"",""
ball,2,5.5,Rajasthan Royals,R Dravid,J Botha,M Kartik,0,0,,,,,,"",""
ball,2,5.6,Rajasthan Royals,R Dravid,J Botha,M Kartik,1,0,,,,,,"",""
ball,2,6.1,Rajasthan Royals,R Dravid,J Botha,Yuvraj Singh,2,0,,,,,,"",""
ball,2,6.2,Rajasthan Royals,R Dravid,J Botha,Yuvraj Singh,1,0,,,,,,"",""
ball,2,6.3,Rajasthan Royals,J Botha,R Dravid,Yuvraj Singh,0,0,,,,,,"",""
ball,2,6.4,Rajasthan Royals,J Botha,R Dravid,Yuvraj Singh,2,0,,,,,,"",""
ball,2,6.5,Rajasthan Royals,J Botha,R Dravid,Yuvraj Singh,4,0,,,,,,"",""
ball,2,6.6,Rajasthan Royals,J Botha,R Dravid,Yuvraj Singh,0,0,,,,,,"",""
ball,2,7.1,Rajasthan Royals,R Dravid,J Botha,R Sharma,0,0,,,,,,caught and bowled,R Dravid
ball,2,7.2,Rajasthan Royals,AL Menaria,J Botha,R Sharma,0,0,,,,,,"",""
ball,2,7.3,Rajasthan Royals,AL Menaria,J Botha,R Sharma,0,0,,,,,,"",""
ball,2,7.4,Rajasthan Royals,AL Menaria,J Botha,R Sharma,0,0,,,,,,"",""
ball,2,7.5,Rajasthan Royals,AL Menaria,J Botha,R Sharma,1,0,,,,,,"",""
ball,2,7.6,Rajasthan Royals,J Botha,AL Menaria,R Sharma,2,0,,,,,,"",""
ball,2,8.1,Rajasthan Royals,AL Menaria,J Botha,NL McCullum,0,1,,,,1,,"",""
ball,2,8.2,Rajasthan Royals,J Botha,AL Menaria,NL McCullum,1,0,,,,,,"",""
ball,2,8.3,Rajasthan Royals,AL Menaria,J Botha,NL McCullum,1,0,,,,,,"",""
ball,2,8.4,Rajasthan Royals,J Botha,AL Menaria,NL McCullum,0,0,,,,,,"",""
ball,2,8.5,Rajasthan Royals,J Botha,AL Menaria,NL McCullum,1,0,,,,,,"",""
ball,2,8.6,Rajasthan Royals,AL Menaria,J Botha,NL McCullum,1,0,,,,,,"",""
ball,2,9.1,Rajasthan Royals,AL Menaria,J Botha,JE Taylor,1,0,,,,,,"",""
ball,2,9.2,Rajasthan Royals,J Botha,AL Menaria,JE Taylor,0,0,,,,,,"",""
ball,2,9.3,Rajasthan Royals,J Botha,AL Menaria,JE Taylor,0,0,,,,,,"",""
ball,2,9.4,Rajasthan Royals,J Botha,AL Menaria,JE Taylor,0,1,,,,1,,"",""
ball,2,9.5,Rajasthan Royals,AL Menaria,J Botha,JE Taylor,0,0,,,,,,"",""
ball,2,9.6,Rajasthan Royals,AL Menaria,J Botha,JE Taylor,6,0,,,,,,"",""
ball,2,10.1,Rajasthan Royals,J Botha,AL Menaria,R Sharma,0,0,,,,,,lbw,J Botha
ball,2,10.2,Rajasthan Royals,LRPL Taylor,AL Menaria,R Sharma,0,0,,,,,,"",""
ball,2,10.3,Rajasthan Royals,LRPL Taylor,AL Menaria,R Sharma,1,0,,,,,,"",""
ball,2,10.4,Rajasthan Royals,AL Menaria,LRPL Taylor,R Sharma,1,0,,,,,,"",""
ball,2,10.5,Rajasthan Royals,LRPL Taylor,AL Menaria,R Sharma,0,0,,,,,,"",""
ball,2,10.6,Rajasthan Royals,LRPL Taylor,AL Menaria,R Sharma,0,0,,,,,,"",""
ball,2,11.1,Rajasthan Royals,AL Menaria,LRPL Taylor,NL McCullum,0,0,,,,,,"",""
ball,2,11.2,Rajasthan Royals,AL Menaria,LRPL Taylor,NL McCullum,1,0,,,,,,"",""
ball,2,11.3,Rajasthan Royals,LRPL Taylor,AL Menaria,NL McCullum,0,0,,,,,,"",""
ball,2,11.4,Rajasthan Royals,LRPL Taylor,AL Menaria,NL McCullum,4,0,,,,,,"",""
ball,2,11.5,Rajasthan Royals,LRPL Taylor,AL Menaria,NL McCullum,1,0,,,,,,"",""
ball,2,11.6,Rajasthan Royals,AL Menaria,LRPL Taylor,NL McCullum,1,0,,,,,,"",""
ball,2,12.1,Rajasthan Royals,AL Menaria,LRPL Taylor,M Kartik,1,0,,,,,,"",""
ball,2,12.2,Rajasthan Royals,LRPL Taylor,AL Menaria,M Kartik,0,0,,,,,,"",""
ball,2,12.3,Rajasthan Royals,LRPL Taylor,AL Menaria,M Kartik,4,0,,,,,,"",""
ball,2,12.4,Rajasthan Royals,LRPL Taylor,AL Menaria,M Kartik,1,0,,,,,,"",""
ball,2,12.5,Rajasthan Royals,AL Menaria,LRPL Taylor,M Kartik,6,0,,,,,,"",""
ball,2,12.6,Rajasthan Royals,AL Menaria,LRPL Taylor,M Kartik,1,0,,,,,,"",""
ball,2,13.1,Rajasthan Royals,AL Menaria,LRPL Taylor,NL McCullum,0,0,,,,,,"",""
ball,2,13.2,Rajasthan Royals,AL Menaria,LRPL Taylor,NL McCullum,1,0,,,,,,"",""
ball,2,13.3,Rajasthan Royals,LRPL Taylor,AL Menaria,NL McCullum,1,0,,,,,,"",""
ball,2,13.4,Rajasthan Royals,AL Menaria,LRPL Taylor,NL McCullum,6,0,,,,,,"",""
ball,2,13.5,Rajasthan Royals,AL Menaria,LRPL Taylor,NL McCullum,1,0,,,,,,"",""
ball,2,13.6,Rajasthan Royals,LRPL Taylor,AL Menaria,NL McCullum,2,0,,,,,,"",""
ball,2,14.1,Rajasthan Royals,AL Menaria,LRPL Taylor,R Sharma,0,0,,,,,,caught,AL Menaria
ball,2,14.2,Rajasthan Royals,LRPL Taylor,AM Rahane,R Sharma,0,0,,,,,,"",""
ball,2,14.3,Rajasthan Royals,LRPL Taylor,AM Rahane,R Sharma,0,0,,,,,,"",""
ball,2,14.4,Rajasthan Royals,LRPL Taylor,AM Rahane,R Sharma,0,0,,,,,,"",""
ball,2,14.5,Rajasthan Royals,LRPL Taylor,AM Rahane,R Sharma,0,0,,,,,,"",""
ball,2,14.6,Rajasthan Royals,LRPL Taylor,AM Rahane,R Sharma,0,0,,,,,,"",""
ball,2,15.1,Rajasthan Royals,AM Rahane,LRPL Taylor,M Kartik,1,0,,,,,,"",""
ball,2,15.2,Rajasthan Royals,LRPL Taylor,AM Rahane,M Kartik,4,0,,,,,,"",""
ball,2,15.3,Rajasthan Royals,LRPL Taylor,AM Rahane,M Kartik,0,0,,,,,,"",""
ball,2,15.4,Rajasthan Royals,LRPL Taylor,AM Rahane,M Kartik,4,0,,,,,,"",""
ball,2,15.5,Rajasthan Royals,LRPL Taylor,AM Rahane,M Kartik,6,0,,,,,,"",""
ball,2,15.6,Rajasthan Royals,LRPL Taylor,AM Rahane,M Kartik,2,0,,,,,,"",""
ball,2,16.1,Rajasthan Royals,AM Rahane,LRPL Taylor,AC Thomas,1,0,,,,,,"",""
ball,2,16.2,Rajasthan Royals,LRPL Taylor,AM Rahane,AC Thomas,1,0,,,,,,"",""
ball,2,16.3,Rajasthan Royals,AM Rahane,LRPL Taylor,AC Thomas,1,0,,,,,,"",""
ball,2,16.4,Rajasthan Royals,LRPL Taylor,AM Rahane,AC Thomas,0,0,,,,,,"",""
ball,2,16.5,Rajasthan Royals,LRPL Taylor,AM Rahane,AC Thomas,2,0,,,,,,"",""
ball,2,16.6,Rajasthan Royals,LRPL Taylor,AM Rahane,AC Thomas,1,0,,,,,,"",""
ball,2,17.1,Rajasthan Royals,LRPL Taylor,AM Rahane,JE Taylor,2,0,,,,,,"",""
ball,2,17.2,Rajasthan Royals,LRPL Taylor,AM Rahane,JE Taylor,0,0,,,,,,"",""
ball,2,17.3,Rajasthan Royals,LRPL Taylor,AM Rahane,JE Taylor,0,2,,,2,,,"",""
ball,2,17.4,Rajasthan Royals,LRPL Taylor,AM Rahane,JE Taylor,1,0,,,,,,"",""
ball,2,17.5,Rajasthan Royals,AM Rahane,LRPL Taylor,JE Taylor,4,0,,,,,,"",""
ball,2,17.6,Rajasthan Royals,AM Rahane,LRPL Taylor,JE Taylor,1,0,,,,,,"",""
ball,2,18.1,Rajasthan Royals,AM Rahane,LRPL Taylor,AC Thomas,1,0,,,,,,"",""
ball,2,18.2,Rajasthan Royals,LRPL Taylor,AM Rahane,AC Thomas,0,1,1,,,,,"",""
ball,2,18.3,Rajasthan Royals,LRPL Taylor,AM Rahane,AC Thomas,6,0,,,,,,"",""
ball,2,18.4,Rajasthan Royals,LRPL Taylor,AM Rahane,AC Thomas,2,0,,,,,,"",""
ball,2,18.5,Rajasthan Royals,LRPL Taylor,AM Rahane,AC Thomas,1,0,,,,,,"",""
ball,2,18.6,Rajasthan Royals,AM Rahane,LRPL Taylor,AC Thomas,1,0,,,,,,"",""
ball,2,18.7,Rajasthan Royals,LRPL Taylor,AM Rahane,AC Thomas,1,0,,,,,,"",""
ball,2,19.1,Rajasthan Royals,LRPL Taylor,AM Rahane,JE Taylor,0,1,,,,1,,"",""
ball,2,19.2,Rajasthan Royals,AM Rahane,LRPL Taylor,JE Taylor,4,0,,,,,,"",""
ball,2,19.3,Rajasthan Royals,AM Rahane,LRPL Taylor,JE Taylor,1,0,,,,,,"",""
