version,1.6.0
info,balls_per_over,6
info,team,Delhi Daredevils
info,team,Royal Challengers Bangalore
info,gender,male
info,season,2011
info,date,2011/04/26
info,event,Indian Premier League
info,match_number,30
info,venue,Feroz Shah Kotla
info,city,Delhi
info,toss_winner,Royal Challengers Bangalore
info,toss_decision,field
info,player_of_match,V Kohli
info,umpire,S Asnani
info,umpire,RJ Tucker
info,reserve_umpire,A Chaudhary
info,tv_umpire,PR Reiffel
info,match_referee,J Srinath
info,winner,Royal Challengers Bangalore
info,winner_wickets,3
info,player,Delhi Daredevils,DA Warner
info,player,Delhi Daredevils,V Sehwag
info,player,Delhi Daredevils,JR Hopes
info,player,Delhi Daredevils,MS Wade
info,player,Delhi Daredevils,Y Venugopal Rao
info,player,Delhi Daredevils,NV Ojha
info,player,Delhi Daredevils,IK Pathan
info,player,Delhi Daredevils,Y Nagar
info,player,Delhi Daredevils,M Morkel
info,player,Delhi Daredevils,AB Dinda
info,player,Delhi Daredevils,UT Yadav
info,player,Royal Challengers Bangalore,CH Gayle
info,player,Royal Challengers Bangalore,TM Dilshan
info,player,Royal Challengers Bangalore,V Kohli
info,player,Royal Challengers Bangalore,AB de Villiers
info,player,Royal Challengers Bangalore,SS Tiwary
info,player,Royal Challengers Bangalore,CA Pujara
info,player,Royal Challengers Bangalore,DL Vettori
info,player,Royal Challengers Bangalore,A Mithun
info,player,Royal Challengers Bangalore,J Syed Mohammad
info,player,Royal Challengers Bangalore,Z Khan
info,player,Royal Challengers Bangalore,S Aravind
info,registry,people,A Chaudhary,ffead9c2
info,registry,people,A Mithun,66cf56a5
info,registry,people,AB Dinda,66b30f71
info,registry,people,AB de Villiers,c4487b84
info,registry,people,CA Pujara,d4f9dbd4
info,registry,people,CH Gayle,db584dad
info,registry,people,DA Warner,dcce6f09
info,registry,people,DL Vettori,d7c6af50
info,registry,people,IK Pathan,5fa06777
info,registry,people,J Srinath,bad31fac
info,registry,people,J Syed Mohammad,c64c2443
info,registry,people,JR Hopes,2498e163
info,registry,people,M Morkel,5bb5a915
info,registry,people,MS Wade,afa7e784
info,registry,people,NV Ojha,890946a0
info,registry,people,PR Reiffel,c9354f29
info,registry,people,RJ Tucker,38810cfc
info,registry,people,S Aravind,957532de
info,registry,people,S Asnani,b04524bc
info,registry,people,SS Tiwary,709b0bac
info,registry,people,TM Dilshan,5bdcdb72
info,registry,people,UT Yadav,cc1e8c68
info,registry,people,V Kohli,ba607b88
info,registry,people,V Sehwag,8ba8195d
info,registry,people,Y Nagar,662c47a6
info,registry,people,Y Venugopal Rao,fe763256
info,registry,people,Z Khan,91a4a398
ball,1,0.1,Delhi Daredevils,DA Warner,V Sehwag,Z Khan,0,0,,,,,,"",""
ball,1,0.2,Delhi Daredevils,DA Warner,V Sehwag,Z Khan,0,1,,,,1,,"",""
ball,1,0.3,Delhi Daredevils,V Sehwag,DA Warner,Z Khan,4,0,,,,,,"",""
ball,1,0.4,Delhi Daredevils,V Sehwag,DA Warner,Z Khan,0,0,,,,,,"",""
ball,1,0.5,Delhi Daredevils,V Sehwag,DA Warner,Z Khan,1,0,,,,,,"",""
ball,1,0.6,Delhi Daredevils,DA Warner,V Sehwag,Z Khan,0,0,,,,,,"",""
ball,1,1.1,Delhi Daredevils,V Sehwag,DA Warner,S Aravind,2,0,,,,,,"",""
ball,1,1.2,Delhi Daredevils,V Sehwag,DA Warner,S Aravind,2,0,,,,,,"",""
ball,1,1.3,Delhi Daredevils,V Sehwag,DA Warner,S Aravind,4,0,,,,,,"",""
ball,1,1.4,Delhi Daredevils,V Sehwag,DA Warner,S Aravind,2,0,,,,,,"",""
ball,1,1.5,Delhi Daredevils,V Sehwag,DA Warner,S Aravind,0,0,,,,,,"",""
ball,1,1.6,Delhi Daredevils,V Sehwag,DA Warner,S Aravind,0,0,,,,,,"",""
ball,1,2.1,Delhi Daredevils,DA Warner,V Sehwag,Z Khan,0,1,1,,,,,"",""
ball,1,2.2,Delhi Daredevils,DA Warner,V Sehwag,Z Khan,1,0,,,,,,"",""
ball,1,2.3,Delhi Daredevils,V Sehwag,DA Warner,Z Khan,4,0,,,,,,"",""
ball,1,2.4,Delhi Daredevils,V Sehwag,DA Warner,Z Khan,0,0,,,,,,"",""
ball,1,2.5,Delhi Daredevils,V Sehwag,DA Warner,Z Khan,0,0,,,,,,"",""
ball,1,2.6,Delhi Daredevils,V Sehwag,DA Warner,Z Khan,1,0,,,,,,"",""
ball,1,2.7,Delhi Daredevils,DA Warner,V Sehwag,Z Khan,1,0,,,,,,"",""
ball,1,3.1,Delhi Daredevils,DA Warner,V Sehwag,S Aravind,0,0,,,,,,"",""
ball,1,3.2,Delhi Daredevils,DA Warner,V Sehwag,S Aravind,1,0,,,,,,"",""
ball,1,3.3,Delhi Daredevils,V Sehwag,DA Warner,S Aravind,2,0,,,,,,"",""
ball,1,3.4,Delhi Daredevils,V Sehwag,DA Warner,S Aravind,1,0,,,,,,"",""
ball,1,3.5,Delhi Daredevils,DA Warner,V Sehwag,S Aravind,0,0,,,,,,"",""
ball,1,3.6,Delhi Daredevils,DA Warner,V Sehwag,S Aravind,0,1,,,,1,,"",""
ball,1,4.1,Delhi Daredevils,DA Warner,V Sehwag,Z Khan,4,0,,,,,,"",""
ball,1,4.2,Delhi Daredevils,DA Warner,V Sehwag,Z Khan,0,0,,,,,,bowled,DA Warner
ball,1,4.3,Delhi Daredevils,JR Hopes,V Sehwag,Z Khan,0,0,,,,,,"",""
ball,1,4.4,Delhi Daredevils,JR Hopes,V Sehwag,Z Khan,0,0,,,,,,"",""
ball,1,4.5,Delhi Daredevils,JR Hopes,V Sehwag,Z Khan,1,0,,,,,,"",""
ball,1,4.6,Delhi Daredevils,V Sehwag,JR Hopes,Z Khan,0,0,,,,,,"",""
ball,1,5.1,Delhi Daredevils,JR Hopes,V Sehwag,S Aravind,0,0,,,,,,"",""
ball,1,5.2,Delhi Daredevils,JR Hopes,V Sehwag,S Aravind,0,0,,,,,,"",""
ball,1,5.3,Delhi Daredevils,JR Hopes,V Sehwag,S Aravind,4,0,,,,,,"",""
ball,1,5.4,Delhi Daredevils,JR Hopes,V Sehwag,S Aravind,2,0,,,,,,"",""
ball,1,5.5,Delhi Daredevils,JR Hopes,V Sehwag,S Aravind,1,0,,,,,,"",""
ball,1,5.6,Delhi Daredevils,V Sehwag,JR Hopes,S Aravind,1,0,,,,,,"",""
ball,1,6.1,Delhi Daredevils,V Sehwag,JR Hopes,DL Vettori,1,0,,,,,,"",""
ball,1,6.2,Delhi Daredevils,JR Hopes,V Sehwag,DL Vettori,0,0,,,,,,run out,V Sehwag
ball,1,6.3,Delhi Daredevils,MS Wade,JR Hopes,DL Vettori,1,0,,,,,,"",""
ball,1,6.4,Delhi Daredevils,JR Hopes,MS Wade,DL Vettori,1,0,,,,,,"",""
ball,1,6.5,Delhi Daredevils,MS Wade,JR Hopes,DL Vettori,0,0,,,,,,"",""
ball,1,6.6,Delhi Daredevils,MS Wade,JR Hopes,DL Vettori,1,0,,,,,,"",""
ball,1,7.1,Delhi Daredevils,MS Wade,JR Hopes,CH Gayle,1,0,,,,,,"",""
ball,1,7.2,Delhi Daredevils,JR Hopes,MS Wade,CH Gayle,4,0,,,,,,"",""
ball,1,7.3,Delhi Daredevils,JR Hopes,MS Wade,CH Gayle,4,0,,,,,,"",""
ball,1,7.4,Delhi Daredevils,JR Hopes,MS Wade,CH Gayle,0,0,,,,,,"",""
ball,1,7.5,Delhi Daredevils,JR Hopes,MS Wade,CH Gayle,2,0,,,,,,"",""
ball,1,7.6,Delhi Daredevils,JR Hopes,MS Wade,CH Gayle,0,0,,,,,,"",""
ball,1,8.1,Delhi Daredevils,MS Wade,JR Hopes,DL Vettori,1,0,,,,,,"",""
ball,1,8.2,Delhi Daredevils,JR Hopes,MS Wade,DL Vettori,0,0,,,,,,"",""
ball,1,8.3,Delhi Daredevils,JR Hopes,MS Wade,DL Vettori,1,0,,,,,,"",""
ball,1,8.4,Delhi Daredevils,MS Wade,JR Hopes,DL Vettori,1,0,,,,,,"",""
ball,1,8.5,Delhi Daredevils,JR Hopes,MS Wade,DL Vettori,4,0,,,,,,"",""
ball,1,8.6,Delhi Daredevils,JR Hopes,MS Wade,DL Vettori,0,0,,,,,,"",""
ball,1,9.1,Delhi Daredevils,MS Wade,JR Hopes,A Mithun,2,0,,,,,,"",""
ball,1,9.2,Delhi Daredevils,MS Wade,JR Hopes,A Mithun,1,0,,,,,,"",""
ball,1,9.3,Delhi Daredevils,JR Hopes,MS Wade,A Mithun,1,0,,,,,,"",""
ball,1,9.4,Delhi Daredevils,MS Wade,JR Hopes,A Mithun,0,0,,,,,,bowled,MS Wade
ball,1,9.5,Delhi Daredevils,Y Venugopal Rao,JR Hopes,A Mithun,0,0,,,,,,"",""
ball,1,9.6,Delhi Daredevils,Y Venugopal Rao,JR Hopes,A Mithun,1,0,,,,,,"",""
ball,1,10.1,Delhi Daredevils,Y Venugopal Rao,JR Hopes,J Syed Mohammad,1,0,,,,,,"",""
ball,1,10.2,Delhi Daredevils,JR Hopes,Y Venugopal Rao,J Syed Mohammad,0,0,,,,,,"",""
ball,1,10.3,Delhi Daredevils,JR Hopes,Y Venugopal Rao,J Syed Mohammad,1,0,,,,,,"",""
ball,1,10.4,Delhi Daredevils,Y Venugopal Rao,JR Hopes,J Syed Mohammad,1,0,,,,,,"",""
ball,1,10.5,Delhi Daredevils,JR Hopes,Y Venugopal Rao,J Syed Mohammad,1,0,,,,,,"",""
ball,1,10.6,Delhi Daredevils,Y Venugopal Rao,JR Hopes,J Syed Mohammad,1,0,,,,,,"",""
ball,1,11.1,Delhi Daredevils,Y Venugopal Rao,JR Hopes,A Mithun,0,1,,1,,,,"",""
ball,1,11.2,Delhi Daredevils,Y Venugopal Rao,JR Hopes,A Mithun,4,0,,,,,,"",""
ball,1,11.3,Delhi Daredevils,Y Venugopal Rao,JR Hopes,A Mithun,0,0,,,,,,"",""
ball,1,11.4,Delhi Daredevils,Y Venugopal Rao,JR Hopes,A Mithun,1,0,,,,,,"",""
ball,1,11.5,Delhi Daredevils,JR Hopes,Y Venugopal Rao,A Mithun,1,0,,,,,,"",""
ball,1,11.6,Delhi Daredevils,Y Venugopal Rao,JR Hopes,A Mithun,4,0,,,,,,"",""
ball,1,11.7,Delhi Daredevils,Y Venugopal Rao,JR Hopes,A Mithun,0,0,,,,,,"",""
ball,1,12.1,Delhi Daredevils,JR Hopes,Y Venugopal Rao,J Syed Mohammad,1,0,,,,,,"",""
ball,1,12.2,Delhi Daredevils,Y Venugopal Rao,JR Hopes,J Syed Mohammad,0,0,,,,,,"",""
ball,1,12.3,Delhi Daredevils,Y Venugopal Rao,JR Hopes,J Syed Mohammad,1,0,,,,,,"",""
ball,1,12.4,Delhi Daredevils,JR Hopes,Y Venugopal Rao,J Syed Mohammad,4,0,,,,,,"",""
ball,1,12.5,Delhi Daredevils,JR Hopes,Y Venugopal Rao,J Syed Mohammad,4,0,,,,,,"",""
ball,1,12.6,Delhi Daredevils,JR Hopes,Y Venugopal Rao,J Syed Mohammad,2,0,,,,,,"",""
ball,1,13.1,Delhi Daredevils,Y Venugopal Rao,JR Hopes,DL Vettori,1,0,,,,,,"",""
ball,1,13.2,Delhi Daredevils,JR Hopes,Y Venugopal Rao,DL Vettori,0,1,1,,,,,"",""
ball,1,13.3,Delhi Daredevils,JR Hopes,Y Venugopal Rao,DL Vettori,2,0,,,,,,"",""
ball,1,13.4,Delhi Daredevils,JR Hopes,Y Venugopal Rao,DL Vettori,1,0,,,,,,"",""
ball,1,13.5,Delhi Daredevils,Y Venugopal Rao,JR Hopes,DL Vettori,1,0,,,,,,"",""
ball,1,13.6,Delhi Daredevils,JR Hopes,Y Venugopal Rao,DL Vettori,1,0,,,,,,"",""
ball,1,13.7,Delhi Daredevils,Y Venugopal Rao,JR Hopes,DL Vettori,0,1,,,,1,,"",""
ball,1,14.1,Delhi Daredevils,Y Venugopal Rao,JR Hopes,A Mithun,6,0,,,,,,"",""
ball,1,14.2,Delhi Daredevils,Y Venugopal Rao,JR Hopes,A Mithun,1,0,,,,,,"",""
ball,1,14.3,Delhi Daredevils,JR Hopes,Y Venugopal Rao,A Mithun,0,0,,,,,,"",""
ball,1,14.4,Delhi Daredevils,JR Hopes,Y Venugopal Rao,A Mithun,0,1,,1,,,,"",""
ball,1,14.5,Delhi Daredevils,JR Hopes,Y Venugopal Rao,A Mithun,1,0,,,,,,"",""
ball,1,14.6,Delhi Daredevils,Y Venugopal Rao,JR Hopes,A Mithun,0,0,,,,,,"",""
ball,1,14.7,Delhi Daredevils,Y Venugopal Rao,JR Hopes,A Mithun,1,0,,,,,,"",""
ball,1,15.1,Delhi Daredevils,Y Venugopal Rao,JR Hopes,DL Vettori,0,0,,,,,,bowled,Y Venugopal Rao
ball,1,15.2,Delhi Daredevils,NV Ojha,JR Hopes,DL Vettori,0,0,,,,,,"",""
ball,1,15.3,Delhi Daredevils,NV Ojha,JR Hopes,DL Vettori,0,0,,,,,,"",""
ball,1,15.4,Delhi Daredevils,NV Ojha,JR Hopes,DL Vettori,0,0,,,,,,"",""
ball,1,15.5,Delhi Daredevils,NV Ojha,JR Hopes,DL Vettori,6,0,,,,,,"",""
ball,1,15.6,Delhi Daredevils,NV Ojha,JR Hopes,DL Vettori,1,0,,,,,,"",""
ball,1,16.1,Delhi Daredevils,NV Ojha,JR Hopes,Z Khan,1,0,,,,,,"",""
ball,1,16.2,Delhi Daredevils,JR Hopes,NV Ojha,Z Khan,0,1,1,,,,,"",""
ball,1,16.3,Delhi Daredevils,JR Hopes,NV Ojha,Z Khan,0,0,,,,,,"",""
ball,1,16.4,Delhi Daredevils,JR Hopes,NV Ojha,Z Khan,0,0,,,,,,"",""
ball,1,16.5,Delhi Daredevils,JR Hopes,NV Ojha,Z Khan,1,0,,,,,,"",""
ball,1,16.6,Delhi Daredevils,NV Ojha,JR Hopes,Z Khan,0,0,,,,,,"",""
ball,1,16.7,Delhi Daredevils,NV Ojha,JR Hopes,Z Khan,6,0,,,,,,"",""
ball,1,17.1,Delhi Daredevils,JR Hopes,NV Ojha,CH Gayle,4,0,,,,,,"",""
ball,1,17.2,Delhi Daredevils,JR Hopes,NV Ojha,CH Gayle,1,0,,,,,,"",""
ball,1,17.3,Delhi Daredevils,NV Ojha,JR Hopes,CH Gayle,1,0,,,,,,"",""
ball,1,17.4,Delhi Daredevils,JR Hopes,NV Ojha,CH Gayle,1,0,,,,,,"",""
ball,1,17.5,Delhi Daredevils,NV Ojha,JR Hopes,CH Gayle,1,0,,,,,,"",""
ball,1,17.6,Delhi Daredevils,JR Hopes,NV Ojha,CH Gayle,1,0,,,,,,"",""
ball,1,18.1,Delhi Daredevils,JR Hopes,NV Ojha,A Mithun,2,0,,,,,,"",""
ball,1,18.2,Delhi Daredevils,JR Hopes,NV Ojha,A Mithun,0,0,,,,,,caught,JR Hopes
ball,1,18.3,Delhi Daredevils,IK Pathan,NV Ojha,A Mithun,0,1,1,,,,,"",""
ball,1,18.4,Delhi Daredevils,IK Pathan,NV Ojha,A Mithun,0,1,1,,,,,"",""
ball,1,18.5,Delhi Daredevils,IK Pathan,NV Ojha,A Mithun,6,0,,,,,,"",""
ball,1,18.6,Delhi Daredevils,IK Pathan,NV Ojha,A Mithun,0,0,,,,,,"",""
ball,1,18.7,Delhi Daredevils,IK Pathan,NV Ojha,A Mithun,0,1,1,,,,,"",""
ball,1,18.8,Delhi Daredevils,IK Pathan,NV Ojha,A Mithun,0,0,,,,,,"",""
ball,1,18.9,Delhi Daredevils,IK Pathan,NV Ojha,A Mithun,0,0,,,,,,"",""
ball,1,19.1,Delhi Daredevils,NV Ojha,IK Pathan,S Aravind,0,0,,,,,,caught,NV Ojha
ball,1,19.2,Delhi Daredevils,IK Pathan,Y Nagar,S Aravind,0,0,,,,,,"",""
ball,1,19.3,Delhi Daredevils,IK Pathan,Y Nagar,S Aravind,6,0,,,,,,"",""
ball,1,19.4,Delhi Daredevils,IK Pathan,Y Nagar,S Aravind,1,0,,,,,,"",""
ball,1,19.5,Delhi Daredevils,Y Nagar,IK Pathan,S Aravind,0,1,1,,,,,"",""
ball,1,19.6,Delhi Daredevils,Y Nagar,IK Pathan,S Aravind,0,0,,,,,,"",""
ball,1,19.7,Delhi Daredevils,Y Nagar,IK Pathan,S Aravind,0,1,,,,1,,"",""
ball,2,0.1,Royal Challengers Bangalore,CH Gayle,TM Dilshan,AB Dinda,0,1,,,,1,,"",""
ball,2,0.2,Royal Challengers Bangalore,TM Dilshan,CH Gayle,AB Dinda,0,0,,,,,,caught,TM Dilshan
ball,2,0.3,Royal Challengers Bangalore,V Kohli,CH Gayle,AB Dinda,0,0,,,,,,"",""
ball,2,0.4,Royal Challengers Bangalore,V Kohli,CH Gayle,AB Dinda,4,0,,,,,,"",""
ball,2,0.5,Royal Challengers Bangalore,V Kohli,CH Gayle,AB Dinda,4,0,,,,,,"",""
ball,2,0.6,Royal Challengers Bangalore,V Kohli,CH Gayle,AB Dinda,1,0,,,,,,"",""
ball,2,1.1,Royal Challengers Bangalore,V Kohli,CH Gayle,IK Pathan,4,0,,,,,,"",""
ball,2,1.2,Royal Challengers Bangalore,V Kohli,CH Gayle,IK Pathan,4,0,,,,,,"",""
ball,2,1.3,Royal Challengers Bangalore,V Kohli,CH Gayle,IK Pathan,0,0,,,,,,"",""
ball,2,1.4,Royal Challengers Bangalore,V Kohli,CH Gayle,IK Pathan,4,0,,,,,,"",""
ball,2,1.5,Royal Challengers Bangalore,V Kohli,CH Gayle,IK Pathan,0,0,,,,,,"",""
ball,2,1.6,Royal Challengers Bangalore,V Kohli,CH Gayle,IK Pathan,4,0,,,,,,"",""
ball,2,2.1,Royal Challengers Bangalore,CH Gayle,V Kohli,AB Dinda,0,0,,,,,,"",""
ball,2,2.2,Royal Challengers Bangalore,CH Gayle,V Kohli,AB Dinda,1,0,,,,,,"",""
ball,2,2.3,Royal Challengers Bangalore,V Kohli,CH Gayle,AB Dinda,0,1,1,,,,,"",""
ball,2,2.4,Royal Challengers Bangalore,V Kohli,CH Gayle,AB Dinda,0,0,,,,,,"",""
ball,2,2.5,Royal Challengers Bangalore,V Kohli,CH Gayle,AB Dinda,0,5,5,,,,,"",""
ball,2,2.6,Royal Challengers Bangalore,V Kohli,CH Gayle,AB Dinda,0,0,,,,,,"",""
ball,2,2.7,Royal Challengers Bangalore,V Kohli,CH Gayle,AB Dinda,0,0,,,,,,"",""
ball,2,2.8,Royal Challengers Bangalore,V Kohli,CH Gayle,AB Dinda,0,0,,,,,,"",""
ball,2,3.1,Royal Challengers Bangalore,CH Gayle,V Kohli,M Morkel,1,0,,,,,,"",""
ball,2,3.2,Royal Challengers Bangalore,V Kohli,CH Gayle,M Morkel,0,0,,,,,,"",""
ball,2,3.3,Royal Challengers Bangalore,V Kohli,CH Gayle,M Morkel,0,1,,,,1,,"",""
ball,2,3.4,Royal Challengers Bangalore,CH Gayle,V Kohli,M Morkel,0,0,,,,,,"",""
ball,2,3.5,Royal Challengers Bangalore,CH Gayle,V Kohli,M Morkel,4,0,,,,,,"",""
ball,2,3.6,Royal Challengers Bangalore,CH Gayle,V Kohli,M Morkel,6,0,,,,,,"",""
ball,2,4.1,Royal Challengers Bangalore,V Kohli,CH Gayle,AB Dinda,1,0,,,,,,"",""
ball,2,4.2,Royal Challengers Bangalore,CH Gayle,V Kohli,AB Dinda,4,0,,,,,,"",""
ball,2,4.3,Royal Challengers Bangalore,CH Gayle,V Kohli,AB Dinda,1,0,,,,,,"",""
ball,2,4.4,Royal Challengers Bangalore,V Kohli,CH Gayle,AB Dinda,6,0,,,,,,"",""
ball,2,4.5,Royal Challengers Bangalore,V Kohli,CH Gayle,AB Dinda,1,0,,,,,,"",""
ball,2,4.6,Royal Challengers Bangalore,CH Gayle,V Kohli,AB Dinda,4,0,,,,,,"",""
ball,2,5.1,Royal Challengers Bangalore,V Kohli,CH Gayle,M Morkel,0,0,,,,,,"",""
ball,2,5.2,Royal Challengers Bangalore,V Kohli,CH Gayle,M Morkel,0,0,,,,,,"",""
ball,2,5.3,Royal Challengers Bangalore,V Kohli,CH Gayle,M Morkel,0,0,,,,,,"",""
ball,2,5.4,Royal Challengers Bangalore,V Kohli,CH Gayle,M Morkel,1,0,,,,,,"",""
ball,2,5.5,Royal Challengers Bangalore,CH Gayle,V Kohli,M Morkel,1,0,,,,,,"",""
ball,2,5.6,Royal Challengers Bangalore,V Kohli,CH Gayle,M Morkel,1,0,,,,,,"",""
ball,2,6.1,Royal Challengers Bangalore,V Kohli,CH Gayle,UT Yadav,1,0,,,,,,"",""
ball,2,6.2,Royal Challengers Bangalore,CH Gayle,V Kohli,UT Yadav,0,1,,,,1,,"",""
ball,2,6.3,Royal Challengers Bangalore,V Kohli,CH Gayle,UT Yadav,4,0,,,,,,"",""
ball,2,6.4,Royal Challengers Bangalore,V Kohli,CH Gayle,UT Yadav,0,0,,,,,,"",""
ball,2,6.5,Royal Challengers Bangalore,V Kohli,CH Gayle,UT Yadav,6,0,,,,,,"",""
ball,2,6.6,Royal Challengers Bangalore,V Kohli,CH Gayle,UT Yadav,1,0,,,,,,"",""
ball,2,7.1,Royal Challengers Bangalore,V Kohli,CH Gayle,JR Hopes,1,0,,,,,,"",""
ball,2,7.2,Royal Challengers Bangalore,CH Gayle,V Kohli,JR Hopes,4,0,,,,,,"",""
ball,2,7.3,Royal Challengers Bangalore,CH Gayle,V Kohli,JR Hopes,0,0,,,,,,caught,CH Gayle
ball,2,7.4,Royal Challengers Bangalore,V Kohli,AB de Villiers,JR Hopes,4,0,,,,,,"",""
ball,2,7.5,Royal Challengers Bangalore,V Kohli,AB de Villiers,JR Hopes,0,0,,,,,,"",""
ball,2,7.6,Royal Challengers Bangalore,V Kohli,AB de Villiers,JR Hopes,1,0,,,,,,"",""
ball,2,8.1,Royal Challengers Bangalore,V Kohli,AB de Villiers,UT Yadav,1,0,,,,,,"",""
ball,2,8.2,Royal Challengers Bangalore,AB de Villiers,V Kohli,UT Yadav,4,0,,,,,,"",""
ball,2,8.3,Royal Challengers Bangalore,AB de Villiers,V Kohli,UT Yadav,1,0,,,,,,"",""
ball,2,8.4,Royal Challengers Bangalore,V Kohli,AB de Villiers,UT Yadav,0,0,,,,,,"",""
ball,2,8.5,Royal Challengers Bangalore,V Kohli,AB de Villiers,UT Yadav,1,0,,,,,,run out,AB de Villiers
ball,2,8.6,Royal Challengers Bangalore,V Kohli,SS Tiwary,UT Yadav,1,0,,,,,,"",""
ball,2,9.1,Royal Challengers Bangalore,V Kohli,SS Tiwary,M Morkel,0,0,,,,,,bowled,V Kohli
ball,2,9.2,Royal Challengers Bangalore,CA Pujara,SS Tiwary,M Morkel,0,0,,,,,,"",""
ball,2,9.3,Royal Challengers Bangalore,CA Pujara,SS Tiwary,M Morkel,0,0,,,,,,"",""
ball,2,9.4,Royal Challengers Bangalore,CA Pujara,SS Tiwary,M Morkel,0,0,,,,,,"",""
ball,2,9.5,Royal Challengers Bangalore,CA Pujara,SS Tiwary,M Morkel,1,0,,,,,,"",""
ball,2,9.6,Royal Challengers Bangalore,SS Tiwary,CA Pujara,M Morkel,0,0,,,,,,"",""
ball,2,10.1,Royal Challengers Bangalore,CA Pujara,SS Tiwary,JR Hopes,1,0,,,,,,"",""
ball,2,10.2,Royal Challengers Bangalore,SS Tiwary,CA Pujara,JR Hopes,1,0,,,,,,"",""
ball,2,10.3,Royal Challengers Bangalore,CA Pujara,SS Tiwary,JR Hopes,0,0,,,,,,"",""
ball,2,10.4,Royal Challengers Bangalore,CA Pujara,SS Tiwary,JR Hopes,1,0,,,,,,"",""
ball,2,10.5,Royal Challengers Bangalore,SS Tiwary,CA Pujara,JR Hopes,1,0,,,,,,"",""
ball,2,10.6,Royal Challengers Bangalore,CA Pujara,SS Tiwary,JR Hopes,1,0,,,,,,"",""
ball,2,11.1,Royal Challengers Bangalore,CA Pujara,SS Tiwary,IK Pathan,1,0,,,,,,"",""
ball,2,11.2,Royal Challengers Bangalore,SS Tiwary,CA Pujara,IK Pathan,0,0,,,,,,"",""
ball,2,11.3,Royal Challengers Bangalore,SS Tiwary,CA Pujara,IK Pathan,1,0,,,,,,"",""
ball,2,11.4,Royal Challengers Bangalore,CA Pujara,SS Tiwary,IK Pathan,1,0,,,,,,"",""
ball,2,11.5,Royal Challengers Bangalore,SS Tiwary,CA Pujara,IK Pathan,0,0,,,,,,"",""
ball,2,11.6,Royal Challengers Bangalore,SS Tiwary,CA Pujara,IK Pathan,0,0,,,,,,"",""
ball,2,12.1,Royal Challengers Bangalore,CA Pujara,SS Tiwary,Y Nagar,1,0,,,,,,"",""
ball,2,12.2,Royal Challengers Bangalore,SS Tiwary,CA Pujara,Y Nagar,1,0,,,,,,"",""
ball,2,12.3,Royal Challengers Bangalore,CA Pujara,SS Tiwary,Y Nagar,0,0,,,,,,caught,CA Pujara
ball,2,12.4,Royal Challengers Bangalore,SS Tiwary,DL Vettori,Y Nagar,1,0,,,,,,"",""
ball,2,12.5,Royal Challengers Bangalore,DL Vettori,SS Tiwary,Y Nagar,0,0,,,,,,"",""
ball,2,12.6,Royal Challengers Bangalore,DL Vettori,SS Tiwary,Y Nagar,0,0,,,,,,"",""
ball,2,13.1,Royal Challengers Bangalore,SS Tiwary,DL Vettori,JR Hopes,0,0,,,,,,"",""
ball,2,13.2,Royal Challengers Bangalore,SS Tiwary,DL Vettori,JR Hopes,0,0,,,,,,"",""
ball,2,13.3,Royal Challengers Bangalore,SS Tiwary,DL Vettori,JR Hopes,0,1,,,,1,,"",""
ball,2,13.4,Royal Challengers Bangalore,DL Vettori,SS Tiwary,JR Hopes,0,0,,,,,,"",""
ball,2,13.5,Royal Challengers Bangalore,DL Vettori,SS Tiwary,JR Hopes,0,0,,,,,,"",""
ball,2,13.6,Royal Challengers Bangalore,DL Vettori,SS Tiwary,JR Hopes,1,0,,,,,,"",""
ball,2,14.1,Royal Challengers Bangalore,DL Vettori,SS Tiwary,UT Yadav,0,0,,,,,,"",""
ball,2,14.2,Royal Challengers Bangalore,DL Vettori,SS Tiwary,UT Yadav,1,0,,,,,,"",""
ball,2,14.3,Royal Challengers Bangalore,SS Tiwary,DL Vettori,UT Yadav,1,0,,,,,,"",""
ball,2,14.4,Royal Challengers Bangalore,DL Vettori,SS Tiwary,UT Yadav,1,0,,,,,,"",""
ball,2,14.5,Royal Challengers Bangalore,SS Tiwary,DL Vettori,UT Yadav,4,0,,,,,,"",""
ball,2,14.6,Royal Challengers Bangalore,SS Tiwary,DL Vettori,UT Yadav,0,0,,,,,,"",""
ball,2,15.1,Royal Challengers Bangalore,DL Vettori,SS Tiwary,IK Pathan,0,0,,,,,,"",""
ball,2,15.2,Royal Challengers Bangalore,DL Vettori,SS Tiwary,IK Pathan,6,0,,,,,,"",""
ball,2,15.3,Royal Challengers Bangalore,DL Vettori,SS Tiwary,IK Pathan,0,1,,,1,,,"",""
ball,2,15.4,Royal Challengers Bangalore,SS Tiwary,DL Vettori,IK Pathan,1,0,,,,,,"",""
ball,2,15.5,Royal Challengers Bangalore,DL Vettori,SS Tiwary,IK Pathan,0,4,,,4,,,"",""
ball,2,15.6,Royal Challengers Bangalore,DL Vettori,SS Tiwary,IK Pathan,0,0,,,,,,"",""
ball,2,16.1,Royal Challengers Bangalore,SS Tiwary,DL Vettori,M Morkel,6,0,,,,,,"",""
ball,2,16.2,Royal Challengers Bangalore,SS Tiwary,DL Vettori,M Morkel,0,1,,1,,,,"",""
ball,2,16.3,Royal Challengers Bangalore,SS Tiwary,DL Vettori,M Morkel,1,0,,,,,,"",""
ball,2,16.4,Royal Challengers Bangalore,DL Vettori,SS Tiwary,M Morkel,0,1,1,,,,,"",""
ball,2,16.5,Royal Challengers Bangalore,DL Vettori,SS Tiwary,M Morkel,1,0,,,,,,"",""
ball,2,16.6,Royal Challengers Bangalore,SS Tiwary,DL Vettori,M Morkel,0,0,,,,,,caught,SS Tiwary
ball,2,16.7,Royal Challengers Bangalore,A Mithun,DL Vettori,M Morkel,0,0,,,,,,"",""
ball,2,16.8,Royal Challengers Bangalore,A Mithun,DL Vettori,M Morkel,0,0,,,,,,caught,A Mithun
ball,2,17.1,Royal Challengers Bangalore,J Syed Mohammad,DL Vettori,UT Yadav,0,0,,,,,,"",""
ball,2,17.2,Royal Challengers Bangalore,J Syed Mohammad,DL Vettori,UT Yadav,0,0,,,,,,"",""
ball,2,17.3,Royal Challengers Bangalore,J Syed Mohammad,DL Vettori,UT Yadav,1,0,,,,,,"",""
ball,2,17.4,Royal Challengers Bangalore,DL Vettori,J Syed Mohammad,UT Yadav,1,0,,,,,,"",""
ball,2,17.5,Royal Challengers Bangalore,J Syed Mohammad,DL Vettori,UT Yadav,4,0,,,,,,"",""
ball,2,17.6,Royal Challengers Bangalore,J Syed Mohammad,DL Vettori,UT Yadav,4,0,,,,,,"",""
ball,2,18.1,Royal Challengers Bangalore,DL Vettori,J Syed Mohammad,JR Hopes,0,1,1,,,,,"",""
ball,2,18.2,Royal Challengers Bangalore,DL Vettori,J Syed Mohammad,JR Hopes,1,0,,,,,,"",""
ball,2,18.3,Royal Challengers Bangalore,J Syed Mohammad,DL Vettori,JR Hopes,1,0,,,,,,"",""
ball,2,18.4,Royal Challengers Bangalore,DL Vettori,J Syed Mohammad,JR Hopes,4,0,,,,,,"",""
ball,2,18.5,Royal Challengers Bangalore,DL Vettori,J Syed Mohammad,JR Hopes,1,0,,,,,,"",""
ball,2,18.6,Royal Challengers Bangalore,J Syed Mohammad,DL Vettori,JR Hopes,0,0,,,,,,"",""
ball,2,18.7,Royal Challengers Bangalore,J Syed Mohammad,DL Vettori,JR Hopes,1,0,,,,,,"",""
ball,2,19.1,Royal Challengers Bangalore,J Syed Mohammad,DL Vettori,AB Dinda,1,0,,,,,,"",""
ball,2,19.2,Royal Challengers Bangalore,DL Vettori,J Syed Mohammad,AB Dinda,1,0,,,,,,"",""
ball,2,19.3,Royal Challengers Bangalore,J Syed Mohammad,DL Vettori,AB Dinda,1,0,,,,,,"",""
