version,1.6.0
info,balls_per_over,6
info,team,Rajasthan Royals
info,team,Kochi Tuskers Kerala
info,gender,male
info,season,2011
info,date,2011/04/24
info,event,Indian Premier League
info,match_number,28
info,venue,Sawai Mansingh Stadium
info,city,Jaipur
info,toss_winner,Rajasthan Royals
info,toss_decision,field
info,player_of_match,SK Warne
info,umpire,BR Doctrove
info,umpire,SK Tarapore
info,reserve_umpire,R Subramanian
info,tv_umpire,S Ravi
info,match_referee,D Govindjee
info,winner,Rajasthan Royals
info,winner_wickets,8
info,player,Kochi Tuskers Kerala,DPMD Jayawardene
info,player,Kochi Tuskers Kerala,VVS Laxman
info,player,Kochi Tuskers Kerala,PA Patel
info,player,Kochi Tuskers Kerala,BJ Hodge
info,player,Kochi Tuskers Kerala,RA Jadeja
info,player,Kochi Tuskers Kerala,RV Gomez
info,player,Kochi Tuskers Kerala,NLTC Perera
info,player,Kochi Tuskers Kerala,KM Jadhav
info,player,Kochi Tuskers Kerala,R Vinay Kumar
info,player,Kochi Tuskers Kerala,M Muralitharan
info,player,Kochi Tuskers Kerala,RP Singh
info,player,Rajasthan Royals,SR Watson
info,player,Rajasthan Royals,R Dravid
info,player,Rajasthan Royals,J Botha
info,player,Rajasthan Royals,LRPL Taylor
info,player,Rajasthan Royals,AL Menaria
info,player,Rajasthan Royals,AM Rahane
info,player,Rajasthan Royals,A Singh
info,player,Rajasthan Royals,DH Yagnik
info,player,Rajasthan Royals,SK Warne
info,player,Rajasthan Royals,STR Binny
info,player,Rajasthan Royals,SK Trivedi
info,registry,people,A Singh,5b040b81
info,registry,people,AL Menaria,8291f939
info,registry,people,AM Rahane,29e95537
info,registry,people,BJ Hodge,b57f8a9a
info,registry,people,BR Doctrove,cbebf805
info,registry,people,D Govindjee,8b4c4069
info,registry,people,DH Yagnik,063b3673
info,registry,people,DPMD Jayawardene,d18f9182
info,registry,people,J Botha,7c503806
info,registry,people,KM Jadhav,99d63244
info,registry,people,LRPL Taylor,b61a3e1a
info,registry,people,M Muralitharan,4ba44e19
info,registry,people,NLTC Perera,0f12f9df
info,registry,people,PA Patel,b5da6c24
info,registry,people,R Dravid,0184dc35
info,registry,people,R Subramanian,7c32b886
info,registry,people,R Vinay Kumar,41eb4a4f
info,registry,people,RA Jadeja,fe93fd9d
info,registry,people,RP Singh,c3d1402f
info,registry,people,RV Gomez,b2570b38
info,registry,people,S Ravi,9b9ee0df
info,registry,people,SK Tarapore,62a824b4
info,registry,people,SK Trivedi,3d7e087f
info,registry,people,SK Warne,bb18be76
info,registry,people,SR Watson,4329fbb5
info,registry,people,STR Binny,bd17b45f
info,registry,people,VVS Laxman,de8cce37
ball,1,0.1,Kochi Tuskers Kerala,DPMD Jayawardene,VVS Laxman,A Singh,1,0,,,,,,"",""
ball,1,0.2,Kochi Tuskers Kerala,VVS Laxman,DPMD Jayawardene,A Singh,0,0,,,,,,"",""
ball,1,0.3,Kochi Tuskers Kerala,VVS Laxman,DPMD Jayawardene,A Singh,0,0,,,,,,"",""
ball,1,0.4,Kochi Tuskers Kerala,VVS Laxman,DPMD Jayawardene,A Singh,0,4,,,,4,,"",""
ball,1,0.5,Kochi Tuskers Kerala,VVS Laxman,DPMD Jayawardene,A Singh,4,0,,,,,,"",""
ball,1,0.6,Kochi Tuskers Kerala,VVS Laxman,DPMD Jayawardene,A Singh,0,0,,,,,,"",""
ball,1,1.1,Kochi Tuskers Kerala,DPMD Jayawardene,VVS Laxman,SR Watson,0,0,,,,,,"",""
ball,1,1.2,Kochi Tuskers Kerala,DPMD Jayawardene,VVS Laxman,SR Watson,1,0,,,,,,"",""
ball,1,1.3,Kochi Tuskers Kerala,VVS Laxman,DPMD Jayawardene,SR Watson,0,0,,,,,,"",""
ball,1,1.4,Kochi Tuskers Kerala,VVS Laxman,DPMD Jayawardene,SR Watson,0,1,,,1,,,"",""
ball,1,1.5,Kochi Tuskers Kerala,DPMD Jayawardene,VVS Laxman,SR Watson,0,0,,,,,,"",""
ball,1,1.6,Kochi Tuskers Kerala,DPMD Jayawardene,VVS Laxman,SR Watson,0,0,,,,,,"",""
ball,1,2.1,Kochi Tuskers Kerala,VVS Laxman,DPMD Jayawardene,A Singh,2,0,,,,,,"",""
ball,1,2.2,Kochi Tuskers Kerala,VVS Laxman,DPMD Jayawardene,A Singh,1,0,,,,,,"",""
ball,1,2.3,Kochi Tuskers Kerala,DPMD Jayawardene,VVS Laxman,A Singh,0,1,1,,,,,"",""
ball,1,2.4,Kochi Tuskers Kerala,DPMD Jayawardene,VVS Laxman,A Singh,4,0,,,,,,"",""
ball,1,2.5,Kochi Tuskers Kerala,DPMD Jayawardene,VVS Laxman,A Singh,1,0,,,,,,"",""
ball,1,2.6,Kochi Tuskers Kerala,VVS Laxman,DPMD Jayawardene,A Singh,1,0,,,,,,"",""
ball,1,2.7,Kochi Tuskers Kerala,DPMD Jayawardene,VVS Laxman,A Singh,1,0,,,,,,"",""
ball,1,3.1,Kochi Tuskers Kerala,DPMD Jayawardene,VVS Laxman,SR Watson,0,0,,,,,,"",""
ball,1,3.2,Kochi Tuskers Kerala,DPMD Jayawardene,VVS Laxman,SR Watson,4,0,,,,,,"",""
ball,1,3.3,Kochi Tuskers Kerala,DPMD Jayawardene,VVS Laxman,SR Watson,0,0,,,,,,run out,VVS Laxman
ball,1,3.4,Kochi Tuskers Kerala,PA Patel,DPMD Jayawardene,SR Watson,0,0,,,,,,"",""
ball,1,3.5,Kochi Tuskers Kerala,PA Patel,DPMD Jayawardene,SR Watson,1,0,,,,,,"",""
ball,1,3.6,Kochi Tuskers Kerala,DPMD Jayawardene,PA Patel,SR Watson,1,0,,,,,,"",""
ball,1,4.1,Kochi Tuskers Kerala,DPMD Jayawardene,PA Patel,J Botha,0,0,,,,,,bowled,DPMD Jayawardene
ball,1,4.2,Kochi Tuskers Kerala,BJ Hodge,PA Patel,J Botha,1,0,,,,,,"",""
ball,1,4.3,Kochi Tuskers Kerala,PA Patel,BJ Hodge,J Botha,0,0,,,,,,"",""
ball,1,4.4,Kochi Tuskers Kerala,PA Patel,BJ Hodge,J Botha,0,0,,,,,,"",""
ball,1,4.5,Kochi Tuskers Kerala,PA Patel,BJ Hodge,J Botha,0,0,,,,,,"",""
ball,1,4.6,Kochi Tuskers Kerala,PA Patel,BJ Hodge,J Botha,0,0,,,,,,"",""
ball,1,5.1,Kochi Tuskers Kerala,BJ Hodge,PA Patel,A Singh,0,0,,,,,,"",""
ball,1,5.2,Kochi Tuskers Kerala,BJ Hodge,PA Patel,A Singh,0,0,,,,,,"",""
ball,1,5.3,Kochi Tuskers Kerala,BJ Hodge,PA Patel,A Singh,0,0,,,,,,"",""
ball,1,5.4,Kochi Tuskers Kerala,BJ Hodge,PA Patel,A Singh,0,0,,,,,,"",""
ball,1,5.5,Kochi Tuskers Kerala,BJ Hodge,PA Patel,A Singh,2,0,,,,,,"",""
ball,1,5.6,Kochi Tuskers Kerala,BJ Hodge,PA Patel,A Singh,1,0,,,,,,"",""
ball,1,6.1,Kochi Tuskers Kerala,BJ Hodge,PA Patel,J Botha,1,0,,,,,,"",""
ball,1,6.2,Kochi Tuskers Kerala,PA Patel,BJ Hodge,J Botha,0,0,,,,,,"",""
ball,1,6.3,Kochi Tuskers Kerala,PA Patel,BJ Hodge,J Botha,4,0,,,,,,"",""
ball,1,6.4,Kochi Tuskers Kerala,PA Patel,BJ Hodge,J Botha,1,0,,,,,,"",""
ball,1,6.5,Kochi Tuskers Kerala,BJ Hodge,PA Patel,J Botha,0,0,,,,,,"",""
ball,1,6.6,Kochi Tuskers Kerala,BJ Hodge,PA Patel,J Botha,0,1,1,,,,,"",""
ball,1,6.7,Kochi Tuskers Kerala,BJ Hodge,PA Patel,J Botha,1,0,,,,,,"",""
ball,1,7.1,Kochi Tuskers Kerala,BJ Hodge,PA Patel,SK Warne,0,0,,,,,,"",""
ball,1,7.2,Kochi Tuskers Kerala,BJ Hodge,PA Patel,SK Warne,0,0,,,,,,"",""
ball,1,7.3,Kochi Tuskers Kerala,BJ Hodge,PA Patel,SK Warne,2,0,,,,,,"",""
ball,1,7.4,Kochi Tuskers Kerala,BJ Hodge,PA Patel,SK Warne,0,0,,,,,,bowled,BJ Hodge
ball,1,7.5,Kochi Tuskers Kerala,RA Jadeja,PA Patel,SK Warne,0,0,,,,,,"",""
ball,1,7.6,Kochi Tuskers Kerala,RA Jadeja,PA Patel,SK Warne,0,0,,,,,,"",""
ball,1,8.1,Kochi Tuskers Kerala,PA Patel,RA Jadeja,J Botha,0,0,,,,,,"",""
ball,1,8.2,Kochi Tuskers Kerala,PA Patel,RA Jadeja,J Botha,0,0,,,,,,"",""
ball,1,8.3,Kochi Tuskers Kerala,PA Patel,RA Jadeja,J Botha,2,0,,,,,,"",""
ball,1,8.4,Kochi Tuskers Kerala,PA Patel,RA Jadeja,J Botha,1,0,,,,,,"",""
ball,1,8.5,Kochi Tuskers Kerala,RA Jadeja,PA Patel,J Botha,1,0,,,,,,"",""
ball,1,8.6,Kochi Tuskers Kerala,PA Patel,RA Jadeja,J Botha,1,0,,,,,,"",""
ball,1,9.1,Kochi Tuskers Kerala,PA Patel,RA Jadeja,SK Warne,0,0,,,,,,"",""
ball,1,9.2,Kochi Tuskers Kerala,PA Patel,RA Jadeja,SK Warne,2,0,,,,,,"",""
ball,1,9.3,Kochi Tuskers Kerala,PA Patel,RA Jadeja,SK Warne,1,0,,,,,,"",""
ball,1,9.4,Kochi Tuskers Kerala,RA Jadeja,PA Patel,SK Warne,1,0,,,,,,"",""
ball,1,9.5,Kochi Tuskers Kerala,PA Patel,RA Jadeja,SK Warne,2,0,,,,,,"",""
ball,1,9.6,Kochi Tuskers Kerala,PA Patel,RA Jadeja,SK Warne,1,0,,,,,,"",""
ball,1,10.1,Kochi Tuskers Kerala,PA Patel,RA Jadeja,SK Trivedi,1,0,,,,,,"",""
ball,1,10.2,Kochi Tuskers Kerala,RA Jadeja,PA Patel,SK Trivedi,0,0,,,,,,"",""
ball,1,10.3,Kochi Tuskers Kerala,RA Jadeja,PA Patel,SK Trivedi,2,0,,,,,,"",""
ball,1,10.4,Kochi Tuskers Kerala,RA Jadeja,PA Patel,SK Trivedi,1,0,,,,,,"",""
ball,1,10.5,Kochi Tuskers Kerala,PA Patel,RA Jadeja,SK Trivedi,4,0,,,,,,"",""
ball,1,10.6,Kochi Tuskers Kerala,PA Patel,RA Jadeja,SK Trivedi,1,0,,,,,,"",""
ball,1,11.1,Kochi Tuskers Kerala,PA Patel,RA Jadeja,SK Warne,1,0,,,,,,"",""
ball,1,11.2,Kochi Tuskers Kerala,RA Jadeja,PA Patel,SK Warne,1,0,,,,,,"",""
ball,1,11.3,Kochi Tuskers Kerala,PA Patel,RA Jadeja,SK Warne,1,0,,,,,,"",""
ball,1,11.4,Kochi Tuskers Kerala,RA Jadeja,PA Patel,SK Warne,0,0,,,,,,"",""
ball,1,11.5,Kochi Tuskers Kerala,RA Jadeja,PA Patel,SK Warne,1,0,,,,,,"",""
ball,1,11.6,Kochi Tuskers Kerala,PA Patel,RA Jadeja,SK Warne,1,0,,,,,,"",""
ball,1,12.1,Kochi Tuskers Kerala,PA Patel,RA Jadeja,SK Trivedi,1,0,,,,,,"",""
ball,1,12.2,Kochi Tuskers Kerala,RA Jadeja,PA Patel,SK Trivedi,0,0,,,,,,"",""
ball,1,12.3,Kochi Tuskers Kerala,RA Jadeja,PA Patel,SK Trivedi,0,0,,,,,,"",""
ball,1,12.4,Kochi Tuskers Kerala,RA Jadeja,PA Patel,SK Trivedi,4,0,,,,,,"",""
ball,1,12.5,Kochi Tuskers Kerala,RA Jadeja,PA Patel,SK Trivedi,1,0,,,,,,"",""
ball,1,12.6,Kochi Tuskers Kerala,PA Patel,RA Jadeja,SK Trivedi,0,0,,,,,,"",""
ball,1,13.1,Kochi Tuskers Kerala,RA Jadeja,PA Patel,J Botha,0,0,,,,,,"",""
ball,1,13.2,Kochi Tuskers Kerala,RA Jadeja,PA Patel,J Botha,1,0,,,,,,"",""
ball,1,13.3,Kochi Tuskers Kerala,PA Patel,RA Jadeja,J Botha,1,0,,,,,,"",""
ball,1,13.4,Kochi Tuskers Kerala,RA Jadeja,PA Patel,J Botha,1,0,,,,,,"",""
ball,1,13.5,Kochi Tuskers Kerala,PA Patel,RA Jadeja,J Botha,1,0,,,,,,"",""
ball,1,13.6,Kochi Tuskers Kerala,RA Jadeja,PA Patel,J Botha,1,0,,,,,,"",""
ball,1,14.1,Kochi Tuskers Kerala,RA Jadeja,PA Patel,SR Watson,1,0,,,,,,"",""
ball,1,14.2,Kochi Tuskers Kerala,PA Patel,RA Jadeja,SR Watson,0,0,,,,,,"",""
ball,1,14.3,Kochi Tuskers Kerala,PA Patel,RA Jadeja,SR Watson,1,0,,,,,,"",""
ball,1,14.4,Kochi Tuskers Kerala,RA Jadeja,PA Patel,SR Watson,4,0,,,,,,"",""
ball,1,14.5,Kochi Tuskers Kerala,RA Jadeja,PA Patel,SR Watson,1,0,,,,,,"",""
ball,1,14.6,Kochi Tuskers Kerala,PA Patel,RA Jadeja,SR Watson,2,0,,,,,,"",""
ball,1,15.1,Kochi Tuskers Kerala,RA Jadeja,PA Patel,SK Warne,1,0,,,,,,"",""
ball,1,15.2,Kochi Tuskers Kerala,PA Patel,RA Jadeja,SK Warne,1,0,,,,,,"",""
ball,1,15.3,Kochi Tuskers Kerala,RA Jadeja,PA Patel,SK Warne,0,0,,,,,,caught and bowled,RA Jadeja
ball,1,15.4,Kochi Tuskers Kerala,PA Patel,RV Gomez,SK Warne,0,0,,,,,,stumped,PA Patel
ball,1,15.5,Kochi Tuskers Kerala,NLTC Perera,RV Gomez,SK Warne,0,0,,,,,,"",""
ball,1,15.6,Kochi Tuskers Kerala,NLTC Perera,RV Gomez,SK Warne,0,0,,,,,,"",""
ball,1,16.1,Kochi Tuskers Kerala,RV Gomez,NLTC Perera,SK Trivedi,0,0,,,,,,caught,RV Gomez
ball,1,16.2,Kochi Tuskers Kerala,NLTC Perera,KM Jadhav,SK Trivedi,1,0,,,,,,"",""
ball,1,16.3,Kochi Tuskers Kerala,KM Jadhav,NLTC Perera,SK Trivedi,0,0,,,,,,"",""
ball,1,16.4,Kochi Tuskers Kerala,KM Jadhav,NLTC Perera,SK Trivedi,0,0,,,,,,"",""
ball,1,16.5,Kochi Tuskers Kerala,KM Jadhav,NLTC Perera,SK Trivedi,1,0,,,,,,"",""
ball,1,16.6,Kochi Tuskers Kerala,NLTC Perera,KM Jadhav,SK Trivedi,0,0,,,,,,caught,NLTC Perera
ball,1,17.1,Kochi Tuskers Kerala,R Vinay Kumar,KM Jadhav,A Singh,1,0,,,,,,"",""
ball,1,17.2,Kochi Tuskers Kerala,KM Jadhav,R Vinay Kumar,A Singh,1,0,,,,,,"",""
ball,1,17.3,Kochi Tuskers Kerala,R Vinay Kumar,KM Jadhav,A Singh,4,0,,,,,,"",""
ball,1,17.4,Kochi Tuskers Kerala,R Vinay Kumar,KM Jadhav,A Singh,0,0,,,,,,"",""
ball,1,17.5,Kochi Tuskers Kerala,R Vinay Kumar,KM Jadhav,A Singh,0,0,,,,,,caught,R Vinay Kumar
ball,1,17.6,Kochi Tuskers Kerala,M Muralitharan,KM Jadhav,A Singh,1,0,,,,,,"",""
ball,1,18.1,Kochi Tuskers Kerala,M Muralitharan,KM Jadhav,SR Watson,0,0,,,,,,"",""
ball,1,18.2,Kochi Tuskers Kerala,M Muralitharan,KM Jadhav,SR Watson,0,1,,1,,,,"",""
ball,1,18.3,Kochi Tuskers Kerala,M Muralitharan,KM Jadhav,SR Watson,1,0,,,,,,"",""
ball,1,18.4,Kochi Tuskers Kerala,KM Jadhav,M Muralitharan,SR Watson,1,0,,,,,,"",""
ball,1,18.5,Kochi Tuskers Kerala,M Muralitharan,KM Jadhav,SR Watson,1,0,,,,,,"",""
ball,1,18.6,Kochi Tuskers Kerala,KM Jadhav,M Muralitharan,SR Watson,1,0,,,,,,"",""
ball,1,18.7,Kochi Tuskers Kerala,M Muralitharan,KM Jadhav,SR Watson,2,0,,,,,,"",""
ball,1,19.1,Kochi Tuskers Kerala,KM Jadhav,M Muralitharan,SK Trivedi,1,0,,,,,,"",""
ball,1,19.2,Kochi Tuskers Kerala,M Muralitharan,KM Jadhav,SK Trivedi,0,0,,,,,,"",""
ball,1,19.3,Kochi Tuskers Kerala,M Muralitharan,KM Jadhav,SK Trivedi,0,1,,,1,,,"",""
ball,1,19.4,Kochi Tuskers Kerala,KM Jadhav,M Muralitharan,SK Trivedi,0,0,,,,,,"",""
ball,1,19.5,Kochi Tuskers Kerala,KM Jadhav,M Muralitharan,SK Trivedi,0,0,,,,,,caught,KM Jadhav
ball,1,19.6,Kochi Tuskers Kerala,RP Singh,M Muralitharan,SK Trivedi,1,0,,,,,,run out,RP Singh
ball,2,0.1,Rajasthan Royals,SR Watson,R Dravid,RP Singh,4,0,,,,,,"",""
ball,2,0.2,Rajasthan Royals,SR Watson,R Dravid,RP Singh,1,0,,,,,,"",""
ball,2,0.3,Rajasthan Royals,R Dravid,SR Watson,RP Singh,1,0,,,,,,"",""
ball,2,0.4,Rajasthan Royals,SR Watson,R Dravid,RP Singh,0,0,,,,,,"",""
ball,2,0.5,Rajasthan Royals,SR Watson,R Dravid,RP Singh,1,0,,,,,,"",""
ball,2,0.6,Rajasthan Royals,R Dravid,SR Watson,RP Singh,1,0,,,,,,"",""
ball,2,1.1,Rajasthan Royals,R Dravid,SR Watson,R Vinay Kumar,2,0,,,,,,"",""
ball,2,1.2,Rajasthan Royals,R Dravid,SR Watson,R Vinay Kumar,0,0,,,,,,"",""
ball,2,1.3,Rajasthan Royals,R Dravid,SR Watson,R Vinay Kumar,1,0,,,,,,"",""
ball,2,1.4,Rajasthan Royals,SR Watson,R Dravid,R Vinay Kumar,1,0,,,,,,"",""
ball,2,1.5,Rajasthan Royals,R Dravid,SR Watson,R Vinay Kumar,4,0,,,,,,"",""
ball,2,1.6,Rajasthan Royals,R Dravid,SR Watson,R Vinay Kumar,0,0,,,,,,"",""
ball,2,2.1,Rajasthan Royals,SR Watson,R Dravid,RP Singh,0,0,,,,,,"",""
ball,2,2.2,Rajasthan Royals,SR Watson,R Dravid,RP Singh,0,0,,,,,,"",""
ball,2,2.3,Rajasthan Royals,SR Watson,R Dravid,RP Singh,1,0,,,,,,"",""
ball,2,2.4,Rajasthan Royals,R Dravid,SR Watson,RP Singh,0,1,,,,1,,"",""
ball,2,2.5,Rajasthan Royals,SR Watson,R Dravid,RP Singh,0,0,,,,,,"",""
ball,2,2.6,Rajasthan Royals,SR Watson,R Dravid,RP Singh,2,0,,,,,,"",""
ball,2,3.1,Rajasthan Royals,R Dravid,SR Watson,M Muralitharan,0,1,1,,,,,"",""
ball,2,3.2,Rajasthan Royals,R Dravid,SR Watson,M Muralitharan,1,0,,,,,,"",""
ball,2,3.3,Rajasthan Royals,SR Watson,R Dravid,M Muralitharan,1,0,,,,,,"",""
ball,2,3.4,Rajasthan Royals,R Dravid,SR Watson,M Muralitharan,0,0,,,,,,"",""
ball,2,3.5,Rajasthan Royals,R Dravid,SR Watson,M Muralitharan,0,0,,,,,,"",""
ball,2,3.6,Rajasthan Royals,R Dravid,SR Watson,M Muralitharan,0,0,,,,,,"",""
ball,2,3.7,Rajasthan Royals,R Dravid,SR Watson,M Muralitharan,0,0,,,,,,"",""
ball,2,4.1,Rajasthan Royals,SR Watson,R Dravid,R Vinay Kumar,1,0,,,,,,"",""
ball,2,4.2,Rajasthan Royals,R Dravid,SR Watson,R Vinay Kumar,4,0,,,,,,"",""
ball,2,4.3,Rajasthan Royals,R Dravid,SR Watson,R Vinay Kumar,0,0,,,,,,"",""
ball,2,4.4,Rajasthan Royals,R Dravid,SR Watson,R Vinay Kumar,4,0,,,,,,"",""
ball,2,4.5,Rajasthan Royals,R Dravid,SR Watson,R Vinay Kumar,0,0,,,,,,"",""
ball,2,4.6,Rajasthan Royals,R Dravid,SR Watson,R Vinay Kumar,1,0,,,,,,"",""
ball,2,5.1,Rajasthan Royals,R Dravid,SR Watson,M Muralitharan,0,0,,,,,,"",""
ball,2,5.2,Rajasthan Royals,R Dravid,SR Watson,M Muralitharan,0,0,,,,,,"",""
ball,2,5.3,Rajasthan Royals,R Dravid,SR Watson,M Muralitharan,4,0,,,,,,"",""
ball,2,5.4,Rajasthan Royals,R Dravid,SR Watson,M Muralitharan,1,0,,,,,,"",""
ball,2,5.5,Rajasthan Royals,SR Watson,R Dravid,M Muralitharan,0,0,,,,,,"",""
ball,2,5.6,Rajasthan Royals,SR Watson,R Dravid,M Muralitharan,0,0,,,,,,"",""
ball,2,6.1,Rajasthan Royals,R Dravid,SR Watson,NLTC Perera,1,0,,,,,,"",""
ball,2,6.2,Rajasthan Royals,SR Watson,R Dravid,NLTC Perera,1,0,,,,,,"",""
ball,2,6.3,Rajasthan Royals,R Dravid,SR Watson,NLTC Perera,4,0,,,,,,"",""
ball,2,6.4,Rajasthan Royals,R Dravid,SR Watson,NLTC Perera,0,0,,,,,,"",""
ball,2,6.5,Rajasthan Royals,R Dravid,SR Watson,NLTC Perera,1,0,,,,,,"",""
ball,2,6.6,Rajasthan Royals,SR Watson,R Dravid,NLTC Perera,1,0,,,,,,"",""
ball,2,7.1,Rajasthan Royals,SR Watson,R Dravid,RA Jadeja,0,0,,,,,,"",""
ball,2,7.2,Rajasthan Royals,SR Watson,R Dravid,RA Jadeja,0,0,,,,,,"",""
ball,2,7.3,Rajasthan Royals,SR Watson,R Dravid,RA Jadeja,0,0,,,,,,"",""
ball,2,7.4,Rajasthan Royals,SR Watson,R Dravid,RA Jadeja,1,0,,,,,,"",""
ball,2,7.5,Rajasthan Royals,R Dravid,SR Watson,RA Jadeja,1,0,,,,,,"",""
ball,2,7.6,Rajasthan Royals,SR Watson,R Dravid,RA Jadeja,0,0,,,,,,"",""
ball,2,8.1,Rajasthan Royals,R Dravid,SR Watson,RV Gomez,1,0,,,,,,"",""
ball,2,8.2,Rajasthan Royals,SR Watson,R Dravid,RV Gomez,1,0,,,,,,"",""
ball,2,8.3,Rajasthan Royals,R Dravid,SR Watson,RV Gomez,0,0,,,,,,"",""
ball,2,8.4,Rajasthan Royals,R Dravid,SR Watson,RV Gomez,2,0,,,,,,"",""
ball,2,8.5,Rajasthan Royals,R Dravid,SR Watson,RV Gomez,1,0,,,,,,"",""
ball,2,8.6,Rajasthan Royals,SR Watson,R Dravid,RV Gomez,4,0,,,,,,"",""
ball,2,9.1,Rajasthan Royals,R Dravid,SR Watson,RA Jadeja,0,0,,,,,,"",""
ball,2,9.2,Rajasthan Royals,R Dravid,SR Watson,RA Jadeja,6,0,,,,,,"",""
ball,2,9.3,Rajasthan Royals,R Dravid,SR Watson,RA Jadeja,1,0,,,,,,"",""
ball,2,9.4,Rajasthan Royals,SR Watson,R Dravid,RA Jadeja,4,0,,,,,,"",""
ball,2,9.5,Rajasthan Royals,SR Watson,R Dravid,RA Jadeja,0,0,,,,,,"",""
ball,2,9.6,Rajasthan Royals,SR Watson,R Dravid,RA Jadeja,0,0,,,,,,"",""
ball,2,10.1,Rajasthan Royals,R Dravid,SR Watson,NLTC Perera,0,0,,,,,,"",""
ball,2,10.2,Rajasthan Royals,R Dravid,SR Watson,NLTC Perera,1,0,,,,,,"",""
ball,2,10.3,Rajasthan Royals,SR Watson,R Dravid,NLTC Perera,1,0,,,,,,"",""
ball,2,10.4,Rajasthan Royals,R Dravid,SR Watson,NLTC Perera,1,0,,,,,,run out,R Dravid
ball,2,10.5,Rajasthan Royals,J Botha,SR Watson,NLTC Perera,0,0,,,,,,"",""
ball,2,10.6,Rajasthan Royals,J Botha,SR Watson,NLTC Perera,0,0,,,,,,"",""
ball,2,11.1,Rajasthan Royals,SR Watson,J Botha,R Vinay Kumar,1,0,,,,,,"",""
ball,2,11.2,Rajasthan Royals,J Botha,SR Watson,R Vinay Kumar,1,0,,,,,,"",""
ball,2,11.3,Rajasthan Royals,SR Watson,J Botha,R Vinay Kumar,0,0,,,,,,"",""
ball,2,11.4,Rajasthan Royals,SR Watson,J Botha,R Vinay Kumar,2,0,,,,,,"",""
ball,2,11.5,Rajasthan Royals,SR Watson,J Botha,R Vinay Kumar,1,0,,,,,,"",""
ball,2,11.6,Rajasthan Royals,J Botha,SR Watson,R Vinay Kumar,4,0,,,,,,"",""
ball,2,12.1,Rajasthan Royals,SR Watson,J Botha,M Muralitharan,2,0,,,,,,"",""
ball,2,12.2,Rajasthan Royals,SR Watson,J Botha,M Muralitharan,6,0,,,,,,"",""
ball,2,12.3,Rajasthan Royals,SR Watson,J Botha,M Muralitharan,0,0,,,,,,"",""
ball,2,12.4,Rajasthan Royals,SR Watson,J Botha,M Muralitharan,6,0,,,,,,"",""
ball,2,12.5,Rajasthan Royals,SR Watson,J Botha,M Muralitharan,0,0,,,,,,"",""
ball,2,12.6,Rajasthan Royals,SR Watson,J Botha,M Muralitharan,2,0,,,,,,"",""
ball,2,13.1,Rajasthan Royals,J Botha,SR Watson,RA Jadeja,4,0,,,,,,"",""
ball,2,13.2,Rajasthan Royals,J Botha,SR Watson,RA Jadeja,1,0,,,,,,"",""
ball,2,13.3,Rajasthan Royals,SR Watson,J Botha,RA Jadeja,0,0,,,,,,"",""
ball,2,13.4,Rajasthan Royals,SR Watson,J Botha,RA Jadeja,4,0,,,,,,"",""
ball,2,13.5,Rajasthan Royals,SR Watson,J Botha,RA Jadeja,0,0,,,,,,bowled,SR Watson
ball,2,13.6,Rajasthan Royals,LRPL Taylor,J Botha,RA Jadeja,2,0,,,,,,"",""
ball,2,14.1,Rajasthan Royals,J Botha,LRPL Taylor,M Muralitharan,4,0,,,,,,"",""
