version,1.6.0
info,balls_per_over,6
info,team,Deccan Chargers
info,team,Royal Challengers Bangalore
info,gender,male
info,season,2012
info,date,2012/05/20
info,event,Indian Premier League
info,match_number,71
info,venue,"Rajiv Gandhi International Stadium, Uppal"
info,city,Hyderabad
info,toss_winner,Royal Challengers Bangalore
info,toss_decision,field
info,player_of_match,DW Steyn
info,umpire,S Ravi
info,umpire,SJA Taufel
info,reserve_umpire,KN Ananthapadmanabhan
info,tv_umpire,JD Cloete
info,match_referee,AJ Pycroft
info,winner,Deccan Chargers
info,winner_runs,9
info,player,Deccan Chargers,S Dhawan
info,player,Deccan Chargers,PA Reddy
info,player,Deccan Chargers,KC Sangakkara
info,player,Deccan Chargers,CL White
info,player,Deccan Chargers,JP Duminy
info,player,Deccan Chargers,PA Patel
info,player,Deccan Chargers,A Ashish Reddy
info,player,Deccan Chargers,DW Steyn
info,player,Deccan Chargers,A Mishra
info,player,Deccan Chargers,MS Gony
info,player,Deccan Chargers,V Pratap Singh
info,player,Royal Challengers Bangalore,CH Gayle
info,player,Royal Challengers Bangalore,TM Dilshan
info,player,Royal Challengers Bangalore,V Kohli
info,player,Royal Challengers Bangalore,SS Tiwary
info,player,Royal Challengers Bangalore,AB de Villiers
info,player,Royal Challengers Bangalore,MA Agarwal
info,player,Royal Challengers Bangalore,Z Khan
info,player,Royal Challengers Bangalore,R Vinay Kumar
info,player,Royal Challengers Bangalore,HV Patel
info,player,Royal Challengers Bangalore,M Muralitharan
info,player,Royal Challengers Bangalore,P Parameswaran
info,registry,people,A Ashish Reddy,1c2a64cd
info,registry,people,A Mishra,6b19d823
info,registry,people,AB de Villiers,c4487b84
info,registry,people,AJ Pycroft,685d3f80
info,registry,people,CH Gayle,db584dad
info,registry,people,CL White,d0513f63
info,registry,people,DW Steyn,8fd1a8f5
info,registry,people,HV Patel,f986ca1a
info,registry,people,JD Cloete,b0419f8c
info,registry,people,JP Duminy,2e8994e7
info,registry,people,KC Sangakkara,6b71e6cf
info,registry,people,KN Ananthapadmanabhan,3144063a
info,registry,people,KP Appanna,d92e42f5
info,registry,people,M Muralitharan,4ba44e19
info,registry,people,MA Agarwal,00ea847a
info,registry,people,MS Gony,ae78bc32
info,registry,people,P Parameswaran,0c432afb
info,registry,people,PA Patel,b5da6c24
info,registry,people,PA Reddy,2461eef2
info,registry,people,R Vinay Kumar,41eb4a4f
info,registry,people,S Dhawan,0a476045
info,registry,people,S Ravi,9b9ee0df
info,registry,people,SJA Taufel,4b43d5ac
info,registry,people,SS Tiwary,709b0bac
info,registry,people,TM Dilshan,5bdcdb72
info,registry,people,V Kohli,ba607b88
info,registry,people,V Pratap Singh,d718440b
info,registry,people,Z Khan,91a4a398
ball,1,0.1,Deccan Chargers,S Dhawan,PA Reddy,Z Khan,0,0,,,,,,"",""
ball,1,0.2,Deccan Chargers,S Dhawan,PA Reddy,Z Khan,4,0,,,,,,"",""
ball,1,0.3,Deccan Chargers,S Dhawan,PA Reddy,Z Khan,1,0,,,,,,"",""
ball,1,0.4,Deccan Chargers,PA Reddy,S Dhawan,Z Khan,0,0,,,,,,"",""
ball,1,0.5,Deccan Chargers,PA Reddy,S Dhawan,Z Khan,1,0,,,,,,"",""
ball,1,0.6,Deccan Chargers,S Dhawan,PA Reddy,Z Khan,0,0,,,,,,bowled,S Dhawan
ball,1,1.1,Deccan Chargers,PA Reddy,KC Sangakkara,R Vinay Kumar,1,0,,,,,,"",""
ball,1,1.2,Deccan Chargers,KC Sangakkara,PA Reddy,R Vinay Kumar,0,0,,,,,,"",""
ball,1,1.3,Deccan Chargers,KC Sangakkara,PA Reddy,R Vinay Kumar,0,0,,,,,,"",""
ball,1,1.4,Deccan Chargers,KC Sangakkara,PA Reddy,R Vinay Kumar,1,0,,,,,,"",""
ball,1,1.5,Deccan Chargers,PA Reddy,KC Sangakkara,R Vinay Kumar,2,0,,,,,,"",""
ball,1,1.6,Deccan Chargers,PA Reddy,KC Sangakkara,R Vinay Kumar,0,0,,,,,,"",""
ball,1,2.1,Deccan Chargers,KC Sangakkara,PA Reddy,Z Khan,1,0,,,,,,"",""
ball,1,2.2,Deccan Chargers,PA Reddy,KC Sangakkara,Z Khan,0,0,,,,,,"",""
ball,1,2.3,Deccan Chargers,PA Reddy,KC Sangakkara,Z Khan,0,0,,,,,,"",""
ball,1,2.4,Deccan Chargers,PA Reddy,KC Sangakkara,Z Khan,1,0,,,,,,"",""
ball,1,2.5,Deccan Chargers,KC Sangakkara,PA Reddy,Z Khan,0,0,,,,,,"",""
ball,1,2.6,Deccan Chargers,KC Sangakkara,PA Reddy,Z Khan,4,0,,,,,,"",""
ball,1,3.1,Deccan Chargers,PA Reddy,KC Sangakkara,R Vinay Kumar,0,1,1,,,,,"",""
ball,1,3.2,Deccan Chargers,PA Reddy,KC Sangakkara,R Vinay Kumar,2,0,,,,,,"",""
ball,1,3.3,Deccan Chargers,PA Reddy,KC Sangakkara,R Vinay Kumar,0,0,,,,,,"",""
ball,1,3.4,Deccan Chargers,PA Reddy,KC Sangakkara,R Vinay Kumar,0,0,,,,,,caught,PA Reddy
ball,1,3.5,Deccan Chargers,CL White,KC Sangakkara,R Vinay Kumar,0,0,,,,,,"",""
ball,1,3.6,Deccan Chargers,CL White,KC Sangakkara,R Vinay Kumar,0,0,,,,,,"",""
ball,1,3.7,Deccan Chargers,CL White,KC Sangakkara,R Vinay Kumar,1,0,,,,,,"",""
ball,1,4.1,Deccan Chargers,CL White,KC Sangakkara,P Parameswaran,0,0,,,,,,"",""
ball,1,4.2,Deccan Chargers,CL White,KC Sangakkara,P Parameswaran,0,0,,,,,,caught,CL White
ball,1,4.3,Deccan Chargers,JP Duminy,KC Sangakkara,P Parameswaran,0,0,,,,,,"",""
ball,1,4.4,Deccan Chargers,JP Duminy,KC Sangakkara,P Parameswaran,0,0,,,,,,"",""
ball,1,4.5,Deccan Chargers,JP Duminy,KC Sangakkara,P Parameswaran,1,0,,,,,,"",""
ball,1,4.6,Deccan Chargers,KC Sangakkara,JP Duminy,P Parameswaran,0,0,,,,,,"",""
ball,1,5.1,Deccan Chargers,JP Duminy,KC Sangakkara,M Muralitharan,0,0,,,,,,"",""
ball,1,5.2,Deccan Chargers,JP Duminy,KC Sangakkara,M Muralitharan,1,0,,,,,,"",""
ball,1,5.3,Deccan Chargers,KC Sangakkara,JP Duminy,M Muralitharan,0,0,,,,,,"",""
ball,1,5.4,Deccan Chargers,KC Sangakkara,JP Duminy,M Muralitharan,0,0,,,,,,"",""
ball,1,5.5,Deccan Chargers,KC Sangakkara,JP Duminy,M Muralitharan,1,0,,,,,,"",""
ball,1,5.6,Deccan Chargers,JP Duminy,KC Sangakkara,M Muralitharan,0,0,,,,,,"",""
ball,1,6.1,Deccan Chargers,KC Sangakkara,JP Duminy,P Parameswaran,1,0,,,,,,"",""
ball,1,6.2,Deccan Chargers,JP Duminy,KC Sangakkara,P Parameswaran,0,0,,,,,,"",""
ball,1,6.3,Deccan Chargers,JP Duminy,KC Sangakkara,P Parameswaran,4,0,,,,,,"",""
ball,1,6.4,Deccan Chargers,JP Duminy,KC Sangakkara,P Parameswaran,0,0,,,,,,"",""
ball,1,6.5,Deccan Chargers,JP Duminy,KC Sangakkara,P Parameswaran,2,0,,,,,,"",""
ball,1,6.6,Deccan Chargers,JP Duminy,KC Sangakkara,P Parameswaran,0,0,,,,,,"",""
ball,1,7.1,Deccan Chargers,KC Sangakkara,JP Duminy,HV Patel,1,0,,,,,,"",""
ball,1,7.2,Deccan Chargers,JP Duminy,KC Sangakkara,HV Patel,4,0,,,,,,"",""
ball,1,7.3,Deccan Chargers,JP Duminy,KC Sangakkara,HV Patel,1,0,,,,,,"",""
ball,1,7.4,Deccan Chargers,KC Sangakkara,JP Duminy,HV Patel,0,0,,,,,,"",""
ball,1,7.5,Deccan Chargers,KC Sangakkara,JP Duminy,HV Patel,1,0,,,,,,"",""
ball,1,7.6,Deccan Chargers,JP Duminy,KC Sangakkara,HV Patel,0,0,,,,,,"",""
ball,1,8.1,Deccan Chargers,KC Sangakkara,JP Duminy,P Parameswaran,0,0,,,,,,"",""
ball,1,8.2,Deccan Chargers,KC Sangakkara,JP Duminy,P Parameswaran,1,0,,,,,,"",""
ball,1,8.3,Deccan Chargers,JP Duminy,KC Sangakkara,P Parameswaran,0,0,,,,,,"",""
ball,1,8.4,Deccan Chargers,JP Duminy,KC Sangakkara,P Parameswaran,0,0,,,,,,"",""
ball,1,8.5,Deccan Chargers,JP Duminy,KC Sangakkara,P Parameswaran,2,0,,,,,,"",""
ball,1,8.6,Deccan Chargers,JP Duminy,KC Sangakkara,P Parameswaran,1,0,,,,,,"",""
ball,1,9.1,Deccan Chargers,JP Duminy,KC Sangakkara,M Muralitharan,1,0,,,,,,"",""
ball,1,9.2,Deccan Chargers,KC Sangakkara,JP Duminy,M Muralitharan,0,1,1,,,,,"",""
ball,1,9.3,Deccan Chargers,KC Sangakkara,JP Duminy,M Muralitharan,0,0,,,,,,"",""
ball,1,9.4,Deccan Chargers,KC Sangakkara,JP Duminy,M Muralitharan,1,0,,,,,,"",""
ball,1,9.5,Deccan Chargers,JP Duminy,KC Sangakkara,M Muralitharan,1,0,,,,,,"",""
ball,1,9.6,Deccan Chargers,KC Sangakkara,JP Duminy,M Muralitharan,1,0,,,,,,"",""
ball,1,9.7,Deccan Chargers,JP Duminy,KC Sangakkara,M Muralitharan,1,0,,,,,,"",""
ball,1,10.1,Deccan Chargers,JP Duminy,KC Sangakkara,HV Patel,0,0,,,,,,"",""
ball,1,10.2,Deccan Chargers,JP Duminy,KC Sangakkara,HV Patel,1,0,,,,,,"",""
ball,1,10.3,Deccan Chargers,KC Sangakkara,JP Duminy,HV Patel,1,0,,,,,,"",""
ball,1,10.4,Deccan Chargers,JP Duminy,KC Sangakkara,HV Patel,1,0,,,,,,"",""
ball,1,10.5,Deccan Chargers,KC Sangakkara,JP Duminy,HV Patel,1,0,,,,,,"",""
ball,1,10.6,Deccan Chargers,JP Duminy,KC Sangakkara,HV Patel,0,0,,,,,,"",""
ball,1,11.1,Deccan Chargers,KC Sangakkara,JP Duminy,M Muralitharan,0,0,,,,,,caught,KC Sangakkara
ball,1,11.2,Deccan Chargers,PA Patel,JP Duminy,M Muralitharan,1,0,,,,,,"",""
ball,1,11.3,Deccan Chargers,JP Duminy,PA Patel,M Muralitharan,0,0,,,,,,"",""
ball,1,11.4,Deccan Chargers,JP Duminy,PA Patel,M Muralitharan,0,0,,,,,,"",""
ball,1,11.5,Deccan Chargers,JP Duminy,PA Patel,M Muralitharan,1,0,,,,,,"",""
ball,1,11.6,Deccan Chargers,PA Patel,JP Duminy,M Muralitharan,0,0,,,,,,"",""
ball,1,12.1,Deccan Chargers,JP Duminy,PA Patel,HV Patel,0,0,,,,,,"",""
ball,1,12.2,Deccan Chargers,JP Duminy,PA Patel,HV Patel,1,0,,,,,,"",""
ball,1,12.3,Deccan Chargers,PA Patel,JP Duminy,HV Patel,1,0,,,,,,"",""
ball,1,12.4,Deccan Chargers,JP Duminy,PA Patel,HV Patel,1,0,,,,,,"",""
ball,1,12.5,Deccan Chargers,PA Patel,JP Duminy,HV Patel,4,0,,,,,,"",""
ball,1,12.6,Deccan Chargers,PA Patel,JP Duminy,HV Patel,0,1,,,1,,,"",""
ball,1,13.1,Deccan Chargers,PA Patel,JP Duminy,TM Dilshan,1,0,,,,,,"",""
ball,1,13.2,Deccan Chargers,JP Duminy,PA Patel,TM Dilshan,1,0,,,,,,"",""
ball,1,13.3,Deccan Chargers,PA Patel,JP Duminy,TM Dilshan,1,0,,,,,,"",""
ball,1,13.4,Deccan Chargers,JP Duminy,PA Patel,TM Dilshan,1,0,,,,,,"",""
ball,1,13.5,Deccan Chargers,PA Patel,JP Duminy,TM Dilshan,0,0,,,,,,"",""
ball,1,13.6,Deccan Chargers,PA Patel,JP Duminy,TM Dilshan,0,1,1,,,,,"",""
ball,1,13.7,Deccan Chargers,PA Patel,JP Duminy,TM Dilshan,1,0,,,,,,"",""
ball,1,14.1,Deccan Chargers,PA Patel,JP Duminy,HV Patel,2,0,,,,,,"",""
ball,1,14.2,Deccan Chargers,PA Patel,JP Duminy,HV Patel,1,0,,,,,,"",""
ball,1,14.3,Deccan Chargers,JP Duminy,PA Patel,HV Patel,0,0,,,,,,"",""
ball,1,14.4,Deccan Chargers,JP Duminy,PA Patel,HV Patel,4,0,,,,,,"",""
ball,1,14.5,Deccan Chargers,JP Duminy,PA Patel,HV Patel,1,0,,,,,,"",""
ball,1,14.6,Deccan Chargers,PA Patel,JP Duminy,HV Patel,0,0,,,,,,"",""
ball,1,15.1,Deccan Chargers,JP Duminy,PA Patel,R Vinay Kumar,1,0,,,,,,"",""
ball,1,15.2,Deccan Chargers,PA Patel,JP Duminy,R Vinay Kumar,0,0,,,,,,"",""
ball,1,15.3,Deccan Chargers,PA Patel,JP Duminy,R Vinay Kumar,0,1,,,,1,,"",""
ball,1,15.4,Deccan Chargers,JP Duminy,PA Patel,R Vinay Kumar,6,0,,,,,,"",""
ball,1,15.5,Deccan Chargers,JP Duminy,PA Patel,R Vinay Kumar,0,0,,,,,,"",""
ball,1,15.6,Deccan Chargers,JP Duminy,PA Patel,R Vinay Kumar,1,0,,,,,,"",""
ball,1,16.1,Deccan Chargers,JP Duminy,PA Patel,Z Khan,4,0,,,,,,"",""
ball,1,16.2,Deccan Chargers,JP Duminy,PA Patel,Z Khan,1,0,,,,,,"",""
ball,1,16.3,Deccan Chargers,PA Patel,JP Duminy,Z Khan,1,0,,,,,,"",""
ball,1,16.4,Deccan Chargers,JP Duminy,PA Patel,Z Khan,6,0,,,,,,"",""
ball,1,16.5,Deccan Chargers,JP Duminy,PA Patel,Z Khan,2,0,,,,,,"",""
ball,1,16.6,Deccan Chargers,JP Duminy,PA Patel,Z Khan,1,0,,,,,,"",""
ball,1,17.1,Deccan Chargers,JP Duminy,PA Patel,M Muralitharan,6,0,,,,,,"",""
ball,1,17.2,Deccan Chargers,JP Duminy,PA Patel,M Muralitharan,6,0,,,,,,"",""
ball,1,17.3,Deccan Chargers,JP Duminy,PA Patel,M Muralitharan,1,0,,,,,,"",""
ball,1,17.4,Deccan Chargers,PA Patel,JP Duminy,M Muralitharan,1,0,,,,,,"",""
ball,1,17.5,Deccan Chargers,JP Duminy,PA Patel,M Muralitharan,0,0,,,,,,"",""
ball,1,17.6,Deccan Chargers,JP Duminy,PA Patel,M Muralitharan,6,0,,,,,,"",""
ball,1,18.1,Deccan Chargers,PA Patel,JP Duminy,Z Khan,0,0,,,,,,"",""
ball,1,18.2,Deccan Chargers,PA Patel,JP Duminy,Z Khan,1,0,,,,,,"",""
ball,1,18.3,Deccan Chargers,JP Duminy,PA Patel,Z Khan,2,0,,,,,,"",""
ball,1,18.4,Deccan Chargers,JP Duminy,PA Patel,Z Khan,0,0,,,,,,"",""
ball,1,18.5,Deccan Chargers,JP Duminy,PA Patel,Z Khan,0,0,,,,,,caught,JP Duminy
ball,1,18.6,Deccan Chargers,PA Patel,A Ashish Reddy,Z Khan,0,4,,,,4,,"",""
ball,1,19.1,Deccan Chargers,A Ashish Reddy,PA Patel,R Vinay Kumar,2,0,,,,,,"",""
ball,1,19.2,Deccan Chargers,A Ashish Reddy,PA Patel,R Vinay Kumar,0,1,1,,,,,"",""
ball,1,19.3,Deccan Chargers,A Ashish Reddy,PA Patel,R Vinay Kumar,1,0,,,,,,"",""
ball,1,19.4,Deccan Chargers,PA Patel,A Ashish Reddy,R Vinay Kumar,1,0,,,,,,"",""
ball,1,19.5,Deccan Chargers,A Ashish Reddy,PA Patel,R Vinay Kumar,1,0,,,,,,"",""
ball,1,19.6,Deccan Chargers,PA Patel,A Ashish Reddy,R Vinay Kumar,0,0,,,,,,caught,PA Patel
ball,1,19.7,Deccan Chargers,A Ashish Reddy,DW Steyn,R Vinay Kumar,0,0,,,,,,bowled,A Ashish Reddy
ball,2,0.1,Royal Challengers Bangalore,CH Gayle,TM Dilshan,DW Steyn,1,0,,,,,,"",""
ball,2,0.2,Royal Challengers Bangalore,TM Dilshan,CH Gayle,DW Steyn,0,0,,,,,,"",""
ball,2,0.3,Royal Challengers Bangalore,TM Dilshan,CH Gayle,DW Steyn,0,0,,,,,,"",""
ball,2,0.4,Royal Challengers Bangalore,TM Dilshan,CH Gayle,DW Steyn,2,0,,,,,,"",""
ball,2,0.5,Royal Challengers Bangalore,TM Dilshan,CH Gayle,DW Steyn,0,0,,,,,,"",""
ball,2,0.6,Royal Challengers Bangalore,TM Dilshan,CH Gayle,DW Steyn,0,0,,,,,,"",""
ball,2,1.1,Royal Challengers Bangalore,CH Gayle,TM Dilshan,MS Gony,4,0,,,,,,"",""
ball,2,1.2,Royal Challengers Bangalore,CH Gayle,TM Dilshan,MS Gony,0,0,,,,,,"",""
ball,2,1.3,Royal Challengers Bangalore,CH Gayle,TM Dilshan,MS Gony,4,0,,,,,,"",""
ball,2,1.4,Royal Challengers Bangalore,CH Gayle,TM Dilshan,MS Gony,6,0,,,,,,"",""
ball,2,1.5,Royal Challengers Bangalore,CH Gayle,TM Dilshan,MS Gony,4,0,,,,,,"",""
ball,2,1.6,Royal Challengers Bangalore,CH Gayle,TM Dilshan,MS Gony,6,0,,,,,,"",""
ball,2,2.1,Royal Challengers Bangalore,TM Dilshan,CH Gayle,DW Steyn,0,0,,,,,,"",""
ball,2,2.2,Royal Challengers Bangalore,TM Dilshan,CH Gayle,DW Steyn,1,0,,,,,,"",""
ball,2,2.3,Royal Challengers Bangalore,CH Gayle,TM Dilshan,DW Steyn,2,0,,,,,,"",""
ball,2,2.4,Royal Challengers Bangalore,CH Gayle,TM Dilshan,DW Steyn,0,0,,,,,,"",""
ball,2,2.5,Royal Challengers Bangalore,CH Gayle,TM Dilshan,DW Steyn,0,0,,,,,,bowled,CH Gayle
ball,2,2.6,Royal Challengers Bangalore,V Kohli,TM Dilshan,DW Steyn,0,0,,,,,,"",""
ball,2,3.1,Royal Challengers Bangalore,TM Dilshan,V Kohli,MS Gony,0,0,,,,,,"",""
ball,2,3.2,Royal Challengers Bangalore,TM Dilshan,V Kohli,MS Gony,0,1,1,,,,,"",""
ball,2,3.3,Royal Challengers Bangalore,TM Dilshan,V Kohli,MS Gony,1,0,,,,,,"",""
ball,2,3.4,Royal Challengers Bangalore,V Kohli,TM Dilshan,MS Gony,4,0,,,,,,"",""
ball,2,3.5,Royal Challengers Bangalore,V Kohli,TM Dilshan,MS Gony,0,0,,,,,,"",""
ball,2,3.6,Royal Challengers Bangalore,V Kohli,TM Dilshan,MS Gony,0,0,,,,,,"",""
ball,2,3.7,Royal Challengers Bangalore,V Kohli,TM Dilshan,MS Gony,0,0,,,,,,"",""
ball,2,4.1,Royal Challengers Bangalore,TM Dilshan,V Kohli,DW Steyn,0,0,,,,,,"",""
ball,2,4.2,Royal Challengers Bangalore,TM Dilshan,V Kohli,DW Steyn,0,0,,,,,,"",""
ball,2,4.3,Royal Challengers Bangalore,TM Dilshan,V Kohli,DW Steyn,0,0,,,,,,lbw,TM Dilshan
ball,2,4.4,Royal Challengers Bangalore,SS Tiwary,V Kohli,DW Steyn,0,0,,,,,,"",""
ball,2,4.5,Royal Challengers Bangalore,SS Tiwary,V Kohli,DW Steyn,1,0,,,,,,"",""
ball,2,4.6,Royal Challengers Bangalore,V Kohli,SS Tiwary,DW Steyn,0,0,,,,,,"",""
ball,2,5.1,Royal Challengers Bangalore,SS Tiwary,V Kohli,MS Gony,0,0,,,,,,"",""
ball,2,5.2,Royal Challengers Bangalore,SS Tiwary,V Kohli,MS Gony,1,0,,,,,,"",""
ball,2,5.3,Royal Challengers Bangalore,V Kohli,SS Tiwary,MS Gony,2,0,,,,,,"",""
ball,2,5.4,Royal Challengers Bangalore,V Kohli,AB de Villiers,MS Gony,0,0,,,,,,"",""
ball,2,5.5,Royal Challengers Bangalore,V Kohli,AB de Villiers,MS Gony,0,0,,,,,,"",""
ball,2,5.6,Royal Challengers Bangalore,V Kohli,AB de Villiers,MS Gony,0,0,,,,,,"",""
ball,2,6.1,Royal Challengers Bangalore,AB de Villiers,V Kohli,V Pratap Singh,1,0,,,,,,"",""
ball,2,6.2,Royal Challengers Bangalore,V Kohli,AB de Villiers,V Pratap Singh,1,0,,,,,,"",""
ball,2,6.3,Royal Challengers Bangalore,AB de Villiers,V Kohli,V Pratap Singh,1,0,,,,,,"",""
ball,2,6.4,Royal Challengers Bangalore,V Kohli,AB de Villiers,V Pratap Singh,1,0,,,,,,"",""
ball,2,6.5,Royal Challengers Bangalore,AB de Villiers,V Kohli,V Pratap Singh,0,0,,,,,,"",""
ball,2,6.6,Royal Challengers Bangalore,AB de Villiers,V Kohli,V Pratap Singh,0,0,,,,,,"",""
ball,2,7.1,Royal Challengers Bangalore,V Kohli,AB de Villiers,A Mishra,6,0,,,,,,"",""
ball,2,7.2,Royal Challengers Bangalore,V Kohli,AB de Villiers,A Mishra,0,0,,,,,,"",""
ball,2,7.3,Royal Challengers Bangalore,V Kohli,AB de Villiers,A Mishra,1,0,,,,,,"",""
ball,2,7.4,Royal Challengers Bangalore,AB de Villiers,V Kohli,A Mishra,0,0,,,,,,"",""
ball,2,7.5,Royal Challengers Bangalore,AB de Villiers,V Kohli,A Mishra,0,0,,,,,,"",""
ball,2,7.6,Royal Challengers Bangalore,AB de Villiers,V Kohli,A Mishra,1,0,,,,,,"",""
ball,2,8.1,Royal Challengers Bangalore,AB de Villiers,V Kohli,V Pratap Singh,0,0,,,,,,"",""
ball,2,8.2,Royal Challengers Bangalore,AB de Villiers,V Kohli,V Pratap Singh,0,0,,,,,,"",""
ball,2,8.3,Royal Challengers Bangalore,AB de Villiers,V Kohli,V Pratap Singh,1,0,,,,,,"",""
ball,2,8.4,Royal Challengers Bangalore,V Kohli,AB de Villiers,V Pratap Singh,0,0,,,,,,"",""
ball,2,8.5,Royal Challengers Bangalore,V Kohli,AB de Villiers,V Pratap Singh,0,0,,,,,,"",""
ball,2,8.6,Royal Challengers Bangalore,V Kohli,AB de Villiers,V Pratap Singh,1,0,,,,,,"",""
ball,2,9.1,Royal Challengers Bangalore,V Kohli,AB de Villiers,A Mishra,1,0,,,,,,"",""
ball,2,9.2,Royal Challengers Bangalore,AB de Villiers,V Kohli,A Mishra,0,0,,,,,,caught,AB de Villiers
ball,2,9.3,Royal Challengers Bangalore,MA Agarwal,V Kohli,A Mishra,1,0,,,,,,"",""
ball,2,9.4,Royal Challengers Bangalore,V Kohli,MA Agarwal,A Mishra,1,0,,,,,,"",""
ball,2,9.5,Royal Challengers Bangalore,MA Agarwal,V Kohli,A Mishra,0,0,,,,,,bowled,MA Agarwal
ball,2,9.6,Royal Challengers Bangalore,SS Tiwary,V Kohli,A Mishra,0,0,,,,,,"",""
ball,2,10.1,Royal Challengers Bangalore,V Kohli,SS Tiwary,A Ashish Reddy,0,0,,,,,,"",""
ball,2,10.2,Royal Challengers Bangalore,V Kohli,SS Tiwary,A Ashish Reddy,1,0,,,,,,"",""
ball,2,10.3,Royal Challengers Bangalore,SS Tiwary,V Kohli,A Ashish Reddy,1,0,,,,,,"",""
ball,2,10.4,Royal Challengers Bangalore,V Kohli,SS Tiwary,A Ashish Reddy,0,0,,,,,,"",""
ball,2,10.5,Royal Challengers Bangalore,V Kohli,SS Tiwary,A Ashish Reddy,1,0,,,,,,"",""
ball,2,10.6,Royal Challengers Bangalore,SS Tiwary,V Kohli,A Ashish Reddy,0,0,,,,,,"",""
ball,2,11.1,Royal Challengers Bangalore,V Kohli,SS Tiwary,A Mishra,0,0,,,,,,"",""
ball,2,11.2,Royal Challengers Bangalore,V Kohli,SS Tiwary,A Mishra,6,0,,,,,,"",""
ball,2,11.3,Royal Challengers Bangalore,V Kohli,SS Tiwary,A Mishra,0,0,,,,,,"",""
ball,2,11.4,Royal Challengers Bangalore,V Kohli,SS Tiwary,A Mishra,0,0,,,,,,"",""
ball,2,11.5,Royal Challengers Bangalore,V Kohli,SS Tiwary,A Mishra,1,0,,,,,,"",""
ball,2,11.6,Royal Challengers Bangalore,SS Tiwary,V Kohli,A Mishra,1,0,,,,,,"",""
ball,2,12.1,Royal Challengers Bangalore,SS Tiwary,V Kohli,A Ashish Reddy,0,0,,,,,,"",""
ball,2,12.2,Royal Challengers Bangalore,SS Tiwary,V Kohli,A Ashish Reddy,2,0,,,,,,"",""
ball,2,12.3,Royal Challengers Bangalore,SS Tiwary,V Kohli,A Ashish Reddy,1,0,,,,,,"",""
ball,2,12.4,Royal Challengers Bangalore,V Kohli,SS Tiwary,A Ashish Reddy,0,0,,,,,,"",""
ball,2,12.5,Royal Challengers Bangalore,V Kohli,SS Tiwary,A Ashish Reddy,0,0,,,,,,"",""
ball,2,12.6,Royal Challengers Bangalore,V Kohli,SS Tiwary,A Ashish Reddy,1,0,,,,,,"",""
ball,2,13.1,Royal Challengers Bangalore,V Kohli,SS Tiwary,MS Gony,0,1,1,,,,,"",""
ball,2,13.2,Royal Challengers Bangalore,V Kohli,SS Tiwary,MS Gony,1,0,,,,,,"",""
ball,2,13.3,Royal Challengers Bangalore,SS Tiwary,V Kohli,MS Gony,0,0,,,,,,"",""
ball,2,13.4,Royal Challengers Bangalore,SS Tiwary,V Kohli,MS Gony,0,0,,,,,,"",""
ball,2,13.5,Royal Challengers Bangalore,SS Tiwary,V Kohli,MS Gony,1,0,,,,,,"",""
ball,2,13.6,Royal Challengers Bangalore,V Kohli,SS Tiwary,MS Gony,1,0,,,,,,"",""
ball,2,13.7,Royal Challengers Bangalore,SS Tiwary,V Kohli,MS Gony,1,0,,,,,,"",""
ball,2,14.1,Royal Challengers Bangalore,SS Tiwary,V Kohli,V Pratap Singh,4,0,,,,,,"",""
ball,2,14.2,Royal Challengers Bangalore,SS Tiwary,V Kohli,V Pratap Singh,1,0,,,,,,"",""
ball,2,14.3,Royal Challengers Bangalore,V Kohli,SS Tiwary,V Pratap Singh,0,0,,,,,,"",""
ball,2,14.4,Royal Challengers Bangalore,V Kohli,SS Tiwary,V Pratap Singh,1,0,,,,,,"",""
ball,2,14.5,Royal Challengers Bangalore,SS Tiwary,V Kohli,V Pratap Singh,6,0,,,,,,"",""
ball,2,14.6,Royal Challengers Bangalore,SS Tiwary,V Kohli,V Pratap Singh,0,0,,,,,,"",""
ball,2,15.1,Royal Challengers Bangalore,V Kohli,SS Tiwary,A Ashish Reddy,4,0,,,,,,"",""
ball,2,15.2,Royal Challengers Bangalore,V Kohli,SS Tiwary,A Ashish Reddy,1,0,,,,,,"",""
ball,2,15.3,Royal Challengers Bangalore,SS Tiwary,V Kohli,A Ashish Reddy,2,0,,,,,,"",""
ball,2,15.4,Royal Challengers Bangalore,SS Tiwary,V Kohli,A Ashish Reddy,1,0,,,,,,"",""
ball,2,15.5,Royal Challengers Bangalore,V Kohli,SS Tiwary,A Ashish Reddy,6,0,,,,,,"",""
ball,2,15.6,Royal Challengers Bangalore,V Kohli,SS Tiwary,A Ashish Reddy,0,0,,,,,,caught,V Kohli
ball,2,16.1,Royal Challengers Bangalore,SS Tiwary,Z Khan,DW Steyn,1,0,,,,,,"",""
ball,2,16.2,Royal Challengers Bangalore,Z Khan,SS Tiwary,DW Steyn,0,0,,,,,,"",""
ball,2,16.3,Royal Challengers Bangalore,Z Khan,SS Tiwary,DW Steyn,0,0,,,,,,"",""
ball,2,16.4,Royal Challengers Bangalore,Z Khan,SS Tiwary,DW Steyn,0,0,,,,,,"",""
ball,2,16.5,Royal Challengers Bangalore,Z Khan,SS Tiwary,DW Steyn,0,0,,,,,,bowled,Z Khan
ball,2,16.6,Royal Challengers Bangalore,R Vinay Kumar,SS Tiwary,DW Steyn,0,0,,,,,,"",""
ball,2,17.1,Royal Challengers Bangalore,SS Tiwary,R Vinay Kumar,A Mishra,1,0,,,,,,"",""
ball,2,17.2,Royal Challengers Bangalore,R Vinay Kumar,SS Tiwary,A Mishra,1,0,,,,,,"",""
ball,2,17.3,Royal Challengers Bangalore,SS Tiwary,R Vinay Kumar,A Mishra,2,0,,,,,,"",""
ball,2,17.4,Royal Challengers Bangalore,SS Tiwary,R Vinay Kumar,A Mishra,2,0,,,,,,"",""
ball,2,17.5,Royal Challengers Bangalore,SS Tiwary,R Vinay Kumar,A Mishra,1,0,,,,,,"",""
ball,2,17.6,Royal Challengers Bangalore,R Vinay Kumar,SS Tiwary,A Mishra,0,0,,,,,,"",""
ball,2,18.1,Royal Challengers Bangalore,SS Tiwary,R Vinay Kumar,V Pratap Singh,0,0,,,,,,caught,SS Tiwary
ball,2,18.2,Royal Challengers Bangalore,R Vinay Kumar,HV Patel,V Pratap Singh,1,0,,,,,,"",""
ball,2,18.3,Royal Challengers Bangalore,HV Patel,R Vinay Kumar,V Pratap Singh,1,0,,,,,,"",""
ball,2,18.4,Royal Challengers Bangalore,R Vinay Kumar,HV Patel,V Pratap Singh,4,0,,,,,,"",""
ball,2,18.5,Royal Challengers Bangalore,R Vinay Kumar,HV Patel,V Pratap Singh,1,0,,,,,,"",""
ball,2,18.6,Royal Challengers Bangalore,HV Patel,R Vinay Kumar,V Pratap Singh,1,0,,,,,,"",""
ball,2,19.1,Royal Challengers Bangalore,HV Patel,R Vinay Kumar,A Ashish Reddy,1,0,,,,,,"",""
ball,2,19.2,Royal Challengers Bangalore,R Vinay Kumar,HV Patel,A Ashish Reddy,0,0,,,,,,caught,R Vinay Kumar
ball,2,19.3,Royal Challengers Bangalore,HV Patel,M Muralitharan,A Ashish Reddy,1,0,,,,,,"",""
ball,2,19.4,Royal Challengers Bangalore,M Muralitharan,HV Patel,A Ashish Reddy,0,0,,,,,,caught,M Muralitharan
ball,2,19.5,Royal Challengers Bangalore,HV Patel,P Parameswaran,A Ashish Reddy,1,0,,,,,,"",""
ball,2,19.6,Royal Challengers Bangalore,P Parameswaran,HV Patel,A Ashish Reddy,0,1,1,,,,,"",""
ball,2,19.7,Royal Challengers Bangalore,P Parameswaran,HV Patel,A Ashish Reddy,0,0,,,,,,"",""
