version,1.6.0
info,balls_per_over,6
info,team,Deccan Chargers
info,team,Delhi Daredevils
info,gender,male
info,season,2012
info,date,2012/05/10
info,event,Indian Premier League
info,match_number,55
info,venue,"Rajiv Gandhi International Stadium, Uppal"
info,city,Hyderabad
info,toss_winner,Deccan Chargers
info,toss_decision,bat
info,player_of_match,DA Warner
info,umpire,JD Cloete
info,umpire,SJA Taufel
info,reserve_umpire,KN Ananthapadmanabhan
info,tv_umpire,S Ravi
info,match_referee,J Srinath
info,winner,Delhi Daredevils
info,winner_wickets,9
info,player,Deccan Chargers,DJ Harris
info,player,Deccan Chargers,S Dhawan
info,player,Deccan Chargers,KC Sangakkara
info,player,Deccan Chargers,CL White
info,player,Deccan Chargers,JP Duminy
info,player,Deccan Chargers,PA Patel
info,player,Deccan Chargers,Ankit Sharma
info,player,Deccan Chargers,A Ashish Reddy
info,player,Deccan Chargers,A Mishra
info,player,Deccan Chargers,MS Gony
info,player,Deccan Chargers,TP Sudhindra
info,player,Delhi Daredevils,V Sehwag
info,player,Delhi Daredevils,DA Warner
info,player,Delhi Daredevils,NV Ojha
info,player,Delhi Daredevils,DPMD Jayawardene
info,player,Delhi Daredevils,Y Nagar
info,player,Delhi Daredevils,AD Russell
info,player,Delhi Daredevils,Y Venugopal Rao
info,player,Delhi Daredevils,IK Pathan
info,player,Delhi Daredevils,M Morkel
info,player,Delhi Daredevils,S Nadeem
info,player,Delhi Daredevils,VR Aaron
info,registry,people,A Ashish Reddy,1c2a64cd
info,registry,people,A Mishra,6b19d823
info,registry,people,AD Russell,bbd41817
info,registry,people,Ankit Sharma,24d94623
info,registry,people,CL White,d0513f63
info,registry,people,DA Warner,dcce6f09
info,registry,people,DJ Harris,39f82db3
info,registry,people,DPMD Jayawardene,d18f9182
info,registry,people,IK Pathan,5fa06777
info,registry,people,J Srinath,bad31fac
info,registry,people,JD Cloete,b0419f8c
info,registry,people,JP Duminy,2e8994e7
info,registry,people,KC Sangakkara,6b71e6cf
info,registry,people,KN Ananthapadmanabhan,3144063a
info,registry,people,M Morkel,5bb5a915
info,registry,people,MS Gony,ae78bc32
info,registry,people,NV Ojha,890946a0
info,registry,people,PA Patel,b5da6c24
info,registry,people,S Dhawan,0a476045
info,registry,people,S Nadeem,9d80c5e1
info,registry,people,S Ravi,9b9ee0df
info,registry,people,SJA Taufel,4b43d5ac
info,registry,people,TP Sudhindra,2f3817ce
info,registry,people,V Sehwag,8ba8195d
info,registry,people,VR Aaron,0a3d54b9
info,registry,people,Y Nagar,662c47a6
info,registry,people,Y Venugopal Rao,fe763256
ball,1,0.1,Deccan Chargers,DJ Harris,S Dhawan,AD Russell,0,0,,,,,,"",""
ball,1,0.2,Deccan Chargers,DJ Harris,S Dhawan,AD Russell,4,0,,,,,,"",""
ball,1,0.3,Deccan Chargers,DJ Harris,S Dhawan,AD Russell,0,0,,,,,,"",""
ball,1,0.4,Deccan Chargers,DJ Harris,S Dhawan,AD Russell,0,0,,,,,,"",""
ball,1,0.5,Deccan Chargers,DJ Harris,S Dhawan,AD Russell,4,0,,,,,,"",""
ball,1,0.6,Deccan Chargers,DJ Harris,S Dhawan,AD Russell,0,0,,,,,,"",""
ball,1,1.1,Deccan Chargers,S Dhawan,DJ Harris,IK Pathan,0,0,,,,,,"",""
ball,1,1.2,Deccan Chargers,S Dhawan,DJ Harris,IK Pathan,0,0,,,,,,"",""
ball,1,1.3,Deccan Chargers,S Dhawan,DJ Harris,IK Pathan,0,0,,,,,,"",""
ball,1,1.4,Deccan Chargers,S Dhawan,DJ Harris,IK Pathan,0,0,,,,,,"",""
ball,1,1.5,Deccan Chargers,S Dhawan,DJ Harris,IK Pathan,4,0,,,,,,"",""
ball,1,1.6,Deccan Chargers,S Dhawan,DJ Harris,IK Pathan,4,0,,,,,,"",""
ball,1,2.1,Deccan Chargers,DJ Harris,S Dhawan,M Morkel,1,0,,,,,,"",""
ball,1,2.2,Deccan Chargers,S Dhawan,DJ Harris,M Morkel,1,0,,,,,,"",""
ball,1,2.3,Deccan Chargers,DJ Harris,S Dhawan,M Morkel,0,0,,,,,,"",""
ball,1,2.4,Deccan Chargers,DJ Harris,S Dhawan,M Morkel,1,0,,,,,,"",""
ball,1,2.5,Deccan Chargers,S Dhawan,DJ Harris,M Morkel,0,0,,,,,,"",""
ball,1,2.6,Deccan Chargers,S Dhawan,DJ Harris,M Morkel,0,0,,,,,,"",""
ball,1,3.1,Deccan Chargers,DJ Harris,S Dhawan,VR Aaron,0,0,,,,,,"",""
ball,1,3.2,Deccan Chargers,DJ Harris,S Dhawan,VR Aaron,4,0,,,,,,"",""
ball,1,3.3,Deccan Chargers,DJ Harris,S Dhawan,VR Aaron,1,0,,,,,,"",""
ball,1,3.4,Deccan Chargers,S Dhawan,DJ Harris,VR Aaron,0,0,,,,,,"",""
ball,1,3.5,Deccan Chargers,S Dhawan,DJ Harris,VR Aaron,0,0,,,,,,"",""
ball,1,3.6,Deccan Chargers,S Dhawan,DJ Harris,VR Aaron,0,0,,,,,,"",""
ball,1,4.1,Deccan Chargers,DJ Harris,S Dhawan,M Morkel,0,0,,,,,,"",""
ball,1,4.2,Deccan Chargers,DJ Harris,S Dhawan,M Morkel,4,0,,,,,,"",""
ball,1,4.3,Deccan Chargers,DJ Harris,S Dhawan,M Morkel,0,0,,,,,,"",""
ball,1,4.4,Deccan Chargers,DJ Harris,S Dhawan,M Morkel,0,0,,,,,,"",""
ball,1,4.5,Deccan Chargers,DJ Harris,S Dhawan,M Morkel,0,0,,,,,,caught,DJ Harris
ball,1,4.6,Deccan Chargers,KC Sangakkara,S Dhawan,M Morkel,0,0,,,,,,"",""
ball,1,5.1,Deccan Chargers,S Dhawan,KC Sangakkara,VR Aaron,1,0,,,,,,"",""
ball,1,5.2,Deccan Chargers,KC Sangakkara,S Dhawan,VR Aaron,0,0,,,,,,"",""
ball,1,5.3,Deccan Chargers,KC Sangakkara,S Dhawan,VR Aaron,4,0,,,,,,"",""
ball,1,5.4,Deccan Chargers,KC Sangakkara,S Dhawan,VR Aaron,0,0,,,,,,"",""
ball,1,5.5,Deccan Chargers,KC Sangakkara,S Dhawan,VR Aaron,0,0,,,,,,caught,KC Sangakkara
ball,1,5.6,Deccan Chargers,CL White,S Dhawan,VR Aaron,0,0,,,,,,"",""
ball,1,6.1,Deccan Chargers,S Dhawan,CL White,IK Pathan,0,0,,,,,,"",""
ball,1,6.2,Deccan Chargers,S Dhawan,CL White,IK Pathan,1,0,,,,,,"",""
ball,1,6.3,Deccan Chargers,CL White,S Dhawan,IK Pathan,0,0,,,,,,"",""
ball,1,6.4,Deccan Chargers,CL White,S Dhawan,IK Pathan,0,0,,,,,,"",""
ball,1,6.5,Deccan Chargers,CL White,S Dhawan,IK Pathan,4,0,,,,,,"",""
ball,1,6.6,Deccan Chargers,CL White,S Dhawan,IK Pathan,4,0,,,,,,"",""
ball,1,7.1,Deccan Chargers,S Dhawan,CL White,S Nadeem,0,0,,,,,,"",""
ball,1,7.2,Deccan Chargers,S Dhawan,CL White,S Nadeem,2,0,,,,,,"",""
ball,1,7.3,Deccan Chargers,S Dhawan,CL White,S Nadeem,0,0,,,,,,"",""
ball,1,7.4,Deccan Chargers,S Dhawan,CL White,S Nadeem,1,0,,,,,,"",""
ball,1,7.5,Deccan Chargers,CL White,S Dhawan,S Nadeem,4,0,,,,,,"",""
ball,1,7.6,Deccan Chargers,CL White,S Dhawan,S Nadeem,1,0,,,,,,"",""
ball,1,8.1,Deccan Chargers,CL White,S Dhawan,AD Russell,1,0,,,,,,"",""
ball,1,8.2,Deccan Chargers,S Dhawan,CL White,AD Russell,6,0,,,,,,"",""
ball,1,8.3,Deccan Chargers,S Dhawan,CL White,AD Russell,1,0,,,,,,"",""
ball,1,8.4,Deccan Chargers,CL White,S Dhawan,AD Russell,0,0,,,,,,"",""
ball,1,8.5,Deccan Chargers,CL White,S Dhawan,AD Russell,1,0,,,,,,"",""
ball,1,8.6,Deccan Chargers,S Dhawan,CL White,AD Russell,1,0,,,,,,"",""
ball,1,9.1,Deccan Chargers,S Dhawan,CL White,S Nadeem,0,1,,,,1,,"",""
ball,1,9.2,Deccan Chargers,CL White,S Dhawan,S Nadeem,0,0,,,,,,"",""
ball,1,9.3,Deccan Chargers,CL White,S Dhawan,S Nadeem,1,0,,,,,,"",""
ball,1,9.4,Deccan Chargers,S Dhawan,CL White,S Nadeem,1,0,,,,,,"",""
ball,1,9.5,Deccan Chargers,CL White,S Dhawan,S Nadeem,0,0,,,,,,"",""
ball,1,9.6,Deccan Chargers,CL White,S Dhawan,S Nadeem,1,0,,,,,,"",""
ball,1,10.1,Deccan Chargers,CL White,S Dhawan,AD Russell,1,0,,,,,,"",""
ball,1,10.2,Deccan Chargers,S Dhawan,CL White,AD Russell,4,0,,,,,,"",""
ball,1,10.3,Deccan Chargers,S Dhawan,CL White,AD Russell,0,0,,,,,,"",""
ball,1,10.4,Deccan Chargers,S Dhawan,CL White,AD Russell,0,0,,,,,,"",""
ball,1,10.5,Deccan Chargers,S Dhawan,CL White,AD Russell,0,0,,,,,,"",""
ball,1,10.6,Deccan Chargers,S Dhawan,CL White,AD Russell,1,0,,,,,,"",""
ball,1,11.1,Deccan Chargers,S Dhawan,CL White,S Nadeem,1,0,,,,,,"",""
ball,1,11.2,Deccan Chargers,CL White,S Dhawan,S Nadeem,1,0,,,,,,"",""
ball,1,11.3,Deccan Chargers,S Dhawan,CL White,S Nadeem,6,0,,,,,,"",""
ball,1,11.4,Deccan Chargers,S Dhawan,CL White,S Nadeem,6,0,,,,,,"",""
ball,1,11.5,Deccan Chargers,S Dhawan,CL White,S Nadeem,1,0,,,,,,"",""
ball,1,11.6,Deccan Chargers,CL White,S Dhawan,S Nadeem,0,0,,,,,,"",""
ball,1,12.1,Deccan Chargers,S Dhawan,CL White,IK Pathan,0,0,,,,,,"",""
ball,1,12.2,Deccan Chargers,S Dhawan,CL White,IK Pathan,1,0,,,,,,"",""
ball,1,12.3,Deccan Chargers,CL White,S Dhawan,IK Pathan,1,0,,,,,,"",""
ball,1,12.4,Deccan Chargers,S Dhawan,CL White,IK Pathan,4,0,,,,,,"",""
ball,1,12.5,Deccan Chargers,S Dhawan,CL White,IK Pathan,6,0,,,,,,"",""
ball,1,12.6,Deccan Chargers,S Dhawan,CL White,IK Pathan,4,0,,,,,,"",""
ball,1,13.1,Deccan Chargers,CL White,S Dhawan,VR Aaron,4,0,,,,,,"",""
ball,1,13.2,Deccan Chargers,CL White,S Dhawan,VR Aaron,0,0,,,,,,"",""
ball,1,13.3,Deccan Chargers,CL White,S Dhawan,VR Aaron,1,0,,,,,,"",""
ball,1,13.4,Deccan Chargers,S Dhawan,CL White,VR Aaron,4,0,,,,,,"",""
ball,1,13.5,Deccan Chargers,S Dhawan,CL White,VR Aaron,1,0,,,,,,"",""
ball,1,13.6,Deccan Chargers,CL White,S Dhawan,VR Aaron,1,0,,,,,,"",""
ball,1,14.1,Deccan Chargers,CL White,S Dhawan,AD Russell,4,0,,,,,,"",""
ball,1,14.2,Deccan Chargers,CL White,S Dhawan,AD Russell,4,0,,,,,,"",""
ball,1,14.3,Deccan Chargers,CL White,S Dhawan,AD Russell,1,0,,,,,,"",""
ball,1,14.4,Deccan Chargers,S Dhawan,CL White,AD Russell,4,0,,,,,,"",""
ball,1,14.5,Deccan Chargers,S Dhawan,CL White,AD Russell,1,0,,,,,,"",""
ball,1,14.6,Deccan Chargers,CL White,S Dhawan,AD Russell,1,0,,,,,,"",""
ball,1,15.1,Deccan Chargers,CL White,S Dhawan,S Nadeem,2,0,,,,,,"",""
ball,1,15.2,Deccan Chargers,CL White,S Dhawan,S Nadeem,1,0,,,,,,"",""
ball,1,15.3,Deccan Chargers,S Dhawan,CL White,S Nadeem,1,0,,,,,,"",""
ball,1,15.4,Deccan Chargers,CL White,S Dhawan,S Nadeem,6,0,,,,,,"",""
ball,1,15.5,Deccan Chargers,CL White,S Dhawan,S Nadeem,2,0,,,,,,"",""
ball,1,15.6,Deccan Chargers,CL White,S Dhawan,S Nadeem,1,0,,,,,,"",""
ball,1,16.1,Deccan Chargers,CL White,S Dhawan,M Morkel,1,0,,,,,,"",""
ball,1,16.2,Deccan Chargers,S Dhawan,CL White,M Morkel,4,0,,,,,,"",""
ball,1,16.3,Deccan Chargers,S Dhawan,CL White,M Morkel,1,0,,,,,,"",""
ball,1,16.4,Deccan Chargers,CL White,S Dhawan,M Morkel,1,0,,,,,,"",""
ball,1,16.5,Deccan Chargers,S Dhawan,CL White,M Morkel,4,0,,,,,,"",""
ball,1,16.6,Deccan Chargers,S Dhawan,CL White,M Morkel,6,0,,,,,,"",""
ball,1,17.1,Deccan Chargers,CL White,S Dhawan,IK Pathan,1,0,,,,,,"",""
ball,1,17.2,Deccan Chargers,S Dhawan,CL White,IK Pathan,0,0,,,,,,"",""
ball,1,17.3,Deccan Chargers,S Dhawan,CL White,IK Pathan,1,0,,,,,,run out,S Dhawan
ball,1,17.4,Deccan Chargers,JP Duminy,CL White,IK Pathan,1,0,,,,,,"",""
ball,1,17.5,Deccan Chargers,CL White,JP Duminy,IK Pathan,4,0,,,,,,"",""
ball,1,17.6,Deccan Chargers,CL White,JP Duminy,IK Pathan,6,0,,,,,,"",""
ball,1,18.1,Deccan Chargers,JP Duminy,CL White,M Morkel,1,0,,,,,,"",""
ball,1,18.2,Deccan Chargers,CL White,JP Duminy,M Morkel,0,1,1,,,,,"",""
ball,1,18.3,Deccan Chargers,CL White,JP Duminy,M Morkel,2,0,,,,,,"",""
ball,1,18.4,Deccan Chargers,CL White,JP Duminy,M Morkel,1,0,,,,,,"",""
ball,1,18.5,Deccan Chargers,JP Duminy,CL White,M Morkel,1,0,,,,,,"",""
ball,1,18.6,Deccan Chargers,CL White,JP Duminy,M Morkel,1,0,,,,,,"",""
ball,1,18.7,Deccan Chargers,JP Duminy,CL White,M Morkel,1,0,,,,,,"",""
ball,1,19.1,Deccan Chargers,JP Duminy,CL White,VR Aaron,0,0,,,,,,"",""
ball,1,19.2,Deccan Chargers,JP Duminy,CL White,VR Aaron,0,0,,,,,,"",""
ball,1,19.3,Deccan Chargers,JP Duminy,CL White,VR Aaron,1,0,,,,,,"",""
ball,1,19.4,Deccan Chargers,CL White,JP Duminy,VR Aaron,0,0,,,,,,caught,CL White
ball,1,19.5,Deccan Chargers,JP Duminy,PA Patel,VR Aaron,4,0,,,,,,"",""
ball,1,19.6,Deccan Chargers,JP Duminy,PA Patel,VR Aaron,4,0,,,,,,"",""
ball,2,0.1,Delhi Daredevils,V Sehwag,DA Warner,S Dhawan,4,0,,,,,,"",""
ball,2,0.2,Delhi Daredevils,V Sehwag,DA Warner,S Dhawan,0,0,,,,,,caught,V Sehwag
ball,2,0.3,Delhi Daredevils,DA Warner,NV Ojha,S Dhawan,0,4,,,4,,,"",""
ball,2,0.4,Delhi Daredevils,DA Warner,NV Ojha,S Dhawan,0,0,,,,,,"",""
ball,2,0.5,Delhi Daredevils,DA Warner,NV Ojha,S Dhawan,4,0,,,,,,"",""
ball,2,0.6,Delhi Daredevils,DA Warner,NV Ojha,S Dhawan,4,0,,,,,,"",""
ball,2,1.1,Delhi Daredevils,NV Ojha,DA Warner,TP Sudhindra,0,0,,,,,,"",""
ball,2,1.2,Delhi Daredevils,NV Ojha,DA Warner,TP Sudhindra,1,0,,,,,,"",""
ball,2,1.3,Delhi Daredevils,DA Warner,NV Ojha,TP Sudhindra,4,1,,1,,,,"",""
ball,2,1.4,Delhi Daredevils,DA Warner,NV Ojha,TP Sudhindra,0,0,,,,,,"",""
ball,2,1.5,Delhi Daredevils,DA Warner,NV Ojha,TP Sudhindra,0,0,,,,,,"",""
ball,2,1.6,Delhi Daredevils,DA Warner,NV Ojha,TP Sudhindra,1,0,,,,,,"",""
ball,2,1.7,Delhi Daredevils,NV Ojha,DA Warner,TP Sudhindra,0,0,,,,,,"",""
ball,2,2.1,Delhi Daredevils,DA Warner,NV Ojha,MS Gony,0,0,,,,,,"",""
ball,2,2.2,Delhi Daredevils,DA Warner,NV Ojha,MS Gony,4,0,,,,,,"",""
ball,2,2.3,Delhi Daredevils,DA Warner,NV Ojha,MS Gony,1,0,,,,,,"",""
ball,2,2.4,Delhi Daredevils,NV Ojha,DA Warner,MS Gony,0,0,,,,,,"",""
ball,2,2.5,Delhi Daredevils,NV Ojha,DA Warner,MS Gony,1,0,,,,,,"",""
ball,2,2.6,Delhi Daredevils,DA Warner,NV Ojha,MS Gony,0,0,,,,,,"",""
ball,2,3.1,Delhi Daredevils,NV Ojha,DA Warner,TP Sudhindra,0,0,,,,,,"",""
ball,2,3.2,Delhi Daredevils,NV Ojha,DA Warner,TP Sudhindra,2,0,,,,,,"",""
ball,2,3.3,Delhi Daredevils,NV Ojha,DA Warner,TP Sudhindra,1,0,,,,,,"",""
ball,2,3.4,Delhi Daredevils,DA Warner,NV Ojha,TP Sudhindra,6,0,,,,,,"",""
ball,2,3.5,Delhi Daredevils,DA Warner,NV Ojha,TP Sudhindra,0,0,,,,,,"",""
ball,2,3.6,Delhi Daredevils,DA Warner,NV Ojha,TP Sudhindra,4,0,,,,,,"",""
ball,2,4.1,Delhi Daredevils,NV Ojha,DA Warner,MS Gony,1,0,,,,,,"",""
ball,2,4.2,Delhi Daredevils,DA Warner,NV Ojha,MS Gony,1,0,,,,,,"",""
ball,2,4.3,Delhi Daredevils,NV Ojha,DA Warner,MS Gony,0,0,,,,,,"",""
ball,2,4.4,Delhi Daredevils,NV Ojha,DA Warner,MS Gony,0,0,,,,,,"",""
ball,2,4.5,Delhi Daredevils,NV Ojha,DA Warner,MS Gony,0,0,,,,,,"",""
ball,2,4.6,Delhi Daredevils,NV Ojha,DA Warner,MS Gony,0,0,,,,,,"",""
ball,2,5.1,Delhi Daredevils,DA Warner,NV Ojha,A Ashish Reddy,0,0,,,,,,"",""
ball,2,5.2,Delhi Daredevils,DA Warner,NV Ojha,A Ashish Reddy,6,0,,,,,,"",""
ball,2,5.3,Delhi Daredevils,DA Warner,NV Ojha,A Ashish Reddy,6,0,,,,,,"",""
ball,2,5.4,Delhi Daredevils,DA Warner,NV Ojha,A Ashish Reddy,4,0,,,,,,"",""
ball,2,5.5,Delhi Daredevils,DA Warner,NV Ojha,A Ashish Reddy,0,0,,,,,,"",""
ball,2,5.6,Delhi Daredevils,DA Warner,NV Ojha,A Ashish Reddy,4,0,,,,,,"",""
ball,2,6.1,Delhi Daredevils,NV Ojha,DA Warner,MS Gony,0,4,,,,4,,"",""
ball,2,6.2,Delhi Daredevils,NV Ojha,DA Warner,MS Gony,1,0,,,,,,"",""
ball,2,6.3,Delhi Daredevils,DA Warner,NV Ojha,MS Gony,0,4,,,,4,,"",""
ball,2,6.4,Delhi Daredevils,DA Warner,NV Ojha,MS Gony,0,0,,,,,,"",""
ball,2,6.5,Delhi Daredevils,DA Warner,NV Ojha,MS Gony,0,0,,,,,,"",""
ball,2,6.6,Delhi Daredevils,DA Warner,NV Ojha,MS Gony,1,0,,,,,,"",""
ball,2,7.1,Delhi Daredevils,DA Warner,NV Ojha,A Mishra,1,0,,,,,,"",""
ball,2,7.2,Delhi Daredevils,NV Ojha,DA Warner,A Mishra,4,1,,1,,,,"",""
ball,2,7.3,Delhi Daredevils,NV Ojha,DA Warner,A Mishra,1,0,,,,,,"",""
ball,2,7.4,Delhi Daredevils,DA Warner,NV Ojha,A Mishra,2,0,,,,,,"",""
ball,2,7.5,Delhi Daredevils,DA Warner,NV Ojha,A Mishra,1,0,,,,,,"",""
ball,2,7.6,Delhi Daredevils,NV Ojha,DA Warner,A Mishra,1,0,,,,,,"",""
ball,2,7.7,Delhi Daredevils,DA Warner,NV Ojha,A Mishra,2,0,,,,,,"",""
ball,2,8.1,Delhi Daredevils,NV Ojha,DA Warner,S Dhawan,0,0,,,,,,"",""
ball,2,8.2,Delhi Daredevils,NV Ojha,DA Warner,S Dhawan,1,0,,,,,,"",""
ball,2,8.3,Delhi Daredevils,DA Warner,NV Ojha,S Dhawan,0,1,1,,,,,"",""
ball,2,8.4,Delhi Daredevils,DA Warner,NV Ojha,S Dhawan,1,0,,,,,,"",""
ball,2,8.5,Delhi Daredevils,NV Ojha,DA Warner,S Dhawan,0,0,,,,,,"",""
ball,2,8.6,Delhi Daredevils,NV Ojha,DA Warner,S Dhawan,6,0,,,,,,"",""
ball,2,8.7,Delhi Daredevils,NV Ojha,DA Warner,S Dhawan,6,0,,,,,,"",""
ball,2,9.1,Delhi Daredevils,DA Warner,NV Ojha,A Mishra,2,0,,,,,,"",""
ball,2,9.2,Delhi Daredevils,DA Warner,NV Ojha,A Mishra,1,0,,,,,,"",""
ball,2,9.3,Delhi Daredevils,NV Ojha,DA Warner,A Mishra,1,0,,,,,,"",""
ball,2,9.4,Delhi Daredevils,DA Warner,NV Ojha,A Mishra,0,0,,,,,,"",""
ball,2,9.5,Delhi Daredevils,DA Warner,NV Ojha,A Mishra,2,0,,,,,,"",""
ball,2,9.6,Delhi Daredevils,DA Warner,NV Ojha,A Mishra,4,0,,,,,,"",""
ball,2,10.1,Delhi Daredevils,NV Ojha,DA Warner,MS Gony,0,0,,,,,,"",""
ball,2,10.2,Delhi Daredevils,NV Ojha,DA Warner,MS Gony,0,1,1,,,,,"",""
ball,2,10.3,Delhi Daredevils,NV Ojha,DA Warner,MS Gony,2,0,,,,,,"",""
ball,2,10.4,Delhi Daredevils,NV Ojha,DA Warner,MS Gony,1,0,,,,,,"",""
ball,2,10.5,Delhi Daredevils,DA Warner,NV Ojha,MS Gony,0,0,,,,,,"",""
ball,2,10.6,Delhi Daredevils,DA Warner,NV Ojha,MS Gony,2,0,,,,,,"",""
ball,2,10.7,Delhi Daredevils,DA Warner,NV Ojha,MS Gony,6,0,,,,,,"",""
ball,2,11.1,Delhi Daredevils,NV Ojha,DA Warner,A Mishra,2,0,,,,,,"",""
ball,2,11.2,Delhi Daredevils,NV Ojha,DA Warner,A Mishra,1,0,,,,,,"",""
ball,2,11.3,Delhi Daredevils,DA Warner,NV Ojha,A Mishra,0,0,,,,,,"",""
ball,2,11.4,Delhi Daredevils,DA Warner,NV Ojha,A Mishra,1,0,,,,,,"",""
ball,2,11.5,Delhi Daredevils,NV Ojha,DA Warner,A Mishra,0,0,,,,,,"",""
ball,2,11.6,Delhi Daredevils,NV Ojha,DA Warner,A Mishra,1,0,,,,,,"",""
ball,2,12.1,Delhi Daredevils,NV Ojha,DA Warner,A Ashish Reddy,0,0,,,,,,"",""
ball,2,12.2,Delhi Daredevils,NV Ojha,DA Warner,A Ashish Reddy,1,0,,,,,,"",""
ball,2,12.3,Delhi Daredevils,DA Warner,NV Ojha,A Ashish Reddy,4,0,,,,,,"",""
ball,2,12.4,Delhi Daredevils,DA Warner,NV Ojha,A Ashish Reddy,1,0,,,,,,"",""
ball,2,12.5,Delhi Daredevils,NV Ojha,DA Warner,A Ashish Reddy,2,0,,,,,,"",""
ball,2,12.6,Delhi Daredevils,NV Ojha,DA Warner,A Ashish Reddy,1,0,,,,,,"",""
ball,2,13.1,Delhi Daredevils,NV Ojha,DA Warner,A Mishra,6,0,,,,,,"",""
ball,2,13.2,Delhi Daredevils,NV Ojha,DA Warner,A Mishra,2,0,,,,,,"",""
ball,2,13.3,Delhi Daredevils,NV Ojha,DA Warner,A Mishra,6,0,,,,,,"",""
ball,2,13.4,Delhi Daredevils,NV Ojha,DA Warner,A Mishra,0,0,,,,,,"",""
ball,2,13.5,Delhi Daredevils,NV Ojha,DA Warner,A Mishra,1,0,,,,,,"",""
ball,2,13.6,Delhi Daredevils,DA Warner,NV Ojha,A Mishra,1,0,,,,,,"",""
ball,2,14.1,Delhi Daredevils,DA Warner,NV Ojha,TP Sudhindra,6,0,,,,,,"",""
ball,2,14.2,Delhi Daredevils,DA Warner,NV Ojha,TP Sudhindra,0,0,,,,,,"",""
ball,2,14.3,Delhi Daredevils,DA Warner,NV Ojha,TP Sudhindra,2,0,,,,,,"",""
ball,2,14.4,Delhi Daredevils,DA Warner,NV Ojha,TP Sudhindra,4,0,,,,,,"",""
ball,2,14.5,Delhi Daredevils,DA Warner,NV Ojha,TP Sudhindra,1,0,,,,,,"",""
ball,2,14.6,Delhi Daredevils,NV Ojha,DA Warner,TP Sudhindra,0,0,,,,,,"",""
ball,2,15.1,Delhi Daredevils,DA Warner,NV Ojha,Ankit Sharma,0,0,,,,,,"",""
ball,2,15.2,Delhi Daredevils,DA Warner,NV Ojha,Ankit Sharma,1,0,,,,,,"",""
ball,2,15.3,Delhi Daredevils,NV Ojha,DA Warner,Ankit Sharma,1,0,,,,,,"",""
ball,2,15.4,Delhi Daredevils,DA Warner,NV Ojha,Ankit Sharma,6,0,,,,,,"",""
ball,2,15.5,Delhi Daredevils,DA Warner,NV Ojha,Ankit Sharma,2,0,,,,,,"",""
ball,2,15.6,Delhi Daredevils,DA Warner,NV Ojha,Ankit Sharma,6,0,,,,,,"",""
ball,2,16.1,Delhi Daredevils,NV Ojha,DA Warner,TP Sudhindra,0,0,,,,,,"",""
ball,2,16.2,Delhi Daredevils,NV Ojha,DA Warner,TP Sudhindra,0,0,,,,,,"",""
ball,2,16.3,Delhi Daredevils,NV Ojha,DA Warner,TP Sudhindra,4,0,,,,,,"",""
ball,2,16.4,Delhi Daredevils,NV Ojha,DA Warner,TP Sudhindra,6,0,,,,,,"",""
