version,1.6.0
info,balls_per_over,6
info,team,Pune Warriors
info,team,Mumbai Indians
info,gender,male
info,season,2012
info,date,2012/05/03
info,event,Indian Premier League
info,match_number,45
info,venue,Subrata Roy Sahara Stadium
info,city,Pune
info,toss_winner,Mumbai Indians
info,toss_decision,bat
info,player_of_match,SL Malinga
info,umpire,Asad Rauf
info,umpire,S Asnani
info,reserve_umpire,NA Patwardhan
info,tv_umpire,BR Doctrove
info,match_referee,AJ Pycroft
info,winner,Mumbai Indians
info,winner_runs,1
info,player,Mumbai Indians,JEC Franklin
info,player,Mumbai Indians,SR Tendulkar
info,player,Mumbai Indians,RG Sharma
info,player,Mumbai Indians,RJ Peterson
info,player,Mumbai Indians,KD Karthik
info,player,Mumbai Indians,AT Rayudu
info,player,Mumbai Indians,NLTC Perera
info,player,Mumbai Indians,Harbhajan Singh
info,player,Mumbai Indians,SL Malinga
info,player,Mumbai Indians,PP Ojha
info,player,Mumbai Indians,MM Patel
info,player,Pune Warriors,RV Uthappa
info,player,Pune Warriors,JD Ryder
info,player,Pune Warriors,MJ Clarke
info,player,Pune Warriors,SC Ganguly
info,player,Pune Warriors,SPD Smith
info,player,Pune Warriors,M Manhas
info,player,Pune Warriors,WD Parnell
info,player,Pune Warriors,B Kumar
info,player,Pune Warriors,M Kartik
info,player,Pune Warriors,A Nehra
info,player,Pune Warriors,AB Dinda
info,registry,people,A Nehra,96fd40ae
info,registry,people,AB Dinda,66b30f71
info,registry,people,AJ Pycroft,685d3f80
info,registry,people,AT Rayudu,70d205c9
info,registry,people,Asad Rauf,861606b7
info,registry,people,B Kumar,2e81a32d
info,registry,people,BR Doctrove,cbebf805
info,registry,people,Harbhajan Singh,8b5b6769
info,registry,people,JD Ryder,91ffa6c6
info,registry,people,JEC Franklin,cf73ad76
info,registry,people,KD Karthik,c03f1114
info,registry,people,M Kartik,abfeb126
info,registry,people,M Manhas,c42aaf71
info,registry,people,MJ Clarke,f842c2cf
info,registry,people,MM Patel,f0f628c7
info,registry,people,NA Patwardhan,e6ef687d
info,registry,people,NLTC Perera,0f12f9df
info,registry,people,PP Ojha,6c6591ab
info,registry,people,RG Sharma,740742ef
info,registry,people,RJ Peterson,26ff4c29
info,registry,people,RV Uthappa,1c17e270
info,registry,people,S Asnani,b04524bc
info,registry,people,SC Ganguly,725529bc
info,registry,people,SL Malinga,a12e1d51
info,registry,people,SPD Smith,30a45b23
info,registry,people,SR Tendulkar,d2c2b2d5
info,registry,people,WD Parnell,3a60e0b5
ball,1,0.1,Mumbai Indians,JEC Franklin,SR Tendulkar,M Kartik,0,0,,,,,,"",""
ball,1,0.2,Mumbai Indians,JEC Franklin,SR Tendulkar,M Kartik,2,0,,,,,,"",""
ball,1,0.3,Mumbai Indians,JEC Franklin,SR Tendulkar,M Kartik,1,0,,,,,,"",""
ball,1,0.4,Mumbai Indians,SR Tendulkar,JEC Franklin,M Kartik,0,0,,,,,,"",""
ball,1,0.5,Mumbai Indians,SR Tendulkar,JEC Franklin,M Kartik,1,0,,,,,,"",""
ball,1,0.6,Mumbai Indians,JEC Franklin,SR Tendulkar,M Kartik,0,0,,,,,,"",""
ball,1,1.1,Mumbai Indians,SR Tendulkar,JEC Franklin,AB Dinda,0,0,,,,,,"",""
ball,1,1.2,Mumbai Indians,SR Tendulkar,JEC Franklin,AB Dinda,0,0,,,,,,"",""
ball,1,1.3,Mumbai Indians,SR Tendulkar,JEC Franklin,AB Dinda,0,0,,,,,,"",""
ball,1,1.4,Mumbai Indians,SR Tendulkar,JEC Franklin,AB Dinda,0,0,,,,,,"",""
ball,1,1.5,Mumbai Indians,SR Tendulkar,JEC Franklin,AB Dinda,0,0,,,,,,"",""
ball,1,1.6,Mumbai Indians,SR Tendulkar,JEC Franklin,AB Dinda,0,0,,,,,,"",""
ball,1,2.1,Mumbai Indians,JEC Franklin,SR Tendulkar,WD Parnell,0,0,,,,,,"",""
ball,1,2.2,Mumbai Indians,JEC Franklin,SR Tendulkar,WD Parnell,1,0,,,,,,"",""
ball,1,2.3,Mumbai Indians,SR Tendulkar,JEC Franklin,WD Parnell,1,0,,,,,,"",""
ball,1,2.4,Mumbai Indians,JEC Franklin,SR Tendulkar,WD Parnell,0,0,,,,,,"",""
ball,1,2.5,Mumbai Indians,JEC Franklin,SR Tendulkar,WD Parnell,0,0,,,,,,"",""
ball,1,2.6,Mumbai Indians,JEC Franklin,SR Tendulkar,WD Parnell,0,1,,1,,,,"",""
ball,1,2.7,Mumbai Indians,JEC Franklin,SR Tendulkar,WD Parnell,4,0,,,,,,"",""
ball,1,3.1,Mumbai Indians,SR Tendulkar,JEC Franklin,AB Dinda,0,0,,,,,,"",""
ball,1,3.2,Mumbai Indians,SR Tendulkar,JEC Franklin,AB Dinda,4,0,,,,,,"",""
ball,1,3.3,Mumbai Indians,SR Tendulkar,JEC Franklin,AB Dinda,4,0,,,,,,"",""
ball,1,3.4,Mumbai Indians,SR Tendulkar,JEC Franklin,AB Dinda,4,0,,,,,,"",""
ball,1,3.5,Mumbai Indians,SR Tendulkar,JEC Franklin,AB Dinda,0,0,,,,,,"",""
ball,1,3.6,Mumbai Indians,SR Tendulkar,JEC Franklin,AB Dinda,1,0,,,,,,"",""
ball,1,4.1,Mumbai Indians,SR Tendulkar,JEC Franklin,B Kumar,1,0,,,,,,"",""
ball,1,4.2,Mumbai Indians,JEC Franklin,SR Tendulkar,B Kumar,0,1,,,,1,,"",""
ball,1,4.3,Mumbai Indians,SR Tendulkar,JEC Franklin,B Kumar,0,0,,,,,,"",""
ball,1,4.4,Mumbai Indians,SR Tendulkar,JEC Franklin,B Kumar,1,0,,,,,,"",""
ball,1,4.5,Mumbai Indians,JEC Franklin,SR Tendulkar,B Kumar,0,0,,,,,,"",""
ball,1,4.6,Mumbai Indians,JEC Franklin,SR Tendulkar,B Kumar,1,0,,,,,,"",""
ball,1,5.1,Mumbai Indians,JEC Franklin,SR Tendulkar,A Nehra,0,0,,,,,,"",""
ball,1,5.2,Mumbai Indians,JEC Franklin,SR Tendulkar,A Nehra,6,0,,,,,,"",""
ball,1,5.3,Mumbai Indians,JEC Franklin,SR Tendulkar,A Nehra,0,0,,,,,,"",""
ball,1,5.4,Mumbai Indians,JEC Franklin,SR Tendulkar,A Nehra,4,0,,,,,,"",""
ball,1,5.5,Mumbai Indians,JEC Franklin,SR Tendulkar,A Nehra,4,0,,,,,,"",""
ball,1,5.6,Mumbai Indians,JEC Franklin,SR Tendulkar,A Nehra,0,0,,,,,,"",""
ball,1,6.1,Mumbai Indians,SR Tendulkar,JEC Franklin,M Kartik,1,0,,,,,,"",""
ball,1,6.2,Mumbai Indians,JEC Franklin,SR Tendulkar,M Kartik,1,0,,,,,,"",""
ball,1,6.3,Mumbai Indians,SR Tendulkar,JEC Franklin,M Kartik,1,0,,,,,,"",""
ball,1,6.4,Mumbai Indians,JEC Franklin,SR Tendulkar,M Kartik,1,0,,,,,,"",""
ball,1,6.5,Mumbai Indians,SR Tendulkar,JEC Franklin,M Kartik,2,0,,,,,,"",""
ball,1,6.6,Mumbai Indians,SR Tendulkar,JEC Franklin,M Kartik,1,0,,,,,,"",""
ball,1,7.1,Mumbai Indians,SR Tendulkar,JEC Franklin,B Kumar,0,0,,,,,,"",""
ball,1,7.2,Mumbai Indians,SR Tendulkar,JEC Franklin,B Kumar,1,0,,,,,,"",""
ball,1,7.3,Mumbai Indians,JEC Franklin,SR Tendulkar,B Kumar,0,0,,,,,,"",""
ball,1,7.4,Mumbai Indians,JEC Franklin,SR Tendulkar,B Kumar,0,0,,,,,,caught,JEC Franklin
ball,1,7.5,Mumbai Indians,SR Tendulkar,RG Sharma,B Kumar,1,0,,,,,,"",""
ball,1,7.6,Mumbai Indians,RG Sharma,SR Tendulkar,B Kumar,1,0,,,,,,"",""
ball,1,8.1,Mumbai Indians,RG Sharma,SR Tendulkar,MJ Clarke,1,0,,,,,,"",""
ball,1,8.2,Mumbai Indians,SR Tendulkar,RG Sharma,MJ Clarke,0,1,,,,1,,"",""
ball,1,8.3,Mumbai Indians,RG Sharma,SR Tendulkar,MJ Clarke,1,0,,,,,,"",""
ball,1,8.4,Mumbai Indians,SR Tendulkar,RG Sharma,MJ Clarke,1,0,,,,,,"",""
ball,1,8.5,Mumbai Indians,RG Sharma,SR Tendulkar,MJ Clarke,0,0,,,,,,"",""
ball,1,8.6,Mumbai Indians,RG Sharma,SR Tendulkar,MJ Clarke,0,0,,,,,,run out,RG Sharma
ball,1,9.1,Mumbai Indians,SR Tendulkar,RJ Peterson,M Kartik,0,5,5,,,,,"",""
ball,1,9.2,Mumbai Indians,SR Tendulkar,RJ Peterson,M Kartik,4,0,,,,,,"",""
ball,1,9.3,Mumbai Indians,SR Tendulkar,RJ Peterson,M Kartik,1,0,,,,,,"",""
ball,1,9.4,Mumbai Indians,RJ Peterson,SR Tendulkar,M Kartik,0,0,,,,,,"",""
ball,1,9.5,Mumbai Indians,RJ Peterson,SR Tendulkar,M Kartik,4,0,,,,,,"",""
ball,1,9.6,Mumbai Indians,RJ Peterson,SR Tendulkar,M Kartik,1,0,,,,,,"",""
ball,1,9.7,Mumbai Indians,SR Tendulkar,RJ Peterson,M Kartik,1,0,,,,,,"",""
ball,1,10.1,Mumbai Indians,SR Tendulkar,RJ Peterson,MJ Clarke,1,0,,,,,,"",""
ball,1,10.2,Mumbai Indians,RJ Peterson,SR Tendulkar,MJ Clarke,0,0,,,,,,"",""
ball,1,10.3,Mumbai Indians,RJ Peterson,SR Tendulkar,MJ Clarke,2,0,,,,,,"",""
ball,1,10.4,Mumbai Indians,RJ Peterson,SR Tendulkar,MJ Clarke,1,0,,,,,,"",""
ball,1,10.5,Mumbai Indians,SR Tendulkar,RJ Peterson,MJ Clarke,1,0,,,,,,"",""
ball,1,10.6,Mumbai Indians,RJ Peterson,SR Tendulkar,MJ Clarke,1,0,,,,,,"",""
ball,1,11.1,Mumbai Indians,RJ Peterson,SR Tendulkar,A Nehra,0,0,,,,,,"",""
ball,1,11.2,Mumbai Indians,RJ Peterson,SR Tendulkar,A Nehra,0,1,,,1,,,"",""
ball,1,11.3,Mumbai Indians,SR Tendulkar,RJ Peterson,A Nehra,1,0,,,,,,"",""
ball,1,11.4,Mumbai Indians,RJ Peterson,SR Tendulkar,A Nehra,1,0,,,,,,"",""
ball,1,11.5,Mumbai Indians,SR Tendulkar,RJ Peterson,A Nehra,0,0,,,,,,"",""
ball,1,11.6,Mumbai Indians,SR Tendulkar,RJ Peterson,A Nehra,0,0,,,,,,caught,SR Tendulkar
ball,1,12.1,Mumbai Indians,RJ Peterson,KD Karthik,WD Parnell,1,0,,,,,,"",""
ball,1,12.2,Mumbai Indians,KD Karthik,RJ Peterson,WD Parnell,1,0,,,,,,"",""
ball,1,12.3,Mumbai Indians,RJ Peterson,KD Karthik,WD Parnell,1,0,,,,,,"",""
ball,1,12.4,Mumbai Indians,KD Karthik,RJ Peterson,WD Parnell,1,0,,,,,,"",""
ball,1,12.5,Mumbai Indians,RJ Peterson,KD Karthik,WD Parnell,1,0,,,,,,"",""
ball,1,12.6,Mumbai Indians,KD Karthik,RJ Peterson,WD Parnell,1,0,,,,,,"",""
ball,1,13.1,Mumbai Indians,KD Karthik,RJ Peterson,A Nehra,0,0,,,,,,"",""
ball,1,13.2,Mumbai Indians,KD Karthik,RJ Peterson,A Nehra,1,0,,,,,,"",""
ball,1,13.3,Mumbai Indians,RJ Peterson,KD Karthik,A Nehra,0,0,,,,,,caught,RJ Peterson
ball,1,13.4,Mumbai Indians,KD Karthik,AT Rayudu,A Nehra,0,0,,,,,,"",""
ball,1,13.5,Mumbai Indians,KD Karthik,AT Rayudu,A Nehra,1,0,,,,,,"",""
ball,1,13.6,Mumbai Indians,AT Rayudu,KD Karthik,A Nehra,0,0,,,,,,"",""
ball,1,14.1,Mumbai Indians,KD Karthik,AT Rayudu,B Kumar,1,0,,,,,,"",""
ball,1,14.2,Mumbai Indians,AT Rayudu,KD Karthik,B Kumar,1,0,,,,,,"",""
ball,1,14.3,Mumbai Indians,KD Karthik,AT Rayudu,B Kumar,0,0,,,,,,"",""
ball,1,14.4,Mumbai Indians,KD Karthik,AT Rayudu,B Kumar,1,0,,,,,,"",""
ball,1,14.5,Mumbai Indians,AT Rayudu,KD Karthik,B Kumar,0,0,,,,,,bowled,AT Rayudu
ball,1,14.6,Mumbai Indians,NLTC Perera,KD Karthik,B Kumar,0,0,,,,,,"",""
ball,1,15.1,Mumbai Indians,KD Karthik,NLTC Perera,A Nehra,0,0,,,,,,"",""
ball,1,15.2,Mumbai Indians,KD Karthik,NLTC Perera,A Nehra,0,0,,,,,,"",""
ball,1,15.3,Mumbai Indians,KD Karthik,NLTC Perera,A Nehra,1,0,,,,,,"",""
ball,1,15.4,Mumbai Indians,NLTC Perera,KD Karthik,A Nehra,0,0,,,,,,"",""
ball,1,15.5,Mumbai Indians,NLTC Perera,KD Karthik,A Nehra,0,0,,,,,,"",""
ball,1,15.6,Mumbai Indians,NLTC Perera,KD Karthik,A Nehra,0,0,,,,,,run out,NLTC Perera
ball,1,16.1,Mumbai Indians,Harbhajan Singh,KD Karthik,AB Dinda,0,0,,,,,,caught,Harbhajan Singh
ball,1,16.2,Mumbai Indians,SL Malinga,KD Karthik,AB Dinda,0,0,,,,,,"",""
ball,1,16.3,Mumbai Indians,SL Malinga,KD Karthik,AB Dinda,1,0,,,,,,"",""
ball,1,16.4,Mumbai Indians,KD Karthik,SL Malinga,AB Dinda,1,0,,,,,,"",""
ball,1,16.5,Mumbai Indians,SL Malinga,KD Karthik,AB Dinda,1,0,,,,,,"",""
ball,1,16.6,Mumbai Indians,KD Karthik,SL Malinga,AB Dinda,1,0,,,,,,"",""
ball,1,17.1,Mumbai Indians,KD Karthik,SL Malinga,WD Parnell,1,0,,,,,,"",""
ball,1,17.2,Mumbai Indians,SL Malinga,KD Karthik,WD Parnell,0,0,,,,,,"",""
ball,1,17.3,Mumbai Indians,SL Malinga,KD Karthik,WD Parnell,0,0,,,,,,"",""
ball,1,17.4,Mumbai Indians,SL Malinga,KD Karthik,WD Parnell,0,0,,,,,,"",""
ball,1,17.5,Mumbai Indians,SL Malinga,KD Karthik,WD Parnell,0,0,,,,,,"",""
ball,1,17.6,Mumbai Indians,SL Malinga,KD Karthik,WD Parnell,0,1,,,,1,,"",""
ball,1,18.1,Mumbai Indians,SL Malinga,KD Karthik,AB Dinda,0,0,,,,,,"",""
ball,1,18.2,Mumbai Indians,SL Malinga,KD Karthik,AB Dinda,1,0,,,,,,"",""
ball,1,18.3,Mumbai Indians,KD Karthik,SL Malinga,AB Dinda,4,0,,,,,,"",""
ball,1,18.4,Mumbai Indians,KD Karthik,SL Malinga,AB Dinda,0,1,,1,,,,"",""
ball,1,18.5,Mumbai Indians,KD Karthik,SL Malinga,AB Dinda,1,0,,,,,,"",""
ball,1,18.6,Mumbai Indians,SL Malinga,KD Karthik,AB Dinda,4,0,,,,,,"",""
ball,1,18.7,Mumbai Indians,SL Malinga,KD Karthik,AB Dinda,6,0,,,,,,"",""
ball,1,19.1,Mumbai Indians,KD Karthik,SL Malinga,WD Parnell,1,0,,,,,,"",""
ball,1,19.2,Mumbai Indians,SL Malinga,KD Karthik,WD Parnell,0,0,,,,,,"",""
ball,1,19.3,Mumbai Indians,SL Malinga,KD Karthik,WD Parnell,1,0,,,,,,"",""
ball,1,19.4,Mumbai Indians,KD Karthik,SL Malinga,WD Parnell,1,0,,,,,,run out,SL Malinga
ball,1,19.5,Mumbai Indians,PP Ojha,KD Karthik,WD Parnell,1,0,,,,,,"",""
ball,1,19.6,Mumbai Indians,KD Karthik,PP Ojha,WD Parnell,0,0,,,,,,run out,PP Ojha
ball,2,0.1,Pune Warriors,RV Uthappa,JD Ryder,SL Malinga,0,1,1,,,,,"",""
ball,2,0.2,Pune Warriors,RV Uthappa,JD Ryder,SL Malinga,0,0,,,,,,"",""
ball,2,0.3,Pune Warriors,RV Uthappa,JD Ryder,SL Malinga,0,0,,,,,,"",""
ball,2,0.4,Pune Warriors,RV Uthappa,JD Ryder,SL Malinga,0,0,,,,,,"",""
ball,2,0.5,Pune Warriors,RV Uthappa,JD Ryder,SL Malinga,0,0,,,,,,"",""
ball,2,0.6,Pune Warriors,RV Uthappa,JD Ryder,SL Malinga,4,0,,,,,,"",""
ball,2,0.7,Pune Warriors,RV Uthappa,JD Ryder,SL Malinga,1,0,,,,,,"",""
ball,2,1.1,Pune Warriors,RV Uthappa,JD Ryder,MM Patel,0,0,,,,,,"",""
ball,2,1.2,Pune Warriors,RV Uthappa,JD Ryder,MM Patel,0,0,,,,,,"",""
ball,2,1.3,Pune Warriors,RV Uthappa,JD Ryder,MM Patel,6,0,,,,,,"",""
ball,2,1.4,Pune Warriors,RV Uthappa,JD Ryder,MM Patel,0,0,,,,,,"",""
ball,2,1.5,Pune Warriors,RV Uthappa,JD Ryder,MM Patel,1,0,,,,,,"",""
ball,2,1.6,Pune Warriors,JD Ryder,RV Uthappa,MM Patel,0,0,,,,,,"",""
ball,2,2.1,Pune Warriors,RV Uthappa,JD Ryder,SL Malinga,0,0,,,,,,"",""
ball,2,2.2,Pune Warriors,RV Uthappa,JD Ryder,SL Malinga,0,0,,,,,,"",""
ball,2,2.3,Pune Warriors,RV Uthappa,JD Ryder,SL Malinga,0,0,,,,,,"",""
ball,2,2.4,Pune Warriors,RV Uthappa,JD Ryder,SL Malinga,2,0,,,,,,"",""
ball,2,2.5,Pune Warriors,RV Uthappa,JD Ryder,SL Malinga,0,0,,,,,,"",""
ball,2,2.6,Pune Warriors,RV Uthappa,JD Ryder,SL Malinga,4,0,,,,,,"",""
ball,2,3.1,Pune Warriors,JD Ryder,RV Uthappa,MM Patel,0,0,,,,,,"",""
ball,2,3.2,Pune Warriors,JD Ryder,RV Uthappa,MM Patel,1,0,,,,,,"",""
ball,2,3.3,Pune Warriors,RV Uthappa,JD Ryder,MM Patel,0,0,,,,,,lbw,RV Uthappa
ball,2,3.4,Pune Warriors,MJ Clarke,JD Ryder,MM Patel,0,0,,,,,,"",""
ball,2,3.5,Pune Warriors,MJ Clarke,JD Ryder,MM Patel,0,0,,,,,,"",""
ball,2,3.6,Pune Warriors,MJ Clarke,JD Ryder,MM Patel,0,0,,,,,,"",""
ball,2,4.1,Pune Warriors,JD Ryder,MJ Clarke,Harbhajan Singh,0,0,,,,,,"",""
ball,2,4.2,Pune Warriors,JD Ryder,MJ Clarke,Harbhajan Singh,1,0,,,,,,"",""
ball,2,4.3,Pune Warriors,MJ Clarke,JD Ryder,Harbhajan Singh,4,0,,,,,,"",""
ball,2,4.4,Pune Warriors,MJ Clarke,JD Ryder,Harbhajan Singh,4,0,,,,,,"",""
ball,2,4.5,Pune Warriors,MJ Clarke,JD Ryder,Harbhajan Singh,1,0,,,,,,"",""
ball,2,4.6,Pune Warriors,JD Ryder,MJ Clarke,Harbhajan Singh,1,0,,,,,,"",""
ball,2,5.1,Pune Warriors,JD Ryder,MJ Clarke,MM Patel,0,0,,,,,,"",""
ball,2,5.2,Pune Warriors,JD Ryder,MJ Clarke,MM Patel,0,0,,,,,,"",""
ball,2,5.3,Pune Warriors,JD Ryder,MJ Clarke,MM Patel,4,0,,,,,,"",""
ball,2,5.4,Pune Warriors,JD Ryder,MJ Clarke,MM Patel,1,0,,,,,,"",""
ball,2,5.5,Pune Warriors,MJ Clarke,JD Ryder,MM Patel,1,0,,,,,,"",""
ball,2,5.6,Pune Warriors,JD Ryder,MJ Clarke,MM Patel,0,0,,,,,,"",""
ball,2,6.1,Pune Warriors,MJ Clarke,JD Ryder,Harbhajan Singh,0,0,,,,,,"",""
ball,2,6.2,Pune Warriors,MJ Clarke,JD Ryder,Harbhajan Singh,1,0,,,,,,"",""
ball,2,6.3,Pune Warriors,JD Ryder,MJ Clarke,Harbhajan Singh,1,0,,,,,,"",""
ball,2,6.4,Pune Warriors,MJ Clarke,JD Ryder,Harbhajan Singh,1,0,,,,,,"",""
ball,2,6.5,Pune Warriors,JD Ryder,MJ Clarke,Harbhajan Singh,0,0,,,,,,caught,JD Ryder
ball,2,6.6,Pune Warriors,MJ Clarke,SC Ganguly,Harbhajan Singh,0,0,,,,,,"",""
ball,2,7.1,Pune Warriors,SC Ganguly,MJ Clarke,PP Ojha,1,0,,,,,,"",""
ball,2,7.2,Pune Warriors,MJ Clarke,SC Ganguly,PP Ojha,1,0,,,,,,"",""
ball,2,7.3,Pune Warriors,SC Ganguly,MJ Clarke,PP Ojha,0,0,,,,,,"",""
ball,2,7.4,Pune Warriors,SC Ganguly,MJ Clarke,PP Ojha,1,0,,,,,,"",""
ball,2,7.5,Pune Warriors,MJ Clarke,SC Ganguly,PP Ojha,1,0,,,,,,"",""
ball,2,7.6,Pune Warriors,SC Ganguly,MJ Clarke,PP Ojha,0,0,,,,,,"",""
ball,2,8.1,Pune Warriors,MJ Clarke,SC Ganguly,Harbhajan Singh,0,0,,,,,,"",""
ball,2,8.2,Pune Warriors,MJ Clarke,SC Ganguly,Harbhajan Singh,0,0,,,,,,lbw,MJ Clarke
ball,2,8.3,Pune Warriors,SPD Smith,SC Ganguly,Harbhajan Singh,0,0,,,,,,"",""
ball,2,8.4,Pune Warriors,SPD Smith,SC Ganguly,Harbhajan Singh,0,0,,,,,,"",""
ball,2,8.5,Pune Warriors,SPD Smith,SC Ganguly,Harbhajan Singh,1,0,,,,,,"",""
ball,2,8.6,Pune Warriors,SC Ganguly,SPD Smith,Harbhajan Singh,0,0,,,,,,"",""
ball,2,9.1,Pune Warriors,SPD Smith,SC Ganguly,PP Ojha,0,0,,,,,,"",""
ball,2,9.2,Pune Warriors,SPD Smith,SC Ganguly,PP Ojha,1,0,,,,,,"",""
ball,2,9.3,Pune Warriors,SC Ganguly,SPD Smith,PP Ojha,0,0,,,,,,"",""
ball,2,9.4,Pune Warriors,SC Ganguly,SPD Smith,PP Ojha,1,0,,,,,,"",""
ball,2,9.5,Pune Warriors,SPD Smith,SC Ganguly,PP Ojha,0,0,,,,,,bowled,SPD Smith
ball,2,9.6,Pune Warriors,M Manhas,SC Ganguly,PP Ojha,0,0,,,,,,"",""
ball,2,10.1,Pune Warriors,SC Ganguly,M Manhas,JEC Franklin,0,0,,,,,,"",""
ball,2,10.2,Pune Warriors,SC Ganguly,M Manhas,JEC Franklin,0,0,,,,,,"",""
ball,2,10.3,Pune Warriors,SC Ganguly,M Manhas,JEC Franklin,0,0,,,,,,"",""
ball,2,10.4,Pune Warriors,SC Ganguly,M Manhas,JEC Franklin,1,0,,,,,,"",""
ball,2,10.5,Pune Warriors,M Manhas,SC Ganguly,JEC Franklin,0,0,,,,,,"",""
ball,2,10.6,Pune Warriors,M Manhas,SC Ganguly,JEC Franklin,1,0,,,,,,"",""
ball,2,11.1,Pune Warriors,M Manhas,SC Ganguly,NLTC Perera,0,0,,,,,,"",""
ball,2,11.2,Pune Warriors,M Manhas,SC Ganguly,NLTC Perera,0,0,,,,,,"",""
ball,2,11.3,Pune Warriors,M Manhas,SC Ganguly,NLTC Perera,2,0,,,,,,"",""
ball,2,11.4,Pune Warriors,M Manhas,SC Ganguly,NLTC Perera,1,0,,,,,,"",""
ball,2,11.5,Pune Warriors,SC Ganguly,M Manhas,NLTC Perera,1,0,,,,,,"",""
ball,2,11.6,Pune Warriors,M Manhas,SC Ganguly,NLTC Perera,4,0,,,,,,"",""
ball,2,12.1,Pune Warriors,SC Ganguly,M Manhas,JEC Franklin,1,0,,,,,,"",""
ball,2,12.2,Pune Warriors,M Manhas,SC Ganguly,JEC Franklin,1,0,,,,,,"",""
ball,2,12.3,Pune Warriors,SC Ganguly,M Manhas,JEC Franklin,1,0,,,,,,"",""
ball,2,12.4,Pune Warriors,M Manhas,SC Ganguly,JEC Franklin,4,0,,,,,,"",""
ball,2,12.5,Pune Warriors,M Manhas,SC Ganguly,JEC Franklin,0,0,,,,,,"",""
ball,2,12.6,Pune Warriors,M Manhas,SC Ganguly,JEC Franklin,2,0,,,,,,"",""
ball,2,13.1,Pune Warriors,SC Ganguly,M Manhas,PP Ojha,1,0,,,,,,"",""
ball,2,13.2,Pune Warriors,M Manhas,SC Ganguly,PP Ojha,0,0,,,,,,"",""
ball,2,13.3,Pune Warriors,M Manhas,SC Ganguly,PP Ojha,0,0,,,,,,"",""
ball,2,13.4,Pune Warriors,M Manhas,SC Ganguly,PP Ojha,2,0,,,,,,"",""
ball,2,13.5,Pune Warriors,M Manhas,SC Ganguly,PP Ojha,4,0,,,,,,"",""
ball,2,13.6,Pune Warriors,M Manhas,SC Ganguly,PP Ojha,0,0,,,,,,"",""
ball,2,14.1,Pune Warriors,SC Ganguly,M Manhas,Harbhajan Singh,0,1,1,,,,,"",""
ball,2,14.2,Pune Warriors,SC Ganguly,M Manhas,Harbhajan Singh,0,0,,,,,,"",""
ball,2,14.3,Pune Warriors,SC Ganguly,M Manhas,Harbhajan Singh,0,0,,,,,,"",""
ball,2,14.4,Pune Warriors,SC Ganguly,M Manhas,Harbhajan Singh,0,0,,,,,,"",""
ball,2,14.5,Pune Warriors,SC Ganguly,M Manhas,Harbhajan Singh,1,0,,,,,,"",""
ball,2,14.6,Pune Warriors,M Manhas,SC Ganguly,Harbhajan Singh,0,0,,,,,,"",""
ball,2,14.7,Pune Warriors,M Manhas,SC Ganguly,Harbhajan Singh,1,0,,,,,,"",""
ball,2,15.1,Pune Warriors,M Manhas,SC Ganguly,JEC Franklin,1,0,,,,,,"",""
ball,2,15.2,Pune Warriors,SC Ganguly,M Manhas,JEC Franklin,1,0,,,,,,"",""
ball,2,15.3,Pune Warriors,M Manhas,SC Ganguly,JEC Franklin,1,0,,,,,,"",""
ball,2,15.4,Pune Warriors,SC Ganguly,M Manhas,JEC Franklin,1,0,,,,,,"",""
ball,2,15.5,Pune Warriors,M Manhas,SC Ganguly,JEC Franklin,4,0,,,,,,"",""
ball,2,15.6,Pune Warriors,M Manhas,SC Ganguly,JEC Franklin,1,0,,,,,,"",""
ball,2,16.1,Pune Warriors,M Manhas,SC Ganguly,SL Malinga,1,0,,,,,,"",""
ball,2,16.2,Pune Warriors,SC Ganguly,M Manhas,SL Malinga,1,0,,,,,,"",""
ball,2,16.3,Pune Warriors,M Manhas,SC Ganguly,SL Malinga,0,0,,,,,,"",""
ball,2,16.4,Pune Warriors,M Manhas,SC Ganguly,SL Malinga,1,0,,,,,,"",""
ball,2,16.5,Pune Warriors,SC Ganguly,M Manhas,SL Malinga,4,0,,,,,,"",""
ball,2,16.6,Pune Warriors,SC Ganguly,M Manhas,SL Malinga,0,1,1,,,,,"",""
ball,2,16.7,Pune Warriors,SC Ganguly,M Manhas,SL Malinga,0,1,1,,,,,"",""
ball,2,16.8,Pune Warriors,SC Ganguly,M Manhas,SL Malinga,0,0,,,,,,bowled,SC Ganguly
ball,2,17.1,Pune Warriors,M Manhas,WD Parnell,PP Ojha,4,0,,,,,,"",""
ball,2,17.2,Pune Warriors,M Manhas,WD Parnell,PP Ojha,1,0,,,,,,"",""
ball,2,17.3,Pune Warriors,WD Parnell,M Manhas,PP Ojha,1,0,,,,,,"",""
ball,2,17.4,Pune Warriors,M Manhas,WD Parnell,PP Ojha,1,0,,,,,,"",""
ball,2,17.5,Pune Warriors,WD Parnell,M Manhas,PP Ojha,0,1,1,,,,,"",""
ball,2,17.6,Pune Warriors,WD Parnell,M Manhas,PP Ojha,1,0,,,,,,"",""
ball,2,17.7,Pune Warriors,M Manhas,WD Parnell,PP Ojha,2,0,,,,,,"",""
ball,2,18.1,Pune Warriors,WD Parnell,M Manhas,SL Malinga,0,0,,,,,,"",""
ball,2,18.2,Pune Warriors,WD Parnell,M Manhas,SL Malinga,0,0,,,,,,caught,WD Parnell
ball,2,18.3,Pune Warriors,B Kumar,M Manhas,SL Malinga,2,0,,,,,,"",""
ball,2,18.4,Pune Warriors,B Kumar,M Manhas,SL Malinga,0,0,,,,,,"",""
ball,2,18.5,Pune Warriors,B Kumar,M Manhas,SL Malinga,1,0,,,,,,"",""
ball,2,18.6,Pune Warriors,M Manhas,B Kumar,SL Malinga,1,0,,,,,,"",""
ball,2,19.1,Pune Warriors,M Manhas,B Kumar,MM Patel,0,0,,,,,,"",""
ball,2,19.2,Pune Warriors,M Manhas,B Kumar,MM Patel,0,1,1,,,,,"",""
ball,2,19.3,Pune Warriors,M Manhas,B Kumar,MM Patel,1,0,,,,,,"",""
ball,2,19.4,Pune Warriors,B Kumar,M Manhas,MM Patel,1,0,,,,,,"",""
ball,2,19.5,Pune Warriors,M Manhas,B Kumar,MM Patel,1,0,,,,,,"",""
ball,2,19.6,Pune Warriors,B Kumar,M Manhas,MM Patel,4,0,,,,,,"",""
ball,2,19.7,Pune Warriors,B Kumar,M Manhas,MM Patel,2,0,,,,,,"",""
