version,1.6.0
info,balls_per_over,6
info,team,Chennai Super Kings
info,team,Kolkata Knight Riders
info,gender,male
info,season,2012
info,date,2012/04/30
info,event,Indian Premier League
info,match_number,41
info,venue,"MA Chidambaram Stadium, Chepauk"
info,city,Chennai
info,toss_winner,Chennai Super Kings
info,toss_decision,bat
info,player_of_match,G Gambhir
info,umpire,BF Bowden
info,umpire,C Shamshuddin
info,reserve_umpire,K Srinivasan
info,tv_umpire,SK Tarapore
info,match_referee,RS Mahanama
info,winner,Kolkata Knight Riders
info,winner_wickets,5
info,player,Chennai Super Kings,F du Plessis
info,player,Chennai Super Kings,MEK Hussey
info,player,Chennai Super Kings,SK Raina
info,player,Chennai Super Kings,DJ Bravo
info,player,Chennai Super Kings,MS Dhoni
info,player,Chennai Super Kings,RA Jadeja
info,player,Chennai Super Kings,JA Morkel
info,player,Chennai Super Kings,S Badrinath
info,player,Chennai Super Kings,R Ashwin
info,player,Chennai Super Kings,SB Jakati
info,player,Chennai Super Kings,VY Mahesh
info,player,Kolkata Knight Riders,G Gambhir
info,player,Kolkata Knight Riders,BB McCullum
info,player,Kolkata Knight Riders,JH Kallis
info,player,Kolkata Knight Riders,MK Tiwary
info,player,Kolkata Knight Riders,YK Pathan
info,player,Kolkata Knight Riders,DB Das
info,player,Kolkata Knight Riders,LR Shukla
info,player,Kolkata Knight Riders,R Bhatia
info,player,Kolkata Knight Riders,SP Narine
info,player,Kolkata Knight Riders,B Lee
info,player,Kolkata Knight Riders,Iqbal Abdulla
info,registry,people,B Lee,dd09ff8e
info,registry,people,BB McCullum,b8a55852
info,registry,people,BF Bowden,efc0a862
info,registry,people,C Shamshuddin,0f9d921b
info,registry,people,DB Das,7050a1e7
info,registry,people,DJ Bravo,87e562a9
info,registry,people,F du Plessis,3355b542
info,registry,people,G Gambhir,bb345e0b
info,registry,people,Iqbal Abdulla,85aae393
info,registry,people,JA Morkel,c3d35165
info,registry,people,JH Kallis,86dc8f2e
info,registry,people,K Srinivasan,042a8b69
info,registry,people,LR Shukla,b1451597
info,registry,people,MEK Hussey,48fd7349
info,registry,people,MK Tiwary,26e5cabf
info,registry,people,MS Dhoni,4a8a2e3b
info,registry,people,R Ashwin,495d42a5
info,registry,people,R Bhatia,33a364a6
info,registry,people,RA Jadeja,fe93fd9d
info,registry,people,RS Mahanama,57910393
info,registry,people,S Badrinath,3576e47e
info,registry,people,SB Jakati,c8179c68
info,registry,people,SK Raina,1dc12ab9
info,registry,people,SK Tarapore,62a824b4
info,registry,people,SP Narine,9d430b40
info,registry,people,VY Mahesh,93a17209
info,registry,people,YK Pathan,3c6ffae8
ball,1,0.1,Chennai Super Kings,F du Plessis,MEK Hussey,Iqbal Abdulla,2,0,,,,,,"",""
ball,1,0.2,Chennai Super Kings,F du Plessis,MEK Hussey,Iqbal Abdulla,0,0,,,,,,"",""
ball,1,0.3,Chennai Super Kings,F du Plessis,MEK Hussey,Iqbal Abdulla,1,0,,,,,,"",""
ball,1,0.4,Chennai Super Kings,MEK Hussey,F du Plessis,Iqbal Abdulla,0,0,,,,,,"",""
ball,1,0.5,Chennai Super Kings,MEK Hussey,F du Plessis,Iqbal Abdulla,0,0,,,,,,"",""
ball,1,0.6,Chennai Super Kings,MEK Hussey,F du Plessis,Iqbal Abdulla,1,0,,,,,,"",""
ball,1,1.1,Chennai Super Kings,MEK Hussey,F du Plessis,B Lee,0,0,,,,,,"",""
ball,1,1.2,Chennai Super Kings,MEK Hussey,F du Plessis,B Lee,0,0,,,,,,"",""
ball,1,1.3,Chennai Super Kings,MEK Hussey,F du Plessis,B Lee,1,0,,,,,,"",""
ball,1,1.4,Chennai Super Kings,F du Plessis,MEK Hussey,B Lee,0,0,,,,,,caught,F du Plessis
ball,1,1.5,Chennai Super Kings,SK Raina,MEK Hussey,B Lee,0,0,,,,,,"",""
ball,1,1.6,Chennai Super Kings,SK Raina,MEK Hussey,B Lee,0,0,,,,,,"",""
ball,1,2.1,Chennai Super Kings,MEK Hussey,SK Raina,YK Pathan,4,0,,,,,,"",""
ball,1,2.2,Chennai Super Kings,MEK Hussey,SK Raina,YK Pathan,0,1,1,,,,,"",""
ball,1,2.3,Chennai Super Kings,MEK Hussey,SK Raina,YK Pathan,3,0,,,,,,"",""
ball,1,2.4,Chennai Super Kings,SK Raina,MEK Hussey,YK Pathan,0,0,,,,,,"",""
ball,1,2.5,Chennai Super Kings,SK Raina,MEK Hussey,YK Pathan,1,0,,,,,,"",""
ball,1,2.6,Chennai Super Kings,MEK Hussey,SK Raina,YK Pathan,0,0,,,,,,"",""
ball,1,2.7,Chennai Super Kings,MEK Hussey,SK Raina,YK Pathan,1,0,,,,,,"",""
ball,1,3.1,Chennai Super Kings,MEK Hussey,SK Raina,B Lee,0,0,,,,,,"",""
ball,1,3.2,Chennai Super Kings,MEK Hussey,SK Raina,B Lee,0,0,,,,,,"",""
ball,1,3.3,Chennai Super Kings,MEK Hussey,SK Raina,B Lee,2,0,,,,,,"",""
ball,1,3.4,Chennai Super Kings,MEK Hussey,SK Raina,B Lee,1,0,,,,,,"",""
ball,1,3.5,Chennai Super Kings,SK Raina,MEK Hussey,B Lee,6,0,,,,,,"",""
ball,1,3.6,Chennai Super Kings,SK Raina,MEK Hussey,B Lee,2,0,,,,,,"",""
ball,1,4.1,Chennai Super Kings,MEK Hussey,SK Raina,SP Narine,0,0,,,,,,"",""
ball,1,4.2,Chennai Super Kings,MEK Hussey,SK Raina,SP Narine,1,0,,,,,,"",""
ball,1,4.3,Chennai Super Kings,SK Raina,MEK Hussey,SP Narine,1,0,,,,,,"",""
ball,1,4.4,Chennai Super Kings,MEK Hussey,SK Raina,SP Narine,0,0,,,,,,"",""
ball,1,4.5,Chennai Super Kings,MEK Hussey,SK Raina,SP Narine,4,0,,,,,,"",""
ball,1,4.6,Chennai Super Kings,MEK Hussey,SK Raina,SP Narine,0,0,,,,,,run out,MEK Hussey
ball,1,5.1,Chennai Super Kings,SK Raina,DJ Bravo,Iqbal Abdulla,0,0,,,,,,"",""
ball,1,5.2,Chennai Super Kings,SK Raina,DJ Bravo,Iqbal Abdulla,0,0,,,,,,"",""
ball,1,5.3,Chennai Super Kings,SK Raina,DJ Bravo,Iqbal Abdulla,4,0,,,,,,"",""
ball,1,5.4,Chennai Super Kings,SK Raina,DJ Bravo,Iqbal Abdulla,1,0,,,,,,"",""
ball,1,5.5,Chennai Super Kings,DJ Bravo,SK Raina,Iqbal Abdulla,0,0,,,,,,"",""
ball,1,5.6,Chennai Super Kings,DJ Bravo,SK Raina,Iqbal Abdulla,6,0,,,,,,"",""
ball,1,6.1,Chennai Super Kings,SK Raina,DJ Bravo,JH Kallis,4,0,,,,,,"",""
ball,1,6.2,Chennai Super Kings,SK Raina,DJ Bravo,JH Kallis,1,0,,,,,,"",""
ball,1,6.3,Chennai Super Kings,DJ Bravo,SK Raina,JH Kallis,0,0,,,,,,"",""
ball,1,6.4,Chennai Super Kings,DJ Bravo,SK Raina,JH Kallis,1,0,,,,,,"",""
ball,1,6.5,Chennai Super Kings,SK Raina,DJ Bravo,JH Kallis,0,0,,,,,,"",""
ball,1,6.6,Chennai Super Kings,SK Raina,DJ Bravo,JH Kallis,1,0,,,,,,"",""
ball,1,7.1,Chennai Super Kings,SK Raina,DJ Bravo,R Bhatia,1,0,,,,,,"",""
ball,1,7.2,Chennai Super Kings,DJ Bravo,SK Raina,R Bhatia,1,0,,,,,,"",""
ball,1,7.3,Chennai Super Kings,SK Raina,DJ Bravo,R Bhatia,2,0,,,,,,"",""
ball,1,7.4,Chennai Super Kings,SK Raina,DJ Bravo,R Bhatia,4,0,,,,,,"",""
ball,1,7.5,Chennai Super Kings,SK Raina,DJ Bravo,R Bhatia,1,0,,,,,,"",""
ball,1,7.6,Chennai Super Kings,DJ Bravo,SK Raina,R Bhatia,1,0,,,,,,"",""
ball,1,8.1,Chennai Super Kings,DJ Bravo,SK Raina,JH Kallis,1,0,,,,,,"",""
ball,1,8.2,Chennai Super Kings,SK Raina,DJ Bravo,JH Kallis,4,0,,,,,,"",""
ball,1,8.3,Chennai Super Kings,SK Raina,DJ Bravo,JH Kallis,0,0,,,,,,"",""
ball,1,8.4,Chennai Super Kings,SK Raina,DJ Bravo,JH Kallis,1,0,,,,,,"",""
ball,1,8.5,Chennai Super Kings,DJ Bravo,SK Raina,JH Kallis,0,1,1,,,,,"",""
ball,1,8.6,Chennai Super Kings,DJ Bravo,SK Raina,JH Kallis,0,0,,,,,,"",""
ball,1,8.7,Chennai Super Kings,DJ Bravo,SK Raina,JH Kallis,0,0,,,,,,"",""
ball,1,9.1,Chennai Super Kings,SK Raina,DJ Bravo,R Bhatia,3,0,,,,,,"",""
ball,1,9.2,Chennai Super Kings,DJ Bravo,SK Raina,R Bhatia,1,0,,,,,,"",""
ball,1,9.3,Chennai Super Kings,SK Raina,DJ Bravo,R Bhatia,0,0,,,,,,"",""
ball,1,9.4,Chennai Super Kings,SK Raina,DJ Bravo,R Bhatia,0,0,,,,,,"",""
ball,1,9.5,Chennai Super Kings,SK Raina,DJ Bravo,R Bhatia,1,0,,,,,,"",""
ball,1,9.6,Chennai Super Kings,DJ Bravo,SK Raina,R Bhatia,0,1,1,,,,,"",""
ball,1,9.7,Chennai Super Kings,DJ Bravo,SK Raina,R Bhatia,1,0,,,,,,"",""
ball,1,10.1,Chennai Super Kings,DJ Bravo,SK Raina,JH Kallis,0,0,,,,,,caught,DJ Bravo
ball,1,10.2,Chennai Super Kings,SK Raina,MS Dhoni,JH Kallis,1,0,,,,,,"",""
ball,1,10.3,Chennai Super Kings,MS Dhoni,SK Raina,JH Kallis,0,0,,,,,,"",""
ball,1,10.4,Chennai Super Kings,MS Dhoni,SK Raina,JH Kallis,0,0,,,,,,"",""
ball,1,10.5,Chennai Super Kings,MS Dhoni,SK Raina,JH Kallis,1,0,,,,,,"",""
ball,1,10.6,Chennai Super Kings,SK Raina,MS Dhoni,JH Kallis,1,0,,,,,,"",""
ball,1,11.1,Chennai Super Kings,SK Raina,MS Dhoni,LR Shukla,1,0,,,,,,"",""
ball,1,11.2,Chennai Super Kings,MS Dhoni,SK Raina,LR Shukla,1,0,,,,,,"",""
ball,1,11.3,Chennai Super Kings,SK Raina,MS Dhoni,LR Shukla,1,0,,,,,,"",""
ball,1,11.4,Chennai Super Kings,MS Dhoni,SK Raina,LR Shukla,2,0,,,,,,"",""
ball,1,11.5,Chennai Super Kings,MS Dhoni,SK Raina,LR Shukla,2,0,,,,,,"",""
ball,1,11.6,Chennai Super Kings,MS Dhoni,SK Raina,LR Shukla,0,0,,,,,,"",""
ball,1,12.1,Chennai Super Kings,SK Raina,MS Dhoni,JH Kallis,1,0,,,,,,"",""
ball,1,12.2,Chennai Super Kings,MS Dhoni,SK Raina,JH Kallis,1,0,,,,,,"",""
ball,1,12.3,Chennai Super Kings,SK Raina,MS Dhoni,JH Kallis,0,0,,,,,,"",""
ball,1,12.4,Chennai Super Kings,SK Raina,MS Dhoni,JH Kallis,1,0,,,,,,"",""
ball,1,12.5,Chennai Super Kings,MS Dhoni,SK Raina,JH Kallis,1,0,,,,,,"",""
ball,1,12.6,Chennai Super Kings,SK Raina,MS Dhoni,JH Kallis,0,0,,,,,,caught,SK Raina
ball,1,13.1,Chennai Super Kings,RA Jadeja,MS Dhoni,Iqbal Abdulla,1,0,,,,,,"",""
ball,1,13.2,Chennai Super Kings,MS Dhoni,RA Jadeja,Iqbal Abdulla,0,0,,,,,,"",""
ball,1,13.3,Chennai Super Kings,MS Dhoni,RA Jadeja,Iqbal Abdulla,1,0,,,,,,"",""
ball,1,13.4,Chennai Super Kings,RA Jadeja,MS Dhoni,Iqbal Abdulla,0,1,,,,1,,"",""
ball,1,13.5,Chennai Super Kings,MS Dhoni,RA Jadeja,Iqbal Abdulla,0,0,,,,,,"",""
ball,1,13.6,Chennai Super Kings,MS Dhoni,RA Jadeja,Iqbal Abdulla,1,0,,,,,,"",""
ball,1,14.1,Chennai Super Kings,MS Dhoni,RA Jadeja,R Bhatia,1,0,,,,,,"",""
ball,1,14.2,Chennai Super Kings,RA Jadeja,MS Dhoni,R Bhatia,1,0,,,,,,"",""
ball,1,14.3,Chennai Super Kings,MS Dhoni,RA Jadeja,R Bhatia,0,1,,,,1,,"",""
ball,1,14.4,Chennai Super Kings,RA Jadeja,MS Dhoni,R Bhatia,1,0,,,,,,"",""
ball,1,14.5,Chennai Super Kings,MS Dhoni,RA Jadeja,R Bhatia,1,0,,,,,,"",""
ball,1,14.6,Chennai Super Kings,RA Jadeja,MS Dhoni,R Bhatia,1,0,,,,,,"",""
ball,1,15.1,Chennai Super Kings,RA Jadeja,MS Dhoni,SP Narine,0,0,,,,,,"",""
ball,1,15.2,Chennai Super Kings,RA Jadeja,MS Dhoni,SP Narine,0,0,,,,,,"",""
ball,1,15.3,Chennai Super Kings,RA Jadeja,MS Dhoni,SP Narine,2,0,,,,,,"",""
ball,1,15.4,Chennai Super Kings,RA Jadeja,MS Dhoni,SP Narine,1,0,,,,,,"",""
ball,1,15.5,Chennai Super Kings,MS Dhoni,RA Jadeja,SP Narine,0,0,,,,,,"",""
ball,1,15.6,Chennai Super Kings,MS Dhoni,RA Jadeja,SP Narine,1,0,,,,,,"",""
ball,1,16.1,Chennai Super Kings,MS Dhoni,RA Jadeja,B Lee,4,0,,,,,,"",""
ball,1,16.2,Chennai Super Kings,MS Dhoni,RA Jadeja,B Lee,2,0,,,,,,"",""
ball,1,16.3,Chennai Super Kings,MS Dhoni,RA Jadeja,B Lee,2,0,,,,,,"",""
ball,1,16.4,Chennai Super Kings,MS Dhoni,RA Jadeja,B Lee,1,0,,,,,,"",""
ball,1,16.5,Chennai Super Kings,RA Jadeja,MS Dhoni,B Lee,1,0,,,,,,"",""
ball,1,16.6,Chennai Super Kings,MS Dhoni,RA Jadeja,B Lee,1,0,,,,,,"",""
ball,1,17.1,Chennai Super Kings,MS Dhoni,RA Jadeja,SP Narine,2,0,,,,,,"",""
ball,1,17.2,Chennai Super Kings,MS Dhoni,RA Jadeja,SP Narine,1,0,,,,,,"",""
ball,1,17.3,Chennai Super Kings,RA Jadeja,MS Dhoni,SP Narine,0,0,,,,,,"",""
ball,1,17.4,Chennai Super Kings,RA Jadeja,MS Dhoni,SP Narine,1,0,,,,,,"",""
ball,1,17.5,Chennai Super Kings,MS Dhoni,RA Jadeja,SP Narine,1,0,,,,,,"",""
ball,1,17.6,Chennai Super Kings,RA Jadeja,MS Dhoni,SP Narine,0,0,,,,,,caught,RA Jadeja
ball,1,18.1,Chennai Super Kings,JA Morkel,MS Dhoni,B Lee,1,0,,,,,,"",""
ball,1,18.2,Chennai Super Kings,MS Dhoni,JA Morkel,B Lee,2,0,,,,,,"",""
ball,1,18.3,Chennai Super Kings,MS Dhoni,JA Morkel,B Lee,4,0,,,,,,"",""
ball,1,18.4,Chennai Super Kings,MS Dhoni,JA Morkel,B Lee,1,0,,,,,,"",""
ball,1,18.5,Chennai Super Kings,JA Morkel,MS Dhoni,B Lee,2,0,,,,,,"",""
ball,1,18.6,Chennai Super Kings,JA Morkel,MS Dhoni,B Lee,1,0,,,,,,"",""
ball,1,19.1,Chennai Super Kings,JA Morkel,MS Dhoni,SP Narine,1,0,,,,,,"",""
ball,1,19.2,Chennai Super Kings,MS Dhoni,JA Morkel,SP Narine,0,1,,,1,,,"",""
ball,1,19.3,Chennai Super Kings,JA Morkel,MS Dhoni,SP Narine,2,0,,,,,,"",""
ball,1,19.4,Chennai Super Kings,JA Morkel,MS Dhoni,SP Narine,2,0,,,,,,"",""
ball,1,19.5,Chennai Super Kings,JA Morkel,MS Dhoni,SP Narine,2,0,,,,,,"",""
ball,1,19.6,Chennai Super Kings,JA Morkel,MS Dhoni,SP Narine,2,0,,,,,,"",""
ball,2,0.1,Kolkata Knight Riders,G Gambhir,BB McCullum,SB Jakati,4,0,,,,,,"",""
ball,2,0.2,Kolkata Knight Riders,G Gambhir,BB McCullum,SB Jakati,0,0,,,,,,"",""
ball,2,0.3,Kolkata Knight Riders,G Gambhir,BB McCullum,SB Jakati,1,0,,,,,,"",""
ball,2,0.4,Kolkata Knight Riders,BB McCullum,G Gambhir,SB Jakati,1,0,,,,,,"",""
ball,2,0.5,Kolkata Knight Riders,G Gambhir,BB McCullum,SB Jakati,1,0,,,,,,"",""
ball,2,0.6,Kolkata Knight Riders,BB McCullum,G Gambhir,SB Jakati,0,0,,,,,,"",""
ball,2,1.1,Kolkata Knight Riders,G Gambhir,BB McCullum,JA Morkel,0,0,,,,,,"",""
ball,2,1.2,Kolkata Knight Riders,G Gambhir,BB McCullum,JA Morkel,0,0,,,,,,"",""
ball,2,1.3,Kolkata Knight Riders,G Gambhir,BB McCullum,JA Morkel,1,0,,,,,,"",""
ball,2,1.4,Kolkata Knight Riders,BB McCullum,G Gambhir,JA Morkel,1,0,,,,,,"",""
ball,2,1.5,Kolkata Knight Riders,G Gambhir,BB McCullum,JA Morkel,4,0,,,,,,"",""
ball,2,1.6,Kolkata Knight Riders,G Gambhir,BB McCullum,JA Morkel,0,1,1,,,,,"",""
ball,2,1.7,Kolkata Knight Riders,G Gambhir,BB McCullum,JA Morkel,0,0,,,,,,"",""
ball,2,2.1,Kolkata Knight Riders,BB McCullum,G Gambhir,R Ashwin,0,0,,,,,,"",""
ball,2,2.2,Kolkata Knight Riders,BB McCullum,G Gambhir,R Ashwin,0,0,,,,,,"",""
ball,2,2.3,Kolkata Knight Riders,BB McCullum,G Gambhir,R Ashwin,0,0,,,,,,"",""
ball,2,2.4,Kolkata Knight Riders,BB McCullum,G Gambhir,R Ashwin,0,0,,,,,,"",""
ball,2,2.5,Kolkata Knight Riders,BB McCullum,G Gambhir,R Ashwin,0,0,,,,,,caught,BB McCullum
ball,2,2.6,Kolkata Knight Riders,JH Kallis,G Gambhir,R Ashwin,0,1,1,,,,,"",""
ball,2,2.7,Kolkata Knight Riders,JH Kallis,G Gambhir,R Ashwin,0,0,,,,,,"",""
ball,2,3.1,Kolkata Knight Riders,G Gambhir,JH Kallis,JA Morkel,0,0,,,,,,"",""
ball,2,3.2,Kolkata Knight Riders,G Gambhir,JH Kallis,JA Morkel,0,1,1,,,,,"",""
ball,2,3.3,Kolkata Knight Riders,G Gambhir,JH Kallis,JA Morkel,0,0,,,,,,"",""
ball,2,3.4,Kolkata Knight Riders,G Gambhir,JH Kallis,JA Morkel,4,0,,,,,,"",""
ball,2,3.5,Kolkata Knight Riders,G Gambhir,JH Kallis,JA Morkel,0,0,,,,,,"",""
ball,2,3.6,Kolkata Knight Riders,G Gambhir,JH Kallis,JA Morkel,0,1,,,,1,,"",""
ball,2,3.7,Kolkata Knight Riders,JH Kallis,G Gambhir,JA Morkel,0,0,,,,,,"",""
ball,2,4.1,Kolkata Knight Riders,G Gambhir,JH Kallis,R Ashwin,1,0,,,,,,"",""
ball,2,4.2,Kolkata Knight Riders,JH Kallis,G Gambhir,R Ashwin,6,0,,,,,,"",""
ball,2,4.3,Kolkata Knight Riders,JH Kallis,G Gambhir,R Ashwin,0,0,,,,,,"",""
ball,2,4.4,Kolkata Knight Riders,JH Kallis,G Gambhir,R Ashwin,1,0,,,,,,"",""
ball,2,4.5,Kolkata Knight Riders,G Gambhir,JH Kallis,R Ashwin,1,0,,,,,,"",""
ball,2,4.6,Kolkata Knight Riders,JH Kallis,G Gambhir,R Ashwin,1,0,,,,,,"",""
ball,2,5.1,Kolkata Knight Riders,JH Kallis,G Gambhir,JA Morkel,1,0,,,,,,"",""
ball,2,5.2,Kolkata Knight Riders,G Gambhir,JH Kallis,JA Morkel,0,0,,,,,,"",""
ball,2,5.3,Kolkata Knight Riders,G Gambhir,JH Kallis,JA Morkel,1,0,,,,,,"",""
ball,2,5.4,Kolkata Knight Riders,JH Kallis,G Gambhir,JA Morkel,0,1,1,,,,,"",""
ball,2,5.5,Kolkata Knight Riders,JH Kallis,G Gambhir,JA Morkel,0,1,,1,,,,"",""
ball,2,5.6,Kolkata Knight Riders,JH Kallis,G Gambhir,JA Morkel,0,0,,,,,,"",""
ball,2,5.7,Kolkata Knight Riders,JH Kallis,G Gambhir,JA Morkel,1,0,,,,,,"",""
ball,2,5.8,Kolkata Knight Riders,G Gambhir,JH Kallis,JA Morkel,0,1,1,,,,,"",""
ball,2,5.9,Kolkata Knight Riders,G Gambhir,JH Kallis,JA Morkel,0,0,,,,,,"",""
ball,2,6.1,Kolkata Knight Riders,JH Kallis,G Gambhir,SB Jakati,1,0,,,,,,"",""
ball,2,6.2,Kolkata Knight Riders,G Gambhir,JH Kallis,SB Jakati,1,0,,,,,,"",""
ball,2,6.3,Kolkata Knight Riders,JH Kallis,G Gambhir,SB Jakati,0,0,,,,,,"",""
ball,2,6.4,Kolkata Knight Riders,JH Kallis,G Gambhir,SB Jakati,1,0,,,,,,"",""
ball,2,6.5,Kolkata Knight Riders,G Gambhir,JH Kallis,SB Jakati,6,0,,,,,,"",""
ball,2,6.6,Kolkata Knight Riders,G Gambhir,JH Kallis,SB Jakati,1,0,,,,,,"",""
ball,2,7.1,Kolkata Knight Riders,G Gambhir,JH Kallis,VY Mahesh,1,0,,,,,,"",""
ball,2,7.2,Kolkata Knight Riders,JH Kallis,G Gambhir,VY Mahesh,1,0,,,,,,"",""
ball,2,7.3,Kolkata Knight Riders,G Gambhir,JH Kallis,VY Mahesh,1,0,,,,,,"",""
ball,2,7.4,Kolkata Knight Riders,JH Kallis,G Gambhir,VY Mahesh,0,1,1,,,,,"",""
ball,2,7.5,Kolkata Knight Riders,JH Kallis,G Gambhir,VY Mahesh,0,1,1,,,,,"",""
ball,2,7.6,Kolkata Knight Riders,JH Kallis,G Gambhir,VY Mahesh,1,0,,,,,,"",""
ball,2,7.7,Kolkata Knight Riders,G Gambhir,JH Kallis,VY Mahesh,4,0,,,,,,"",""
ball,2,7.8,Kolkata Knight Riders,G Gambhir,JH Kallis,VY Mahesh,1,0,,,,,,"",""
ball,2,8.1,Kolkata Knight Riders,G Gambhir,JH Kallis,RA Jadeja,0,0,,,,,,"",""
ball,2,8.2,Kolkata Knight Riders,G Gambhir,JH Kallis,RA Jadeja,1,0,,,,,,"",""
ball,2,8.3,Kolkata Knight Riders,JH Kallis,G Gambhir,RA Jadeja,1,0,,,,,,"",""
ball,2,8.4,Kolkata Knight Riders,G Gambhir,JH Kallis,RA Jadeja,0,1,1,,,,,"",""
ball,2,8.5,Kolkata Knight Riders,G Gambhir,JH Kallis,RA Jadeja,1,0,,,,,,"",""
ball,2,8.6,Kolkata Knight Riders,JH Kallis,G Gambhir,RA Jadeja,1,0,,,,,,"",""
ball,2,8.7,Kolkata Knight Riders,G Gambhir,JH Kallis,RA Jadeja,1,0,,,,,,"",""
ball,2,9.1,Kolkata Knight Riders,G Gambhir,JH Kallis,DJ Bravo,1,0,,,,,,"",""
ball,2,9.2,Kolkata Knight Riders,JH Kallis,G Gambhir,DJ Bravo,0,0,,,,,,"",""
ball,2,9.3,Kolkata Knight Riders,JH Kallis,G Gambhir,DJ Bravo,1,0,,,,,,"",""
ball,2,9.4,Kolkata Knight Riders,G Gambhir,JH Kallis,DJ Bravo,1,0,,,,,,"",""
ball,2,9.5,Kolkata Knight Riders,JH Kallis,G Gambhir,DJ Bravo,0,0,,,,,,"",""
ball,2,9.6,Kolkata Knight Riders,JH Kallis,G Gambhir,DJ Bravo,1,0,,,,,,"",""
ball,2,10.1,Kolkata Knight Riders,JH Kallis,G Gambhir,RA Jadeja,0,0,,,,,,"",""
ball,2,10.2,Kolkata Knight Riders,JH Kallis,G Gambhir,RA Jadeja,1,0,,,,,,"",""
ball,2,10.3,Kolkata Knight Riders,G Gambhir,JH Kallis,RA Jadeja,1,0,,,,,,"",""
ball,2,10.4,Kolkata Knight Riders,JH Kallis,G Gambhir,RA Jadeja,1,0,,,,,,"",""
ball,2,10.5,Kolkata Knight Riders,G Gambhir,JH Kallis,RA Jadeja,2,0,,,,,,"",""
ball,2,10.6,Kolkata Knight Riders,G Gambhir,JH Kallis,RA Jadeja,2,0,,,,,,"",""
ball,2,11.1,Kolkata Knight Riders,JH Kallis,G Gambhir,SK Raina,0,0,,,,,,"",""
ball,2,11.2,Kolkata Knight Riders,JH Kallis,G Gambhir,SK Raina,0,0,,,,,,"",""
ball,2,11.3,Kolkata Knight Riders,JH Kallis,G Gambhir,SK Raina,4,0,,,,,,"",""
ball,2,11.4,Kolkata Knight Riders,JH Kallis,G Gambhir,SK Raina,1,0,,,,,,"",""
ball,2,11.5,Kolkata Knight Riders,G Gambhir,JH Kallis,SK Raina,1,0,,,,,,"",""
ball,2,11.6,Kolkata Knight Riders,JH Kallis,G Gambhir,SK Raina,1,0,,,,,,"",""
ball,2,12.1,Kolkata Knight Riders,JH Kallis,G Gambhir,DJ Bravo,0,1,,,,1,,"",""
ball,2,12.2,Kolkata Knight Riders,G Gambhir,JH Kallis,DJ Bravo,1,0,,,,,,"",""
ball,2,12.3,Kolkata Knight Riders,JH Kallis,G Gambhir,DJ Bravo,0,0,,,,,,caught,JH Kallis
ball,2,12.4,Kolkata Knight Riders,MK Tiwary,G Gambhir,DJ Bravo,0,0,,,,,,"",""
ball,2,12.5,Kolkata Knight Riders,MK Tiwary,G Gambhir,DJ Bravo,1,0,,,,,,"",""
ball,2,12.6,Kolkata Knight Riders,G Gambhir,MK Tiwary,DJ Bravo,0,1,,,,1,,"",""
ball,2,13.1,Kolkata Knight Riders,G Gambhir,MK Tiwary,SK Raina,0,0,,,,,,"",""
ball,2,13.2,Kolkata Knight Riders,G Gambhir,MK Tiwary,SK Raina,2,0,,,,,,"",""
ball,2,13.3,Kolkata Knight Riders,G Gambhir,MK Tiwary,SK Raina,1,0,,,,,,"",""
ball,2,13.4,Kolkata Knight Riders,MK Tiwary,G Gambhir,SK Raina,1,0,,,,,,"",""
ball,2,13.5,Kolkata Knight Riders,G Gambhir,MK Tiwary,SK Raina,1,0,,,,,,"",""
ball,2,13.6,Kolkata Knight Riders,MK Tiwary,G Gambhir,SK Raina,1,0,,,,,,"",""
ball,2,14.1,Kolkata Knight Riders,MK Tiwary,G Gambhir,DJ Bravo,0,0,,,,,,"",""
ball,2,14.2,Kolkata Knight Riders,MK Tiwary,G Gambhir,DJ Bravo,1,0,,,,,,"",""
ball,2,14.3,Kolkata Knight Riders,G Gambhir,MK Tiwary,DJ Bravo,1,0,,,,,,"",""
ball,2,14.4,Kolkata Knight Riders,MK Tiwary,G Gambhir,DJ Bravo,1,0,,,,,,"",""
ball,2,14.5,Kolkata Knight Riders,G Gambhir,MK Tiwary,DJ Bravo,4,0,,,,,,"",""
ball,2,14.6,Kolkata Knight Riders,G Gambhir,MK Tiwary,DJ Bravo,4,0,,,,,,"",""
ball,2,15.1,Kolkata Knight Riders,MK Tiwary,G Gambhir,SK Raina,2,0,,,,,,"",""
ball,2,15.2,Kolkata Knight Riders,MK Tiwary,G Gambhir,SK Raina,4,0,,,,,,"",""
ball,2,15.3,Kolkata Knight Riders,MK Tiwary,G Gambhir,SK Raina,0,0,,,,,,"",""
ball,2,15.4,Kolkata Knight Riders,MK Tiwary,G Gambhir,SK Raina,1,0,,,,,,"",""
ball,2,15.5,Kolkata Knight Riders,G Gambhir,MK Tiwary,SK Raina,1,0,,,,,,"",""
ball,2,15.6,Kolkata Knight Riders,MK Tiwary,G Gambhir,SK Raina,1,0,,,,,,"",""
ball,2,16.1,Kolkata Knight Riders,MK Tiwary,G Gambhir,JA Morkel,0,0,,,,,,caught,MK Tiwary
ball,2,16.2,Kolkata Knight Riders,G Gambhir,YK Pathan,JA Morkel,1,0,,,,,,"",""
ball,2,16.3,Kolkata Knight Riders,YK Pathan,G Gambhir,JA Morkel,2,0,,,,,,"",""
ball,2,16.4,Kolkata Knight Riders,YK Pathan,G Gambhir,JA Morkel,1,0,,,,,,"",""
ball,2,16.5,Kolkata Knight Riders,G Gambhir,YK Pathan,JA Morkel,1,0,,,,,,"",""
ball,2,16.6,Kolkata Knight Riders,YK Pathan,G Gambhir,JA Morkel,1,0,,,,,,"",""
ball,2,17.1,Kolkata Knight Riders,YK Pathan,G Gambhir,R Ashwin,1,0,,,,,,"",""
ball,2,17.2,Kolkata Knight Riders,G Gambhir,YK Pathan,R Ashwin,1,0,,,,,,"",""
ball,2,17.3,Kolkata Knight Riders,YK Pathan,G Gambhir,R Ashwin,1,0,,,,,,"",""
ball,2,17.4,Kolkata Knight Riders,G Gambhir,YK Pathan,R Ashwin,0,1,,,,1,,"",""
ball,2,17.5,Kolkata Knight Riders,YK Pathan,G Gambhir,R Ashwin,1,0,,,,,,"",""
ball,2,17.6,Kolkata Knight Riders,G Gambhir,YK Pathan,R Ashwin,1,0,,,,,,"",""
ball,2,18.1,Kolkata Knight Riders,G Gambhir,YK Pathan,DJ Bravo,0,0,,,,,,lbw,G Gambhir
ball,2,18.2,Kolkata Knight Riders,DB Das,YK Pathan,DJ Bravo,4,0,,,,,,"",""
ball,2,18.3,Kolkata Knight Riders,DB Das,YK Pathan,DJ Bravo,2,0,,,,,,"",""
ball,2,18.4,Kolkata Knight Riders,DB Das,YK Pathan,DJ Bravo,1,0,,,,,,"",""
ball,2,18.5,Kolkata Knight Riders,YK Pathan,DB Das,DJ Bravo,2,0,,,,,,"",""
ball,2,18.6,Kolkata Knight Riders,YK Pathan,DB Das,DJ Bravo,1,0,,,,,,"",""
ball,2,19.1,Kolkata Knight Riders,YK Pathan,DB Das,R Ashwin,2,0,,,,,,"",""
ball,2,19.2,Kolkata Knight Riders,YK Pathan,DB Das,R Ashwin,0,0,,,,,,"",""
ball,2,19.3,Kolkata Knight Riders,YK Pathan,DB Das,R Ashwin,0,0,,,,,,caught,YK Pathan
ball,2,19.4,Kolkata Knight Riders,DB Das,LR Shukla,R Ashwin,4,0,,,,,,"",""
