version,1.6.0
info,balls_per_over,6
info,team,Mumbai Indians
info,team,Kolkata Knight Riders
info,gender,male
info,season,2012
info,date,2012/05/16
info,event,Indian Premier League
info,match_number,65
info,venue,Wankhede Stadium
info,city,Mumbai
info,toss_winner,Mumbai Indians
info,toss_decision,field
info,player_of_match,SP Narine
info,umpire,S Das
info,umpire,BR Doctrove
info,reserve_umpire,RM Deshpande
info,tv_umpire,S Asnani
info,match_referee,GF Labrooy
info,winner,Kolkata Knight Riders
info,winner_runs,32
info,player,Kolkata Knight Riders,G Gambhir
info,player,Kolkata Knight Riders,BB McCullum
info,player,Kolkata Knight Riders,JH Kallis
info,player,Kolkata Knight Riders,MK Tiwary
info,player,Kolkata Knight Riders,Shakib Al Hasan
info,player,Kolkata Knight Riders,YK Pathan
info,player,Kolkata Knight Riders,DB Das
info,player,Kolkata Knight Riders,R Bhatia
info,player,Kolkata Knight Riders,SP Narine
info,player,Kolkata Knight Riders,L Balaji
info,player,Kolkata Knight Riders,Iqbal Abdulla
info,player,Mumbai Indians,HH Gibbs
info,player,Mumbai Indians,SR Tendulkar
info,player,Mumbai Indians,KD Karthik
info,player,Mumbai Indians,RG Sharma
info,player,Mumbai Indians,AT Rayudu
info,player,Mumbai Indians,KA Pollard
info,player,Mumbai Indians,DR Smith
info,player,Mumbai Indians,Harbhajan Singh
info,player,Mumbai Indians,SL Malinga
info,player,Mumbai Indians,RP Singh
info,player,Mumbai Indians,MM Patel
info,registry,people,AT Rayudu,70d205c9
info,registry,people,BB McCullum,b8a55852
info,registry,people,BR Doctrove,cbebf805
info,registry,people,DB Das,7050a1e7
info,registry,people,DR Smith,35205dfc
info,registry,people,G Gambhir,bb345e0b
info,registry,people,GF Labrooy,8e088dbc
info,registry,people,HH Gibbs,e1d1b294
info,registry,people,Harbhajan Singh,8b5b6769
info,registry,people,Iqbal Abdulla,85aae393
info,registry,people,JH Kallis,86dc8f2e
info,registry,people,KA Pollard,a757b0d8
info,registry,people,KD Karthik,c03f1114
info,registry,people,L Balaji,b2b50355
info,registry,people,MK Tiwary,26e5cabf
info,registry,people,MM Patel,f0f628c7
info,registry,people,R Bhatia,33a364a6
info,registry,people,RG Sharma,740742ef
info,registry,people,RM Deshpande,7d2a4250
info,registry,people,RP Singh,c3d1402f
info,registry,people,S Asnani,b04524bc
info,registry,people,S Das,475e38b6
info,registry,people,SL Malinga,a12e1d51
info,registry,people,SP Narine,9d430b40
info,registry,people,SR Tendulkar,d2c2b2d5
info,registry,people,Shakib Al Hasan,7dc35884
info,registry,people,YK Pathan,3c6ffae8
ball,1,0.1,Kolkata Knight Riders,G Gambhir,BB McCullum,MM Patel,4,0,,,,,,"",""
ball,1,0.2,Kolkata Knight Riders,G Gambhir,BB McCullum,MM Patel,0,0,,,,,,"",""
ball,1,0.3,Kolkata Knight Riders,G Gambhir,BB McCullum,MM Patel,1,0,,,,,,"",""
ball,1,0.4,Kolkata Knight Riders,BB McCullum,G Gambhir,MM Patel,0,0,,,,,,"",""
ball,1,0.5,Kolkata Knight Riders,BB McCullum,G Gambhir,MM Patel,0,0,,,,,,"",""
ball,1,0.6,Kolkata Knight Riders,BB McCullum,G Gambhir,MM Patel,1,0,,,,,,"",""
ball,1,1.1,Kolkata Knight Riders,BB McCullum,G Gambhir,RP Singh,0,0,,,,,,"",""
ball,1,1.2,Kolkata Knight Riders,BB McCullum,G Gambhir,RP Singh,0,0,,,,,,lbw,BB McCullum
ball,1,1.3,Kolkata Knight Riders,JH Kallis,G Gambhir,RP Singh,0,0,,,,,,bowled,JH Kallis
ball,1,1.4,Kolkata Knight Riders,MK Tiwary,G Gambhir,RP Singh,1,0,,,,,,"",""
ball,1,1.5,Kolkata Knight Riders,G Gambhir,MK Tiwary,RP Singh,0,0,,,,,,"",""
ball,1,1.6,Kolkata Knight Riders,G Gambhir,MK Tiwary,RP Singh,4,0,,,,,,"",""
ball,1,2.1,Kolkata Knight Riders,MK Tiwary,G Gambhir,MM Patel,0,0,,,,,,"",""
ball,1,2.2,Kolkata Knight Riders,MK Tiwary,G Gambhir,MM Patel,1,0,,,,,,"",""
ball,1,2.3,Kolkata Knight Riders,G Gambhir,MK Tiwary,MM Patel,0,0,,,,,,"",""
ball,1,2.4,Kolkata Knight Riders,G Gambhir,MK Tiwary,MM Patel,0,0,,,,,,"",""
ball,1,2.5,Kolkata Knight Riders,G Gambhir,MK Tiwary,MM Patel,0,0,,,,,,"",""
ball,1,2.6,Kolkata Knight Riders,G Gambhir,MK Tiwary,MM Patel,0,0,,,,,,"",""
ball,1,3.1,Kolkata Knight Riders,MK Tiwary,G Gambhir,RP Singh,0,0,,,,,,"",""
ball,1,3.2,Kolkata Knight Riders,MK Tiwary,G Gambhir,RP Singh,0,0,,,,,,"",""
ball,1,3.3,Kolkata Knight Riders,MK Tiwary,G Gambhir,RP Singh,1,0,,,,,,"",""
ball,1,3.4,Kolkata Knight Riders,G Gambhir,MK Tiwary,RP Singh,6,0,,,,,,"",""
ball,1,3.5,Kolkata Knight Riders,G Gambhir,MK Tiwary,RP Singh,0,1,1,,,,,"",""
ball,1,3.6,Kolkata Knight Riders,G Gambhir,MK Tiwary,RP Singh,0,0,,,,,,"",""
ball,1,3.7,Kolkata Knight Riders,G Gambhir,MK Tiwary,RP Singh,2,0,,,,,,"",""
ball,1,4.1,Kolkata Knight Riders,MK Tiwary,G Gambhir,SL Malinga,0,0,,,,,,"",""
ball,1,4.2,Kolkata Knight Riders,MK Tiwary,G Gambhir,SL Malinga,0,0,,,,,,"",""
ball,1,4.3,Kolkata Knight Riders,MK Tiwary,G Gambhir,SL Malinga,0,0,,,,,,"",""
ball,1,4.4,Kolkata Knight Riders,MK Tiwary,G Gambhir,SL Malinga,1,0,,,,,,"",""
ball,1,4.5,Kolkata Knight Riders,G Gambhir,MK Tiwary,SL Malinga,1,0,,,,,,"",""
ball,1,4.6,Kolkata Knight Riders,MK Tiwary,G Gambhir,SL Malinga,1,0,,,,,,"",""
ball,1,5.1,Kolkata Knight Riders,MK Tiwary,G Gambhir,MM Patel,0,0,,,,,,"",""
ball,1,5.2,Kolkata Knight Riders,MK Tiwary,G Gambhir,MM Patel,1,0,,,,,,"",""
ball,1,5.3,Kolkata Knight Riders,G Gambhir,MK Tiwary,MM Patel,4,0,,,,,,"",""
ball,1,5.4,Kolkata Knight Riders,G Gambhir,MK Tiwary,MM Patel,1,0,,,,,,"",""
ball,1,5.5,Kolkata Knight Riders,MK Tiwary,G Gambhir,MM Patel,0,0,,,,,,"",""
ball,1,5.6,Kolkata Knight Riders,MK Tiwary,G Gambhir,MM Patel,1,0,,,,,,"",""
ball,1,6.1,Kolkata Knight Riders,MK Tiwary,G Gambhir,KA Pollard,0,1,1,,,,,"",""
ball,1,6.2,Kolkata Knight Riders,MK Tiwary,G Gambhir,KA Pollard,1,0,,,,,,"",""
ball,1,6.3,Kolkata Knight Riders,G Gambhir,MK Tiwary,KA Pollard,1,0,,,,,,"",""
ball,1,6.4,Kolkata Knight Riders,MK Tiwary,G Gambhir,KA Pollard,0,0,,,,,,"",""
ball,1,6.5,Kolkata Knight Riders,MK Tiwary,G Gambhir,KA Pollard,1,0,,,,,,"",""
ball,1,6.6,Kolkata Knight Riders,G Gambhir,MK Tiwary,KA Pollard,1,0,,,,,,"",""
ball,1,6.7,Kolkata Knight Riders,MK Tiwary,G Gambhir,KA Pollard,1,0,,,,,,"",""
ball,1,7.1,Kolkata Knight Riders,MK Tiwary,G Gambhir,Harbhajan Singh,1,0,,,,,,"",""
ball,1,7.2,Kolkata Knight Riders,G Gambhir,MK Tiwary,Harbhajan Singh,0,1,,,,1,,"",""
ball,1,7.3,Kolkata Knight Riders,MK Tiwary,G Gambhir,Harbhajan Singh,1,0,,,,,,"",""
ball,1,7.4,Kolkata Knight Riders,G Gambhir,MK Tiwary,Harbhajan Singh,1,0,,,,,,"",""
ball,1,7.5,Kolkata Knight Riders,MK Tiwary,G Gambhir,Harbhajan Singh,1,0,,,,,,"",""
ball,1,7.6,Kolkata Knight Riders,G Gambhir,MK Tiwary,Harbhajan Singh,1,0,,,,,,"",""
ball,1,8.1,Kolkata Knight Riders,G Gambhir,MK Tiwary,KA Pollard,0,0,,,,,,"",""
ball,1,8.2,Kolkata Knight Riders,G Gambhir,MK Tiwary,KA Pollard,0,0,,,,,,"",""
ball,1,8.3,Kolkata Knight Riders,G Gambhir,MK Tiwary,KA Pollard,0,0,,,,,,bowled,G Gambhir
ball,1,8.4,Kolkata Knight Riders,Shakib Al Hasan,MK Tiwary,KA Pollard,1,0,,,,,,"",""
ball,1,8.5,Kolkata Knight Riders,MK Tiwary,Shakib Al Hasan,KA Pollard,0,1,1,,,,,"",""
ball,1,8.6,Kolkata Knight Riders,MK Tiwary,Shakib Al Hasan,KA Pollard,1,0,,,,,,"",""
ball,1,8.7,Kolkata Knight Riders,Shakib Al Hasan,MK Tiwary,KA Pollard,1,0,,,,,,"",""
ball,1,9.1,Kolkata Knight Riders,Shakib Al Hasan,MK Tiwary,Harbhajan Singh,1,0,,,,,,"",""
ball,1,9.2,Kolkata Knight Riders,MK Tiwary,Shakib Al Hasan,Harbhajan Singh,0,0,,,,,,"",""
ball,1,9.3,Kolkata Knight Riders,MK Tiwary,Shakib Al Hasan,Harbhajan Singh,2,0,,,,,,"",""
ball,1,9.4,Kolkata Knight Riders,MK Tiwary,Shakib Al Hasan,Harbhajan Singh,0,0,,,,,,"",""
ball,1,9.5,Kolkata Knight Riders,MK Tiwary,Shakib Al Hasan,Harbhajan Singh,1,0,,,,,,"",""
ball,1,9.6,Kolkata Knight Riders,Shakib Al Hasan,MK Tiwary,Harbhajan Singh,2,0,,,,,,"",""
ball,1,10.1,Kolkata Knight Riders,MK Tiwary,Shakib Al Hasan,KA Pollard,4,0,,,,,,"",""
ball,1,10.2,Kolkata Knight Riders,MK Tiwary,Shakib Al Hasan,KA Pollard,4,0,,,,,,"",""
ball,1,10.3,Kolkata Knight Riders,MK Tiwary,Shakib Al Hasan,KA Pollard,0,0,,,,,,"",""
ball,1,10.4,Kolkata Knight Riders,MK Tiwary,Shakib Al Hasan,KA Pollard,0,0,,,,,,"",""
ball,1,10.5,Kolkata Knight Riders,MK Tiwary,Shakib Al Hasan,KA Pollard,1,0,,,,,,"",""
ball,1,10.6,Kolkata Knight Riders,Shakib Al Hasan,MK Tiwary,KA Pollard,0,1,1,,,,,"",""
ball,1,10.7,Kolkata Knight Riders,Shakib Al Hasan,MK Tiwary,KA Pollard,0,0,,,,,,"",""
ball,1,11.1,Kolkata Knight Riders,MK Tiwary,Shakib Al Hasan,Harbhajan Singh,1,0,,,,,,"",""
ball,1,11.2,Kolkata Knight Riders,Shakib Al Hasan,MK Tiwary,Harbhajan Singh,1,0,,,,,,"",""
ball,1,11.3,Kolkata Knight Riders,MK Tiwary,Shakib Al Hasan,Harbhajan Singh,0,1,,,1,,,"",""
ball,1,11.4,Kolkata Knight Riders,Shakib Al Hasan,MK Tiwary,Harbhajan Singh,4,0,,,,,,"",""
ball,1,11.5,Kolkata Knight Riders,Shakib Al Hasan,MK Tiwary,Harbhajan Singh,1,0,,,,,,"",""
ball,1,11.6,Kolkata Knight Riders,MK Tiwary,Shakib Al Hasan,Harbhajan Singh,6,0,,,,,,"",""
ball,1,12.1,Kolkata Knight Riders,Shakib Al Hasan,MK Tiwary,SL Malinga,1,0,,,,,,"",""
ball,1,12.2,Kolkata Knight Riders,MK Tiwary,Shakib Al Hasan,SL Malinga,1,0,,,,,,"",""
ball,1,12.3,Kolkata Knight Riders,Shakib Al Hasan,MK Tiwary,SL Malinga,1,0,,,,,,"",""
ball,1,12.4,Kolkata Knight Riders,MK Tiwary,Shakib Al Hasan,SL Malinga,0,0,,,,,,"",""
ball,1,12.5,Kolkata Knight Riders,MK Tiwary,Shakib Al Hasan,SL Malinga,6,0,,,,,,"",""
ball,1,12.6,Kolkata Knight Riders,MK Tiwary,Shakib Al Hasan,SL Malinga,0,0,,,,,,"",""
ball,1,13.1,Kolkata Knight Riders,Shakib Al Hasan,MK Tiwary,DR Smith,0,2,,,,2,,"",""
ball,1,13.2,Kolkata Knight Riders,Shakib Al Hasan,MK Tiwary,DR Smith,0,0,,,,,,bowled,Shakib Al Hasan
ball,1,13.3,Kolkata Knight Riders,YK Pathan,MK Tiwary,DR Smith,1,0,,,,,,"",""
ball,1,13.4,Kolkata Knight Riders,MK Tiwary,YK Pathan,DR Smith,0,0,,,,,,"",""
ball,1,13.5,Kolkata Knight Riders,MK Tiwary,YK Pathan,DR Smith,0,0,,,,,,"",""
ball,1,13.6,Kolkata Knight Riders,MK Tiwary,YK Pathan,DR Smith,1,0,,,,,,"",""
ball,1,14.1,Kolkata Knight Riders,MK Tiwary,YK Pathan,MM Patel,0,0,,,,,,caught,MK Tiwary
ball,1,14.2,Kolkata Knight Riders,YK Pathan,DB Das,MM Patel,1,0,,,,,,"",""
ball,1,14.3,Kolkata Knight Riders,DB Das,YK Pathan,MM Patel,1,0,,,,,,"",""
ball,1,14.4,Kolkata Knight Riders,YK Pathan,DB Das,MM Patel,0,0,,,,,,"",""
ball,1,14.5,Kolkata Knight Riders,YK Pathan,DB Das,MM Patel,1,0,,,,,,"",""
ball,1,14.6,Kolkata Knight Riders,DB Das,YK Pathan,MM Patel,0,0,,,,,,"",""
ball,1,15.1,Kolkata Knight Riders,YK Pathan,DB Das,DR Smith,1,0,,,,,,"",""
ball,1,15.2,Kolkata Knight Riders,DB Das,YK Pathan,DR Smith,1,0,,,,,,"",""
ball,1,15.3,Kolkata Knight Riders,YK Pathan,DB Das,DR Smith,0,0,,,,,,"",""
ball,1,15.4,Kolkata Knight Riders,YK Pathan,DB Das,DR Smith,0,0,,,,,,run out,DB Das
ball,1,15.5,Kolkata Knight Riders,YK Pathan,R Bhatia,DR Smith,4,0,,,,,,"",""
ball,1,15.6,Kolkata Knight Riders,YK Pathan,R Bhatia,DR Smith,0,0,,,,,,"",""
ball,1,16.1,Kolkata Knight Riders,R Bhatia,YK Pathan,SL Malinga,0,1,1,,,,,"",""
ball,1,16.2,Kolkata Knight Riders,R Bhatia,YK Pathan,SL Malinga,1,0,,,,,,"",""
ball,1,16.3,Kolkata Knight Riders,YK Pathan,R Bhatia,SL Malinga,1,0,,,,,,"",""
ball,1,16.4,Kolkata Knight Riders,R Bhatia,YK Pathan,SL Malinga,4,0,,,,,,"",""
ball,1,16.5,Kolkata Knight Riders,R Bhatia,YK Pathan,SL Malinga,1,0,,,,,,"",""
ball,1,16.6,Kolkata Knight Riders,YK Pathan,R Bhatia,SL Malinga,0,0,,,,,,"",""
ball,1,16.7,Kolkata Knight Riders,YK Pathan,R Bhatia,SL Malinga,4,0,,,,,,"",""
ball,1,17.1,Kolkata Knight Riders,R Bhatia,YK Pathan,RP Singh,1,0,,,,,,"",""
ball,1,17.2,Kolkata Knight Riders,YK Pathan,R Bhatia,RP Singh,2,0,,,,,,"",""
ball,1,17.3,Kolkata Knight Riders,YK Pathan,R Bhatia,RP Singh,0,0,,,,,,"",""
ball,1,17.4,Kolkata Knight Riders,YK Pathan,R Bhatia,RP Singh,1,1,,1,,,,"",""
ball,1,17.5,Kolkata Knight Riders,R Bhatia,YK Pathan,RP Singh,4,0,,,,,,"",""
ball,1,17.6,Kolkata Knight Riders,R Bhatia,YK Pathan,RP Singh,0,1,1,,,,,"",""
ball,1,17.7,Kolkata Knight Riders,R Bhatia,YK Pathan,RP Singh,1,0,,,,,,"",""
ball,1,17.8,Kolkata Knight Riders,YK Pathan,R Bhatia,RP Singh,2,0,,,,,,"",""
ball,1,18.1,Kolkata Knight Riders,R Bhatia,YK Pathan,SL Malinga,0,0,,,,,,caught,R Bhatia
ball,1,18.2,Kolkata Knight Riders,YK Pathan,SP Narine,SL Malinga,1,0,,,,,,"",""
ball,1,18.3,Kolkata Knight Riders,SP Narine,YK Pathan,SL Malinga,1,0,,,,,,"",""
ball,1,18.4,Kolkata Knight Riders,YK Pathan,SP Narine,SL Malinga,0,0,,,,,,"",""
ball,1,18.5,Kolkata Knight Riders,YK Pathan,SP Narine,SL Malinga,1,0,,,,,,"",""
ball,1,18.6,Kolkata Knight Riders,SP Narine,YK Pathan,SL Malinga,0,1,1,,,,,"",""
ball,1,18.7,Kolkata Knight Riders,SP Narine,YK Pathan,SL Malinga,4,0,,,,,,"",""
ball,1,19.1,Kolkata Knight Riders,YK Pathan,SP Narine,RP Singh,0,2,,,,2,,"",""
ball,1,19.2,Kolkata Knight Riders,YK Pathan,SP Narine,RP Singh,1,0,,,,,,"",""
ball,1,19.3,Kolkata Knight Riders,SP Narine,YK Pathan,RP Singh,0,0,,,,,,"",""
ball,1,19.4,Kolkata Knight Riders,SP Narine,YK Pathan,RP Singh,4,0,,,,,,"",""
ball,1,19.5,Kolkata Knight Riders,SP Narine,YK Pathan,RP Singh,0,0,,,,,,"",""
ball,1,19.6,Kolkata Knight Riders,SP Narine,YK Pathan,RP Singh,0,0,,,,,,"",""
ball,2,0.1,Mumbai Indians,HH Gibbs,SR Tendulkar,L Balaji,0,0,,,,,,"",""
ball,2,0.2,Mumbai Indians,HH Gibbs,SR Tendulkar,L Balaji,4,0,,,,,,"",""
ball,2,0.3,Mumbai Indians,HH Gibbs,SR Tendulkar,L Balaji,0,0,,,,,,"",""
ball,2,0.4,Mumbai Indians,HH Gibbs,SR Tendulkar,L Balaji,0,0,,,,,,"",""
ball,2,0.5,Mumbai Indians,HH Gibbs,SR Tendulkar,L Balaji,0,0,,,,,,"",""
ball,2,0.6,Mumbai Indians,HH Gibbs,SR Tendulkar,L Balaji,0,1,,,,1,,"",""
ball,2,1.1,Mumbai Indians,HH Gibbs,SR Tendulkar,Shakib Al Hasan,0,0,,,,,,"",""
ball,2,1.2,Mumbai Indians,HH Gibbs,SR Tendulkar,Shakib Al Hasan,0,0,,,,,,"",""
ball,2,1.3,Mumbai Indians,HH Gibbs,SR Tendulkar,Shakib Al Hasan,0,0,,,,,,"",""
ball,2,1.4,Mumbai Indians,HH Gibbs,SR Tendulkar,Shakib Al Hasan,0,1,1,,,,,"",""
ball,2,1.5,Mumbai Indians,HH Gibbs,SR Tendulkar,Shakib Al Hasan,0,0,,,,,,"",""
ball,2,1.6,Mumbai Indians,HH Gibbs,SR Tendulkar,Shakib Al Hasan,1,0,,,,,,"",""
ball,2,1.7,Mumbai Indians,SR Tendulkar,HH Gibbs,Shakib Al Hasan,0,0,,,,,,"",""
ball,2,2.1,Mumbai Indians,HH Gibbs,SR Tendulkar,L Balaji,0,0,,,,,,"",""
ball,2,2.2,Mumbai Indians,HH Gibbs,SR Tendulkar,L Balaji,0,0,,,,,,"",""
ball,2,2.3,Mumbai Indians,HH Gibbs,SR Tendulkar,L Balaji,1,0,,,,,,"",""
ball,2,2.4,Mumbai Indians,SR Tendulkar,HH Gibbs,L Balaji,0,0,,,,,,"",""
ball,2,2.5,Mumbai Indians,SR Tendulkar,HH Gibbs,L Balaji,0,0,,,,,,"",""
ball,2,2.6,Mumbai Indians,SR Tendulkar,HH Gibbs,L Balaji,0,0,,,,,,"",""
ball,2,3.1,Mumbai Indians,HH Gibbs,SR Tendulkar,Shakib Al Hasan,0,0,,,,,,"",""
ball,2,3.2,Mumbai Indians,HH Gibbs,SR Tendulkar,Shakib Al Hasan,0,0,,,,,,"",""
ball,2,3.3,Mumbai Indians,HH Gibbs,SR Tendulkar,Shakib Al Hasan,0,0,,,,,,"",""
ball,2,3.4,Mumbai Indians,HH Gibbs,SR Tendulkar,Shakib Al Hasan,0,0,,,,,,"",""
ball,2,3.5,Mumbai Indians,HH Gibbs,SR Tendulkar,Shakib Al Hasan,5,0,,,,,,"",""
ball,2,3.6,Mumbai Indians,SR Tendulkar,HH Gibbs,Shakib Al Hasan,1,0,,,,,,"",""
ball,2,4.1,Mumbai Indians,SR Tendulkar,HH Gibbs,SP Narine,0,0,,,,,,"",""
ball,2,4.2,Mumbai Indians,SR Tendulkar,HH Gibbs,SP Narine,1,0,,,,,,"",""
ball,2,4.3,Mumbai Indians,HH Gibbs,SR Tendulkar,SP Narine,0,0,,,,,,"",""
ball,2,4.4,Mumbai Indians,HH Gibbs,SR Tendulkar,SP Narine,0,0,,,,,,"",""
ball,2,4.5,Mumbai Indians,HH Gibbs,SR Tendulkar,SP Narine,1,0,,,,,,"",""
ball,2,4.6,Mumbai Indians,SR Tendulkar,HH Gibbs,SP Narine,4,0,,,,,,"",""
ball,2,5.1,Mumbai Indians,HH Gibbs,SR Tendulkar,Iqbal Abdulla,1,0,,,,,,"",""
ball,2,5.2,Mumbai Indians,SR Tendulkar,HH Gibbs,Iqbal Abdulla,4,0,,,,,,"",""
ball,2,5.3,Mumbai Indians,SR Tendulkar,HH Gibbs,Iqbal Abdulla,0,0,,,,,,"",""
ball,2,5.4,Mumbai Indians,SR Tendulkar,HH Gibbs,Iqbal Abdulla,0,0,,,,,,"",""
ball,2,5.5,Mumbai Indians,SR Tendulkar,HH Gibbs,Iqbal Abdulla,1,0,,,,,,"",""
ball,2,5.6,Mumbai Indians,HH Gibbs,SR Tendulkar,Iqbal Abdulla,0,0,,,,,,lbw,HH Gibbs
ball,2,6.1,Mumbai Indians,SR Tendulkar,KD Karthik,JH Kallis,0,0,,,,,,"",""
ball,2,6.2,Mumbai Indians,SR Tendulkar,KD Karthik,JH Kallis,1,0,,,,,,"",""
ball,2,6.3,Mumbai Indians,KD Karthik,SR Tendulkar,JH Kallis,4,0,,,,,,"",""
ball,2,6.4,Mumbai Indians,KD Karthik,SR Tendulkar,JH Kallis,4,0,,,,,,"",""
ball,2,6.5,Mumbai Indians,KD Karthik,SR Tendulkar,JH Kallis,0,0,,,,,,"",""
ball,2,6.6,Mumbai Indians,KD Karthik,SR Tendulkar,JH Kallis,0,0,,,,,,"",""
ball,2,7.1,Mumbai Indians,SR Tendulkar,KD Karthik,Iqbal Abdulla,1,0,,,,,,"",""
ball,2,7.2,Mumbai Indians,KD Karthik,SR Tendulkar,Iqbal Abdulla,0,0,,,,,,"",""
ball,2,7.3,Mumbai Indians,KD Karthik,SR Tendulkar,Iqbal Abdulla,1,0,,,,,,"",""
ball,2,7.4,Mumbai Indians,SR Tendulkar,KD Karthik,Iqbal Abdulla,1,0,,,,,,"",""
ball,2,7.5,Mumbai Indians,KD Karthik,SR Tendulkar,Iqbal Abdulla,0,0,,,,,,"",""
ball,2,7.6,Mumbai Indians,KD Karthik,SR Tendulkar,Iqbal Abdulla,1,0,,,,,,"",""
ball,2,8.1,Mumbai Indians,KD Karthik,SR Tendulkar,JH Kallis,0,0,,,,,,"",""
ball,2,8.2,Mumbai Indians,KD Karthik,SR Tendulkar,JH Kallis,1,0,,,,,,"",""
ball,2,8.3,Mumbai Indians,SR Tendulkar,KD Karthik,JH Kallis,6,0,,,,,,"",""
ball,2,8.4,Mumbai Indians,SR Tendulkar,KD Karthik,JH Kallis,0,0,,,,,,"",""
ball,2,8.5,Mumbai Indians,SR Tendulkar,KD Karthik,JH Kallis,2,0,,,,,,"",""
ball,2,8.6,Mumbai Indians,SR Tendulkar,KD Karthik,JH Kallis,4,0,,,,,,"",""
ball,2,9.1,Mumbai Indians,KD Karthik,SR Tendulkar,Shakib Al Hasan,0,0,,,,,,"",""
ball,2,9.2,Mumbai Indians,KD Karthik,SR Tendulkar,Shakib Al Hasan,4,0,,,,,,"",""
ball,2,9.3,Mumbai Indians,KD Karthik,SR Tendulkar,Shakib Al Hasan,0,0,,,,,,"",""
ball,2,9.4,Mumbai Indians,KD Karthik,SR Tendulkar,Shakib Al Hasan,1,0,,,,,,"",""
ball,2,9.5,Mumbai Indians,SR Tendulkar,KD Karthik,Shakib Al Hasan,1,0,,,,,,"",""
ball,2,9.6,Mumbai Indians,KD Karthik,SR Tendulkar,Shakib Al Hasan,1,0,,,,,,"",""
ball,2,10.1,Mumbai Indians,KD Karthik,SR Tendulkar,SP Narine,0,0,,,,,,"",""
ball,2,10.2,Mumbai Indians,KD Karthik,SR Tendulkar,SP Narine,0,0,,,,,,"",""
ball,2,10.3,Mumbai Indians,KD Karthik,SR Tendulkar,SP Narine,1,0,,,,,,"",""
ball,2,10.4,Mumbai Indians,SR Tendulkar,KD Karthik,SP Narine,0,0,,,,,,"",""
ball,2,10.5,Mumbai Indians,SR Tendulkar,KD Karthik,SP Narine,0,0,,,,,,"",""
ball,2,10.6,Mumbai Indians,SR Tendulkar,KD Karthik,SP Narine,0,0,,,,,,bowled,SR Tendulkar
ball,2,11.1,Mumbai Indians,KD Karthik,RG Sharma,Iqbal Abdulla,0,0,,,,,,"",""
ball,2,11.2,Mumbai Indians,KD Karthik,RG Sharma,Iqbal Abdulla,0,0,,,,,,"",""
ball,2,11.3,Mumbai Indians,KD Karthik,RG Sharma,Iqbal Abdulla,1,0,,,,,,"",""
ball,2,11.4,Mumbai Indians,RG Sharma,KD Karthik,Iqbal Abdulla,1,0,,,,,,"",""
ball,2,11.5,Mumbai Indians,KD Karthik,RG Sharma,Iqbal Abdulla,1,0,,,,,,"",""
ball,2,11.6,Mumbai Indians,RG Sharma,KD Karthik,Iqbal Abdulla,0,0,,,,,,"",""
ball,2,12.1,Mumbai Indians,KD Karthik,RG Sharma,L Balaji,0,0,,,,,,"",""
ball,2,12.2,Mumbai Indians,KD Karthik,RG Sharma,L Balaji,0,1,1,,,,,"",""
ball,2,12.3,Mumbai Indians,KD Karthik,RG Sharma,L Balaji,0,0,,,,,,"",""
ball,2,12.4,Mumbai Indians,KD Karthik,RG Sharma,L Balaji,1,0,,,,,,"",""
ball,2,12.5,Mumbai Indians,RG Sharma,KD Karthik,L Balaji,0,1,,,,1,,"",""
ball,2,12.6,Mumbai Indians,KD Karthik,RG Sharma,L Balaji,0,0,,,,,,caught,KD Karthik
ball,2,12.7,Mumbai Indians,AT Rayudu,RG Sharma,L Balaji,1,0,,,,,,"",""
ball,2,13.1,Mumbai Indians,AT Rayudu,RG Sharma,Iqbal Abdulla,1,0,,,,,,"",""
ball,2,13.2,Mumbai Indians,RG Sharma,AT Rayudu,Iqbal Abdulla,1,0,,,,,,"",""
ball,2,13.3,Mumbai Indians,AT Rayudu,RG Sharma,Iqbal Abdulla,6,0,,,,,,"",""
ball,2,13.4,Mumbai Indians,AT Rayudu,RG Sharma,Iqbal Abdulla,1,0,,,,,,"",""
ball,2,13.5,Mumbai Indians,RG Sharma,AT Rayudu,Iqbal Abdulla,1,0,,,,,,"",""
ball,2,13.6,Mumbai Indians,AT Rayudu,RG Sharma,Iqbal Abdulla,0,0,,,,,,"",""
ball,2,14.1,Mumbai Indians,RG Sharma,AT Rayudu,JH Kallis,0,0,,,,,,"",""
ball,2,14.2,Mumbai Indians,RG Sharma,AT Rayudu,JH Kallis,0,0,,,,,,"",""
ball,2,14.3,Mumbai Indians,RG Sharma,AT Rayudu,JH Kallis,0,0,,,,,,"",""
ball,2,14.4,Mumbai Indians,RG Sharma,AT Rayudu,JH Kallis,1,0,,,,,,"",""
ball,2,14.5,Mumbai Indians,AT Rayudu,RG Sharma,JH Kallis,2,0,,,,,,"",""
ball,2,14.6,Mumbai Indians,AT Rayudu,RG Sharma,JH Kallis,0,0,,,,,,"",""
ball,2,15.1,Mumbai Indians,RG Sharma,AT Rayudu,Shakib Al Hasan,2,0,,,,,,"",""
ball,2,15.2,Mumbai Indians,RG Sharma,AT Rayudu,Shakib Al Hasan,1,0,,,,,,"",""
ball,2,15.3,Mumbai Indians,AT Rayudu,RG Sharma,Shakib Al Hasan,0,0,,,,,,stumped,AT Rayudu
ball,2,15.4,Mumbai Indians,KA Pollard,RG Sharma,Shakib Al Hasan,4,0,,,,,,"",""
ball,2,15.5,Mumbai Indians,KA Pollard,RG Sharma,Shakib Al Hasan,2,0,,,,,,"",""
ball,2,15.6,Mumbai Indians,KA Pollard,RG Sharma,Shakib Al Hasan,1,0,,,,,,"",""
ball,2,16.1,Mumbai Indians,KA Pollard,RG Sharma,JH Kallis,1,0,,,,,,"",""
ball,2,16.2,Mumbai Indians,RG Sharma,KA Pollard,JH Kallis,4,0,,,,,,"",""
ball,2,16.3,Mumbai Indians,RG Sharma,KA Pollard,JH Kallis,1,0,,,,,,"",""
ball,2,16.4,Mumbai Indians,KA Pollard,RG Sharma,JH Kallis,0,0,,,,,,caught,KA Pollard
ball,2,16.5,Mumbai Indians,DR Smith,RG Sharma,JH Kallis,0,0,,,,,,lbw,DR Smith
ball,2,16.6,Mumbai Indians,Harbhajan Singh,RG Sharma,JH Kallis,1,0,,,,,,"",""
ball,2,17.1,Mumbai Indians,Harbhajan Singh,RG Sharma,SP Narine,0,0,,,,,,caught,Harbhajan Singh
ball,2,17.2,Mumbai Indians,SL Malinga,RG Sharma,SP Narine,0,0,,,,,,"",""
ball,2,17.3,Mumbai Indians,SL Malinga,RG Sharma,SP Narine,6,0,,,,,,"",""
ball,2,17.4,Mumbai Indians,SL Malinga,RG Sharma,SP Narine,1,0,,,,,,"",""
ball,2,17.5,Mumbai Indians,RG Sharma,SL Malinga,SP Narine,0,0,,,,,,caught,RG Sharma
ball,2,17.6,Mumbai Indians,RP Singh,SL Malinga,SP Narine,1,0,,,,,,"",""
ball,2,18.1,Mumbai Indians,RP Singh,SL Malinga,L Balaji,0,0,,,,,,"",""
ball,2,18.2,Mumbai Indians,RP Singh,SL Malinga,L Balaji,1,0,,,,,,"",""
ball,2,18.3,Mumbai Indians,SL Malinga,RP Singh,L Balaji,1,0,,,,,,"",""
ball,2,18.4,Mumbai Indians,RP Singh,SL Malinga,L Balaji,1,0,,,,,,"",""
ball,2,18.5,Mumbai Indians,SL Malinga,RP Singh,L Balaji,0,0,,,,,,"",""
ball,2,18.6,Mumbai Indians,SL Malinga,RP Singh,L Balaji,0,0,,,,,,caught,SL Malinga
ball,2,19.1,Mumbai Indians,RP Singh,MM Patel,SP Narine,0,0,,,,,,caught,RP Singh
