version,1.6.0
info,balls_per_over,6
info,team,Chennai Super Kings
info,team,Delhi Daredevils
info,gender,male
info,season,2012
info,date,2012/05/12
info,event,Indian Premier League
info,match_number,59
info,venue,"MA Chidambaram Stadium, Chepauk"
info,city,Chennai
info,toss_winner,Chennai Super Kings
info,toss_decision,field
info,player_of_match,BW Hilfenhaus
info,umpire,S Das
info,umpire,BR Doctrove
info,reserve_umpire,K Srinivasan
info,tv_umpire,S Asnani
info,match_referee,GF Labrooy
info,winner,Chennai Super Kings
info,winner_wickets,9
info,player,Chennai Super Kings,MEK Hussey
info,player,Chennai Super Kings,M Vijay
info,player,Chennai Super Kings,SK Raina
info,player,Chennai Super Kings,MS Dhoni
info,player,Chennai Super Kings,RA Jadeja
info,player,Chennai Super Kings,S Anirudha
info,player,Chennai Super Kings,DJ Bravo
info,player,Chennai Super Kings,JA Morkel
info,player,Chennai Super Kings,R Ashwin
info,player,Chennai Super Kings,BW Hilfenhaus
info,player,Chennai Super Kings,SB Jakati
info,player,Delhi Daredevils,DA Warner
info,player,Delhi Daredevils,V Sehwag
info,player,Delhi Daredevils,NV Ojha
info,player,Delhi Daredevils,DPMD Jayawardene
info,player,Delhi Daredevils,Y Venugopal Rao
info,player,Delhi Daredevils,Y Nagar
info,player,Delhi Daredevils,IK Pathan
info,player,Delhi Daredevils,RE van der Merwe
info,player,Delhi Daredevils,M Morkel
info,player,Delhi Daredevils,VR Aaron
info,player,Delhi Daredevils,UT Yadav
info,registry,people,BR Doctrove,cbebf805
info,registry,people,BW Hilfenhaus,f3171936
info,registry,people,DA Warner,dcce6f09
info,registry,people,DJ Bravo,87e562a9
info,registry,people,DPMD Jayawardene,d18f9182
info,registry,people,GF Labrooy,8e088dbc
info,registry,people,IK Pathan,5fa06777
info,registry,people,JA Morkel,c3d35165
info,registry,people,K Srinivasan,042a8b69
info,registry,people,M Morkel,5bb5a915
info,registry,people,M Vijay,4b57e452
info,registry,people,MEK Hussey,48fd7349
info,registry,people,MS Dhoni,4a8a2e3b
info,registry,people,NV Ojha,890946a0
info,registry,people,R Ashwin,495d42a5
info,registry,people,RA Jadeja,fe93fd9d
info,registry,people,RE van der Merwe,05c2ca46
info,registry,people,S Anirudha,95a2ea61
info,registry,people,S Asnani,b04524bc
info,registry,people,S Das,475e38b6
info,registry,people,SB Jakati,c8179c68
info,registry,people,SK Raina,1dc12ab9
info,registry,people,UT Yadav,cc1e8c68
info,registry,people,V Sehwag,8ba8195d
info,registry,people,VR Aaron,0a3d54b9
info,registry,people,Y Nagar,662c47a6
info,registry,people,Y Venugopal Rao,fe763256
ball,1,0.1,Delhi Daredevils,DA Warner,V Sehwag,BW Hilfenhaus,0,0,,,,,,"",""
ball,1,0.2,Delhi Daredevils,DA Warner,V Sehwag,BW Hilfenhaus,0,0,,,,,,"",""
ball,1,0.3,Delhi Daredevils,DA Warner,V Sehwag,BW Hilfenhaus,1,0,,,,,,"",""
ball,1,0.4,Delhi Daredevils,V Sehwag,DA Warner,BW Hilfenhaus,4,0,,,,,,"",""
ball,1,0.5,Delhi Daredevils,V Sehwag,DA Warner,BW Hilfenhaus,0,0,,,,,,bowled,V Sehwag
ball,1,0.6,Delhi Daredevils,NV Ojha,DA Warner,BW Hilfenhaus,0,0,,,,,,"",""
ball,1,1.1,Delhi Daredevils,DA Warner,NV Ojha,JA Morkel,0,0,,,,,,"",""
ball,1,1.2,Delhi Daredevils,DA Warner,NV Ojha,JA Morkel,4,0,,,,,,"",""
ball,1,1.3,Delhi Daredevils,DA Warner,NV Ojha,JA Morkel,0,0,,,,,,"",""
ball,1,1.4,Delhi Daredevils,DA Warner,NV Ojha,JA Morkel,0,0,,,,,,"",""
ball,1,1.5,Delhi Daredevils,DA Warner,NV Ojha,JA Morkel,3,0,,,,,,"",""
ball,1,1.6,Delhi Daredevils,NV Ojha,DA Warner,JA Morkel,0,0,,,,,,"",""
ball,1,2.1,Delhi Daredevils,DA Warner,NV Ojha,BW Hilfenhaus,0,0,,,,,,caught,DA Warner
ball,1,2.2,Delhi Daredevils,DPMD Jayawardene,NV Ojha,BW Hilfenhaus,0,0,,,,,,"",""
ball,1,2.3,Delhi Daredevils,DPMD Jayawardene,NV Ojha,BW Hilfenhaus,0,0,,,,,,"",""
ball,1,2.4,Delhi Daredevils,DPMD Jayawardene,NV Ojha,BW Hilfenhaus,4,0,,,,,,"",""
ball,1,2.5,Delhi Daredevils,DPMD Jayawardene,NV Ojha,BW Hilfenhaus,2,0,,,,,,"",""
ball,1,2.6,Delhi Daredevils,DPMD Jayawardene,NV Ojha,BW Hilfenhaus,0,0,,,,,,"",""
ball,1,3.1,Delhi Daredevils,NV Ojha,DPMD Jayawardene,JA Morkel,0,0,,,,,,"",""
ball,1,3.2,Delhi Daredevils,NV Ojha,DPMD Jayawardene,JA Morkel,0,0,,,,,,"",""
ball,1,3.3,Delhi Daredevils,NV Ojha,DPMD Jayawardene,JA Morkel,1,0,,,,,,"",""
ball,1,3.4,Delhi Daredevils,DPMD Jayawardene,NV Ojha,JA Morkel,1,0,,,,,,"",""
ball,1,3.5,Delhi Daredevils,NV Ojha,DPMD Jayawardene,JA Morkel,1,0,,,,,,"",""
ball,1,3.6,Delhi Daredevils,DPMD Jayawardene,NV Ojha,JA Morkel,0,0,,,,,,"",""
ball,1,4.1,Delhi Daredevils,NV Ojha,DPMD Jayawardene,BW Hilfenhaus,0,1,1,,,,,"",""
ball,1,4.2,Delhi Daredevils,NV Ojha,DPMD Jayawardene,BW Hilfenhaus,0,0,,,,,,"",""
ball,1,4.3,Delhi Daredevils,NV Ojha,DPMD Jayawardene,BW Hilfenhaus,0,0,,,,,,"",""
ball,1,4.4,Delhi Daredevils,NV Ojha,DPMD Jayawardene,BW Hilfenhaus,0,0,,,,,,"",""
ball,1,4.5,Delhi Daredevils,NV Ojha,DPMD Jayawardene,BW Hilfenhaus,1,0,,,,,,"",""
ball,1,4.6,Delhi Daredevils,DPMD Jayawardene,NV Ojha,BW Hilfenhaus,1,0,,,,,,"",""
ball,1,4.7,Delhi Daredevils,NV Ojha,DPMD Jayawardene,BW Hilfenhaus,0,0,,,,,,caught,NV Ojha
ball,1,5.1,Delhi Daredevils,DPMD Jayawardene,Y Venugopal Rao,JA Morkel,0,0,,,,,,"",""
ball,1,5.2,Delhi Daredevils,DPMD Jayawardene,Y Venugopal Rao,JA Morkel,0,0,,,,,,caught,DPMD Jayawardene
ball,1,5.3,Delhi Daredevils,Y Nagar,Y Venugopal Rao,JA Morkel,1,0,,,,,,"",""
ball,1,5.4,Delhi Daredevils,Y Venugopal Rao,Y Nagar,JA Morkel,0,0,,,,,,"",""
ball,1,5.5,Delhi Daredevils,Y Venugopal Rao,Y Nagar,JA Morkel,0,1,,,,1,,"",""
ball,1,5.6,Delhi Daredevils,Y Nagar,Y Venugopal Rao,JA Morkel,1,0,,,,,,"",""
ball,1,6.1,Delhi Daredevils,Y Nagar,Y Venugopal Rao,DJ Bravo,0,0,,,,,,"",""
ball,1,6.2,Delhi Daredevils,Y Nagar,Y Venugopal Rao,DJ Bravo,0,0,,,,,,"",""
ball,1,6.3,Delhi Daredevils,Y Nagar,Y Venugopal Rao,DJ Bravo,1,0,,,,,,"",""
ball,1,6.4,Delhi Daredevils,Y Venugopal Rao,Y Nagar,DJ Bravo,1,0,,,,,,"",""
ball,1,6.5,Delhi Daredevils,Y Nagar,Y Venugopal Rao,DJ Bravo,1,0,,,,,,"",""
ball,1,6.6,Delhi Daredevils,Y Venugopal Rao,Y Nagar,DJ Bravo,0,1,1,,,,,"",""
ball,1,6.7,Delhi Daredevils,Y Venugopal Rao,Y Nagar,DJ Bravo,1,0,,,,,,"",""
ball,1,7.1,Delhi Daredevils,Y Venugopal Rao,Y Nagar,SB Jakati,1,0,,,,,,"",""
ball,1,7.2,Delhi Daredevils,Y Nagar,Y Venugopal Rao,SB Jakati,0,0,,,,,,"",""
ball,1,7.3,Delhi Daredevils,Y Nagar,Y Venugopal Rao,SB Jakati,1,0,,,,,,"",""
ball,1,7.4,Delhi Daredevils,Y Venugopal Rao,Y Nagar,SB Jakati,1,0,,,,,,"",""
ball,1,7.5,Delhi Daredevils,Y Nagar,Y Venugopal Rao,SB Jakati,1,0,,,,,,"",""
ball,1,7.6,Delhi Daredevils,Y Venugopal Rao,Y Nagar,SB Jakati,1,0,,,,,,"",""
ball,1,8.1,Delhi Daredevils,Y Venugopal Rao,Y Nagar,RA Jadeja,6,0,,,,,,"",""
ball,1,8.2,Delhi Daredevils,Y Venugopal Rao,Y Nagar,RA Jadeja,1,0,,,,,,"",""
ball,1,8.3,Delhi Daredevils,Y Nagar,Y Venugopal Rao,RA Jadeja,1,0,,,,,,"",""
ball,1,8.4,Delhi Daredevils,Y Venugopal Rao,Y Nagar,RA Jadeja,1,0,,,,,,"",""
ball,1,8.5,Delhi Daredevils,Y Nagar,Y Venugopal Rao,RA Jadeja,1,0,,,,,,"",""
ball,1,8.6,Delhi Daredevils,Y Venugopal Rao,Y Nagar,RA Jadeja,1,0,,,,,,"",""
ball,1,9.1,Delhi Daredevils,Y Venugopal Rao,Y Nagar,R Ashwin,1,0,,,,,,"",""
ball,1,9.2,Delhi Daredevils,Y Nagar,Y Venugopal Rao,R Ashwin,1,0,,,,,,"",""
ball,1,9.3,Delhi Daredevils,Y Venugopal Rao,Y Nagar,R Ashwin,0,0,,,,,,"",""
ball,1,9.4,Delhi Daredevils,Y Venugopal Rao,Y Nagar,R Ashwin,1,0,,,,,,"",""
ball,1,9.5,Delhi Daredevils,Y Nagar,Y Venugopal Rao,R Ashwin,0,0,,,,,,"",""
ball,1,9.6,Delhi Daredevils,Y Nagar,Y Venugopal Rao,R Ashwin,1,0,,,,,,"",""
ball,1,10.1,Delhi Daredevils,Y Nagar,Y Venugopal Rao,SB Jakati,1,0,,,,,,"",""
ball,1,10.2,Delhi Daredevils,Y Venugopal Rao,Y Nagar,SB Jakati,1,0,,,,,,"",""
ball,1,10.3,Delhi Daredevils,Y Nagar,Y Venugopal Rao,SB Jakati,1,0,,,,,,"",""
ball,1,10.4,Delhi Daredevils,Y Venugopal Rao,Y Nagar,SB Jakati,0,0,,,,,,"",""
ball,1,10.5,Delhi Daredevils,Y Venugopal Rao,Y Nagar,SB Jakati,1,0,,,,,,"",""
ball,1,10.6,Delhi Daredevils,Y Nagar,Y Venugopal Rao,SB Jakati,0,0,,,,,,"",""
ball,1,11.1,Delhi Daredevils,Y Venugopal Rao,Y Nagar,R Ashwin,1,0,,,,,,"",""
ball,1,11.2,Delhi Daredevils,Y Nagar,Y Venugopal Rao,R Ashwin,1,0,,,,,,"",""
ball,1,11.3,Delhi Daredevils,Y Venugopal Rao,Y Nagar,R Ashwin,0,0,,,,,,"",""
ball,1,11.4,Delhi Daredevils,Y Venugopal Rao,Y Nagar,R Ashwin,1,0,,,,,,"",""
ball,1,11.5,Delhi Daredevils,Y Nagar,Y Venugopal Rao,R Ashwin,0,0,,,,,,"",""
ball,1,11.6,Delhi Daredevils,Y Nagar,Y Venugopal Rao,R Ashwin,1,0,,,,,,"",""
ball,1,12.1,Delhi Daredevils,Y Nagar,Y Venugopal Rao,SB Jakati,1,0,,,,,,"",""
ball,1,12.2,Delhi Daredevils,Y Venugopal Rao,Y Nagar,SB Jakati,6,0,,,,,,"",""
ball,1,12.3,Delhi Daredevils,Y Venugopal Rao,Y Nagar,SB Jakati,1,0,,,,,,"",""
ball,1,12.4,Delhi Daredevils,Y Nagar,Y Venugopal Rao,SB Jakati,2,0,,,,,,"",""
ball,1,12.5,Delhi Daredevils,Y Nagar,Y Venugopal Rao,SB Jakati,1,0,,,,,,"",""
ball,1,12.6,Delhi Daredevils,Y Venugopal Rao,Y Nagar,SB Jakati,0,0,,,,,,"",""
ball,1,13.1,Delhi Daredevils,Y Nagar,Y Venugopal Rao,R Ashwin,1,0,,,,,,"",""
ball,1,13.2,Delhi Daredevils,Y Venugopal Rao,Y Nagar,R Ashwin,0,0,,,,,,caught,Y Venugopal Rao
ball,1,13.3,Delhi Daredevils,IK Pathan,Y Nagar,R Ashwin,0,0,,,,,,"",""
ball,1,13.4,Delhi Daredevils,IK Pathan,Y Nagar,R Ashwin,1,0,,,,,,"",""
ball,1,13.5,Delhi Daredevils,Y Nagar,IK Pathan,R Ashwin,0,0,,,,,,"",""
ball,1,13.6,Delhi Daredevils,Y Nagar,IK Pathan,R Ashwin,1,0,,,,,,"",""
ball,1,14.1,Delhi Daredevils,Y Nagar,IK Pathan,DJ Bravo,0,0,,,,,,"",""
ball,1,14.2,Delhi Daredevils,Y Nagar,IK Pathan,DJ Bravo,1,0,,,,,,"",""
ball,1,14.3,Delhi Daredevils,IK Pathan,Y Nagar,DJ Bravo,0,0,,,,,,"",""
ball,1,14.4,Delhi Daredevils,IK Pathan,Y Nagar,DJ Bravo,2,0,,,,,,"",""
ball,1,14.5,Delhi Daredevils,IK Pathan,Y Nagar,DJ Bravo,0,0,,,,,,"",""
ball,1,14.6,Delhi Daredevils,IK Pathan,Y Nagar,DJ Bravo,1,0,,,,,,"",""
ball,1,15.1,Delhi Daredevils,IK Pathan,Y Nagar,R Ashwin,1,0,,,,,,"",""
ball,1,15.2,Delhi Daredevils,Y Nagar,IK Pathan,R Ashwin,0,0,,,,,,"",""
ball,1,15.3,Delhi Daredevils,Y Nagar,IK Pathan,R Ashwin,2,0,,,,,,"",""
ball,1,15.4,Delhi Daredevils,Y Nagar,IK Pathan,R Ashwin,2,0,,,,,,"",""
ball,1,15.5,Delhi Daredevils,Y Nagar,IK Pathan,R Ashwin,0,0,,,,,,"",""
ball,1,15.6,Delhi Daredevils,Y Nagar,IK Pathan,R Ashwin,1,0,,,,,,"",""
ball,1,16.1,Delhi Daredevils,Y Nagar,IK Pathan,JA Morkel,1,0,,,,,,"",""
ball,1,16.2,Delhi Daredevils,IK Pathan,Y Nagar,JA Morkel,0,0,,,,,,"",""
ball,1,16.3,Delhi Daredevils,IK Pathan,Y Nagar,JA Morkel,0,1,,,,1,,"",""
ball,1,16.4,Delhi Daredevils,Y Nagar,IK Pathan,JA Morkel,0,0,,,,,,"",""
ball,1,16.5,Delhi Daredevils,Y Nagar,IK Pathan,JA Morkel,1,0,,,,,,"",""
ball,1,16.6,Delhi Daredevils,IK Pathan,Y Nagar,JA Morkel,0,1,1,,,,,"",""
ball,1,16.7,Delhi Daredevils,IK Pathan,Y Nagar,JA Morkel,0,0,,,,,,"",""
ball,1,17.1,Delhi Daredevils,Y Nagar,IK Pathan,DJ Bravo,0,0,,,,,,"",""
ball,1,17.2,Delhi Daredevils,Y Nagar,IK Pathan,DJ Bravo,1,0,,,,,,"",""
ball,1,17.3,Delhi Daredevils,IK Pathan,Y Nagar,DJ Bravo,0,1,1,,,,,"",""
ball,1,17.4,Delhi Daredevils,IK Pathan,Y Nagar,DJ Bravo,2,0,,,,,,"",""
ball,1,17.5,Delhi Daredevils,IK Pathan,Y Nagar,DJ Bravo,1,0,,,,,,"",""
ball,1,17.6,Delhi Daredevils,Y Nagar,IK Pathan,DJ Bravo,1,0,,,,,,"",""
ball,1,17.7,Delhi Daredevils,IK Pathan,Y Nagar,DJ Bravo,0,0,,,,,,"",""
ball,1,18.1,Delhi Daredevils,Y Nagar,IK Pathan,BW Hilfenhaus,0,0,,,,,,"",""
ball,1,18.2,Delhi Daredevils,Y Nagar,IK Pathan,BW Hilfenhaus,1,0,,,,,,"",""
ball,1,18.3,Delhi Daredevils,IK Pathan,Y Nagar,BW Hilfenhaus,0,1,1,,,,,"",""
ball,1,18.4,Delhi Daredevils,IK Pathan,Y Nagar,BW Hilfenhaus,1,0,,,,,,"",""
ball,1,18.5,Delhi Daredevils,Y Nagar,IK Pathan,BW Hilfenhaus,4,0,,,,,,"",""
ball,1,18.6,Delhi Daredevils,Y Nagar,IK Pathan,BW Hilfenhaus,0,0,,,,,,"",""
ball,1,18.7,Delhi Daredevils,Y Nagar,IK Pathan,BW Hilfenhaus,6,0,,,,,,"",""
ball,1,19.1,Delhi Daredevils,IK Pathan,Y Nagar,DJ Bravo,2,0,,,,,,"",""
ball,1,19.2,Delhi Daredevils,IK Pathan,Y Nagar,DJ Bravo,1,0,,,,,,"",""
ball,1,19.3,Delhi Daredevils,Y Nagar,IK Pathan,DJ Bravo,1,0,,,,,,"",""
ball,1,19.4,Delhi Daredevils,IK Pathan,Y Nagar,DJ Bravo,1,0,,,,,,"",""
ball,1,19.5,Delhi Daredevils,Y Nagar,IK Pathan,DJ Bravo,2,0,,,,,,"",""
ball,1,19.6,Delhi Daredevils,Y Nagar,IK Pathan,DJ Bravo,0,0,,,,,,"",""
ball,2,0.1,Chennai Super Kings,MEK Hussey,M Vijay,M Morkel,0,0,,,,,,"",""
ball,2,0.2,Chennai Super Kings,MEK Hussey,M Vijay,M Morkel,0,0,,,,,,"",""
ball,2,0.3,Chennai Super Kings,MEK Hussey,M Vijay,M Morkel,2,0,,,,,,"",""
ball,2,0.4,Chennai Super Kings,MEK Hussey,M Vijay,M Morkel,0,0,,,,,,"",""
ball,2,0.5,Chennai Super Kings,MEK Hussey,M Vijay,M Morkel,0,0,,,,,,"",""
ball,2,0.6,Chennai Super Kings,MEK Hussey,M Vijay,M Morkel,0,0,,,,,,"",""
ball,2,1.1,Chennai Super Kings,M Vijay,MEK Hussey,UT Yadav,0,0,,,,,,"",""
ball,2,1.2,Chennai Super Kings,M Vijay,MEK Hussey,UT Yadav,4,0,,,,,,"",""
ball,2,1.3,Chennai Super Kings,M Vijay,MEK Hussey,UT Yadav,0,1,1,,,,,"",""
ball,2,1.4,Chennai Super Kings,M Vijay,MEK Hussey,UT Yadav,0,0,,,,,,"",""
ball,2,1.5,Chennai Super Kings,M Vijay,MEK Hussey,UT Yadav,2,0,,,,,,"",""
ball,2,1.6,Chennai Super Kings,M Vijay,MEK Hussey,UT Yadav,1,0,,,,,,"",""
ball,2,1.7,Chennai Super Kings,MEK Hussey,M Vijay,UT Yadav,0,0,,,,,,"",""
ball,2,2.1,Chennai Super Kings,M Vijay,MEK Hussey,M Morkel,0,0,,,,,,"",""
ball,2,2.2,Chennai Super Kings,M Vijay,MEK Hussey,M Morkel,1,0,,,,,,"",""
ball,2,2.3,Chennai Super Kings,MEK Hussey,M Vijay,M Morkel,0,0,,,,,,"",""
ball,2,2.4,Chennai Super Kings,MEK Hussey,M Vijay,M Morkel,0,0,,,,,,"",""
ball,2,2.5,Chennai Super Kings,MEK Hussey,M Vijay,M Morkel,4,0,,,,,,"",""
ball,2,2.6,Chennai Super Kings,MEK Hussey,M Vijay,M Morkel,0,0,,,,,,"",""
ball,2,3.1,Chennai Super Kings,M Vijay,MEK Hussey,VR Aaron,2,0,,,,,,"",""
ball,2,3.2,Chennai Super Kings,M Vijay,MEK Hussey,VR Aaron,0,0,,,,,,"",""
ball,2,3.3,Chennai Super Kings,M Vijay,MEK Hussey,VR Aaron,0,0,,,,,,"",""
ball,2,3.4,Chennai Super Kings,M Vijay,MEK Hussey,VR Aaron,1,0,,,,,,"",""
ball,2,3.5,Chennai Super Kings,MEK Hussey,M Vijay,VR Aaron,4,0,,,,,,"",""
ball,2,3.6,Chennai Super Kings,MEK Hussey,M Vijay,VR Aaron,3,0,,,,,,"",""
ball,2,4.1,Chennai Super Kings,MEK Hussey,M Vijay,M Morkel,4,0,,,,,,"",""
ball,2,4.2,Chennai Super Kings,MEK Hussey,M Vijay,M Morkel,4,0,,,,,,"",""
ball,2,4.3,Chennai Super Kings,MEK Hussey,M Vijay,M Morkel,0,0,,,,,,"",""
ball,2,4.4,Chennai Super Kings,MEK Hussey,M Vijay,M Morkel,1,0,,,,,,"",""
ball,2,4.5,Chennai Super Kings,M Vijay,MEK Hussey,M Morkel,4,0,,,,,,"",""
ball,2,4.6,Chennai Super Kings,M Vijay,MEK Hussey,M Morkel,0,0,,,,,,"",""
ball,2,5.1,Chennai Super Kings,MEK Hussey,M Vijay,VR Aaron,6,0,,,,,,"",""
ball,2,5.2,Chennai Super Kings,MEK Hussey,M Vijay,VR Aaron,0,0,,,,,,"",""
ball,2,5.3,Chennai Super Kings,MEK Hussey,M Vijay,VR Aaron,0,0,,,,,,"",""
ball,2,5.4,Chennai Super Kings,MEK Hussey,M Vijay,VR Aaron,0,0,,,,,,"",""
ball,2,5.5,Chennai Super Kings,MEK Hussey,M Vijay,VR Aaron,1,0,,,,,,"",""
ball,2,5.6,Chennai Super Kings,M Vijay,MEK Hussey,VR Aaron,0,0,,,,,,"",""
ball,2,6.1,Chennai Super Kings,MEK Hussey,M Vijay,UT Yadav,1,0,,,,,,"",""
ball,2,6.2,Chennai Super Kings,M Vijay,MEK Hussey,UT Yadav,0,0,,,,,,"",""
ball,2,6.3,Chennai Super Kings,M Vijay,MEK Hussey,UT Yadav,4,0,,,,,,"",""
ball,2,6.4,Chennai Super Kings,M Vijay,MEK Hussey,UT Yadav,4,0,,,,,,"",""
ball,2,6.5,Chennai Super Kings,M Vijay,MEK Hussey,UT Yadav,0,0,,,,,,"",""
ball,2,6.6,Chennai Super Kings,M Vijay,MEK Hussey,UT Yadav,1,0,,,,,,"",""
ball,2,7.1,Chennai Super Kings,M Vijay,MEK Hussey,RE van der Merwe,1,0,,,,,,"",""
ball,2,7.2,Chennai Super Kings,MEK Hussey,M Vijay,RE van der Merwe,4,0,,,,,,"",""
ball,2,7.3,Chennai Super Kings,MEK Hussey,M Vijay,RE van der Merwe,0,0,,,,,,"",""
ball,2,7.4,Chennai Super Kings,MEK Hussey,M Vijay,RE van der Merwe,0,0,,,,,,"",""
ball,2,7.5,Chennai Super Kings,MEK Hussey,M Vijay,RE van der Merwe,1,0,,,,,,"",""
ball,2,7.6,Chennai Super Kings,M Vijay,MEK Hussey,RE van der Merwe,2,0,,,,,,"",""
ball,2,8.1,Chennai Super Kings,MEK Hussey,M Vijay,IK Pathan,0,0,,,,,,"",""
ball,2,8.2,Chennai Super Kings,MEK Hussey,M Vijay,IK Pathan,1,0,,,,,,"",""
ball,2,8.3,Chennai Super Kings,M Vijay,MEK Hussey,IK Pathan,1,0,,,,,,"",""
ball,2,8.4,Chennai Super Kings,MEK Hussey,M Vijay,IK Pathan,1,0,,,,,,"",""
ball,2,8.5,Chennai Super Kings,M Vijay,MEK Hussey,IK Pathan,4,0,,,,,,"",""
ball,2,8.6,Chennai Super Kings,M Vijay,MEK Hussey,IK Pathan,0,0,,,,,,"",""
ball,2,9.1,Chennai Super Kings,MEK Hussey,M Vijay,RE van der Merwe,1,0,,,,,,"",""
ball,2,9.2,Chennai Super Kings,M Vijay,MEK Hussey,RE van der Merwe,0,0,,,,,,"",""
ball,2,9.3,Chennai Super Kings,M Vijay,MEK Hussey,RE van der Merwe,0,0,,,,,,"",""
ball,2,9.4,Chennai Super Kings,M Vijay,MEK Hussey,RE van der Merwe,0,0,,,,,,"",""
ball,2,9.5,Chennai Super Kings,M Vijay,MEK Hussey,RE van der Merwe,2,0,,,,,,"",""
ball,2,9.6,Chennai Super Kings,M Vijay,MEK Hussey,RE van der Merwe,2,0,,,,,,"",""
ball,2,10.1,Chennai Super Kings,MEK Hussey,M Vijay,IK Pathan,0,0,,,,,,caught,MEK Hussey
ball,2,10.2,Chennai Super Kings,SK Raina,M Vijay,IK Pathan,1,0,,,,,,"",""
ball,2,10.3,Chennai Super Kings,M Vijay,SK Raina,IK Pathan,1,0,,,,,,"",""
ball,2,10.4,Chennai Super Kings,SK Raina,M Vijay,IK Pathan,0,0,,,,,,"",""
ball,2,10.5,Chennai Super Kings,SK Raina,M Vijay,IK Pathan,0,0,,,,,,"",""
ball,2,10.6,Chennai Super Kings,SK Raina,M Vijay,IK Pathan,6,0,,,,,,"",""
ball,2,11.1,Chennai Super Kings,M Vijay,SK Raina,RE van der Merwe,1,0,,,,,,"",""
ball,2,11.2,Chennai Super Kings,SK Raina,M Vijay,RE van der Merwe,1,0,,,,,,"",""
ball,2,11.3,Chennai Super Kings,M Vijay,SK Raina,RE van der Merwe,1,0,,,,,,"",""
ball,2,11.4,Chennai Super Kings,SK Raina,M Vijay,RE van der Merwe,0,0,,,,,,"",""
ball,2,11.5,Chennai Super Kings,SK Raina,M Vijay,RE van der Merwe,1,0,,,,,,"",""
ball,2,11.6,Chennai Super Kings,M Vijay,SK Raina,RE van der Merwe,0,0,,,,,,"",""
ball,2,12.1,Chennai Super Kings,SK Raina,M Vijay,UT Yadav,0,0,,,,,,"",""
ball,2,12.2,Chennai Super Kings,SK Raina,M Vijay,UT Yadav,0,0,,,,,,"",""
ball,2,12.3,Chennai Super Kings,SK Raina,M Vijay,UT Yadav,4,0,,,,,,"",""
ball,2,12.4,Chennai Super Kings,SK Raina,M Vijay,UT Yadav,1,0,,,,,,"",""
ball,2,12.5,Chennai Super Kings,M Vijay,SK Raina,UT Yadav,1,0,,,,,,"",""
ball,2,12.6,Chennai Super Kings,SK Raina,M Vijay,UT Yadav,0,0,,,,,,"",""
ball,2,13.1,Chennai Super Kings,M Vijay,SK Raina,VR Aaron,0,0,,,,,,"",""
ball,2,13.2,Chennai Super Kings,M Vijay,SK Raina,VR Aaron,1,0,,,,,,"",""
ball,2,13.3,Chennai Super Kings,SK Raina,M Vijay,VR Aaron,0,0,,,,,,"",""
ball,2,13.4,Chennai Super Kings,SK Raina,M Vijay,VR Aaron,1,0,,,,,,"",""
ball,2,13.5,Chennai Super Kings,M Vijay,SK Raina,VR Aaron,6,0,,,,,,"",""
ball,2,13.6,Chennai Super Kings,M Vijay,SK Raina,VR Aaron,0,0,,,,,,"",""
ball,2,14.1,Chennai Super Kings,SK Raina,M Vijay,M Morkel,6,0,,,,,,"",""
ball,2,14.2,Chennai Super Kings,SK Raina,M Vijay,M Morkel,1,0,,,,,,"",""
ball,2,14.3,Chennai Super Kings,M Vijay,SK Raina,M Morkel,1,0,,,,,,"",""
ball,2,14.4,Chennai Super Kings,SK Raina,M Vijay,M Morkel,2,0,,,,,,"",""
ball,2,14.5,Chennai Super Kings,SK Raina,M Vijay,M Morkel,1,0,,,,,,"",""
ball,2,14.6,Chennai Super Kings,M Vijay,SK Raina,M Morkel,0,0,,,,,,"",""
ball,2,15.1,Chennai Super Kings,SK Raina,M Vijay,VR Aaron,0,0,,,,,,"",""
ball,2,15.2,Chennai Super Kings,SK Raina,M Vijay,VR Aaron,3,0,,,,,,"",""
