version,1.6.0
info,balls_per_over,6
info,team,Royal Challengers Bangalore
info,team,Mumbai Indians
info,gender,male
info,season,2013
info,date,2013/04/04
info,event,Indian Premier League
info,match_number,2
info,venue,M Chinnaswamy Stadium
info,city,Bangalore
info,toss_winner,Mumbai Indians
info,toss_decision,field
info,player_of_match,CH Gayle
info,umpire,VA Kulkarni
info,umpire,C Shamshuddin
info,reserve_umpire,KN Ananthapadmanabhan
info,tv_umpire,K Srinath
info,match_referee,AJ Pycroft
info,winner,Royal Challengers Bangalore
info,winner_runs,2
info,player,Mumbai Indians,RT Ponting
info,player,Mumbai Indians,SR Tendulkar
info,player,Mumbai Indians,KD Karthik
info,player,Mumbai Indians,RG Sharma
info,player,Mumbai Indians,AT Rayudu
info,player,Mumbai Indians,KA Pollard
info,player,Mumbai Indians,Harbhajan Singh
info,player,Mumbai Indians,JJ Bumrah
info,player,Mumbai Indians,MG Johnson
info,player,Mumbai Indians,JDP Oram
info,player,Mumbai Indians,MM Patel
info,player,Royal Challengers Bangalore,CH Gayle
info,player,Royal Challengers Bangalore,TM Dilshan
info,player,Royal Challengers Bangalore,V Kohli
info,player,Royal Challengers Bangalore,MA Agarwal
info,player,Royal Challengers Bangalore,DT Christian
info,player,Royal Challengers Bangalore,KK Nair
info,player,Royal Challengers Bangalore,KB Arun Karthik
info,player,Royal Challengers Bangalore,R Vinay Kumar
info,player,Royal Challengers Bangalore,M Kartik
info,player,Royal Challengers Bangalore,JD Unadkat
info,player,Royal Challengers Bangalore,M Muralitharan
info,registry,people,AJ Pycroft,685d3f80
info,registry,people,AT Rayudu,70d205c9
info,registry,people,C Shamshuddin,0f9d921b
info,registry,people,CH Gayle,db584dad
info,registry,people,DT Christian,2a2e6343
info,registry,people,Harbhajan Singh,8b5b6769
info,registry,people,JD Unadkat,1e66c162
info,registry,people,JDP Oram,3eac9d95
info,registry,people,JJ Bumrah,462411b3
info,registry,people,K Srinath,8ab5da97
info,registry,people,KA Pollard,a757b0d8
info,registry,people,KB Arun Karthik,7daedf2f
info,registry,people,KD Karthik,c03f1114
info,registry,people,KK Nair,944533a5
info,registry,people,KN Ananthapadmanabhan,3144063a
info,registry,people,M Kartik,abfeb126
info,registry,people,M Muralitharan,4ba44e19
info,registry,people,MA Agarwal,00ea847a
info,registry,people,MG Johnson,f5180fe6
info,registry,people,MM Patel,f0f628c7
info,registry,people,R Vinay Kumar,41eb4a4f
info,registry,people,RG Sharma,740742ef
info,registry,people,RT Ponting,7d415ea5
info,registry,people,SR Tendulkar,d2c2b2d5
info,registry,people,TM Dilshan,5bdcdb72
info,registry,people,V Kohli,ba607b88
info,registry,people,VA Kulkarni,8fe0c4f8
ball,1,0.1,Royal Challengers Bangalore,CH Gayle,TM Dilshan,MG Johnson,0,0,,,,,,"",""
ball,1,0.2,Royal Challengers Bangalore,CH Gayle,TM Dilshan,MG Johnson,0,0,,,,,,"",""
ball,1,0.3,Royal Challengers Bangalore,CH Gayle,TM Dilshan,MG Johnson,1,0,,,,,,"",""
ball,1,0.4,Royal Challengers Bangalore,TM Dilshan,CH Gayle,MG Johnson,0,0,,,,,,"",""
ball,1,0.5,Royal Challengers Bangalore,TM Dilshan,CH Gayle,MG Johnson,0,0,,,,,,"",""
ball,1,0.6,Royal Challengers Bangalore,TM Dilshan,CH Gayle,MG Johnson,0,0,,,,,,"",""
ball,1,1.1,Royal Challengers Bangalore,CH Gayle,TM Dilshan,MM Patel,0,0,,,,,,"",""
ball,1,1.2,Royal Challengers Bangalore,CH Gayle,TM Dilshan,MM Patel,1,0,,,,,,"",""
ball,1,1.3,Royal Challengers Bangalore,TM Dilshan,CH Gayle,MM Patel,0,0,,,,,,"",""
ball,1,1.4,Royal Challengers Bangalore,TM Dilshan,CH Gayle,MM Patel,0,0,,,,,,"",""
ball,1,1.5,Royal Challengers Bangalore,TM Dilshan,CH Gayle,MM Patel,0,0,,,,,,"",""
ball,1,1.6,Royal Challengers Bangalore,TM Dilshan,CH Gayle,MM Patel,0,0,,,,,,"",""
ball,1,2.1,Royal Challengers Bangalore,CH Gayle,TM Dilshan,MG Johnson,1,0,,,,,,"",""
ball,1,2.2,Royal Challengers Bangalore,TM Dilshan,CH Gayle,MG Johnson,0,0,,,,,,bowled,TM Dilshan
ball,1,2.3,Royal Challengers Bangalore,V Kohli,CH Gayle,MG Johnson,4,0,,,,,,"",""
ball,1,2.4,Royal Challengers Bangalore,V Kohli,CH Gayle,MG Johnson,0,0,,,,,,"",""
ball,1,2.5,Royal Challengers Bangalore,V Kohli,CH Gayle,MG Johnson,1,0,,,,,,"",""
ball,1,2.6,Royal Challengers Bangalore,CH Gayle,V Kohli,MG Johnson,0,1,1,,,,,"",""
ball,1,2.7,Royal Challengers Bangalore,CH Gayle,V Kohli,MG Johnson,0,0,,,,,,"",""
ball,1,3.1,Royal Challengers Bangalore,V Kohli,CH Gayle,MM Patel,0,0,,,,,,"",""
ball,1,3.2,Royal Challengers Bangalore,V Kohli,CH Gayle,MM Patel,0,0,,,,,,"",""
ball,1,3.3,Royal Challengers Bangalore,V Kohli,CH Gayle,MM Patel,0,0,,,,,,"",""
ball,1,3.4,Royal Challengers Bangalore,V Kohli,CH Gayle,MM Patel,6,0,,,,,,"",""
ball,1,3.5,Royal Challengers Bangalore,V Kohli,CH Gayle,MM Patel,0,0,,,,,,"",""
ball,1,3.6,Royal Challengers Bangalore,V Kohli,CH Gayle,MM Patel,1,0,,,,,,"",""
ball,1,4.1,Royal Challengers Bangalore,V Kohli,CH Gayle,JJ Bumrah,4,0,,,,,,"",""
ball,1,4.2,Royal Challengers Bangalore,V Kohli,CH Gayle,JJ Bumrah,4,0,,,,,,"",""
ball,1,4.3,Royal Challengers Bangalore,V Kohli,CH Gayle,JJ Bumrah,0,0,,,,,,"",""
ball,1,4.4,Royal Challengers Bangalore,V Kohli,CH Gayle,JJ Bumrah,4,0,,,,,,"",""
ball,1,4.5,Royal Challengers Bangalore,V Kohli,CH Gayle,JJ Bumrah,0,0,,,,,,lbw,V Kohli
ball,1,4.6,Royal Challengers Bangalore,MA Agarwal,CH Gayle,JJ Bumrah,0,0,,,,,,"",""
ball,1,5.1,Royal Challengers Bangalore,CH Gayle,MA Agarwal,JDP Oram,0,1,1,,,,,"",""
ball,1,5.2,Royal Challengers Bangalore,CH Gayle,MA Agarwal,JDP Oram,1,0,,,,,,"",""
ball,1,5.3,Royal Challengers Bangalore,MA Agarwal,CH Gayle,JDP Oram,0,0,,,,,,"",""
ball,1,5.4,Royal Challengers Bangalore,MA Agarwal,CH Gayle,JDP Oram,0,0,,,,,,"",""
ball,1,5.5,Royal Challengers Bangalore,MA Agarwal,CH Gayle,JDP Oram,1,0,,,,,,"",""
ball,1,5.6,Royal Challengers Bangalore,CH Gayle,MA Agarwal,JDP Oram,0,0,,,,,,"",""
ball,1,5.7,Royal Challengers Bangalore,CH Gayle,MA Agarwal,JDP Oram,0,0,,,,,,"",""
ball,1,6.1,Royal Challengers Bangalore,MA Agarwal,CH Gayle,JJ Bumrah,0,0,,,,,,caught,MA Agarwal
ball,1,6.2,Royal Challengers Bangalore,DT Christian,CH Gayle,JJ Bumrah,0,0,,,,,,"",""
ball,1,6.3,Royal Challengers Bangalore,DT Christian,CH Gayle,JJ Bumrah,0,0,,,,,,"",""
ball,1,6.4,Royal Challengers Bangalore,DT Christian,CH Gayle,JJ Bumrah,1,0,,,,,,"",""
ball,1,6.5,Royal Challengers Bangalore,CH Gayle,DT Christian,JJ Bumrah,0,0,,,,,,"",""
ball,1,6.6,Royal Challengers Bangalore,CH Gayle,DT Christian,JJ Bumrah,0,4,,,,4,,"",""
ball,1,7.1,Royal Challengers Bangalore,DT Christian,CH Gayle,JDP Oram,0,0,,,,,,"",""
ball,1,7.2,Royal Challengers Bangalore,DT Christian,CH Gayle,JDP Oram,0,0,,,,,,"",""
ball,1,7.3,Royal Challengers Bangalore,DT Christian,CH Gayle,JDP Oram,0,1,1,,,,,"",""
ball,1,7.4,Royal Challengers Bangalore,DT Christian,CH Gayle,JDP Oram,1,0,,,,,,"",""
ball,1,7.5,Royal Challengers Bangalore,CH Gayle,DT Christian,JDP Oram,0,0,,,,,,"",""
ball,1,7.6,Royal Challengers Bangalore,CH Gayle,DT Christian,JDP Oram,2,0,,,,,,"",""
ball,1,7.7,Royal Challengers Bangalore,CH Gayle,DT Christian,JDP Oram,4,0,,,,,,"",""
ball,1,8.1,Royal Challengers Bangalore,DT Christian,CH Gayle,JJ Bumrah,1,0,,,,,,"",""
ball,1,8.2,Royal Challengers Bangalore,CH Gayle,DT Christian,JJ Bumrah,0,0,,,,,,"",""
ball,1,8.3,Royal Challengers Bangalore,CH Gayle,DT Christian,JJ Bumrah,0,0,,,,,,"",""
ball,1,8.4,Royal Challengers Bangalore,CH Gayle,DT Christian,JJ Bumrah,4,0,,,,,,"",""
ball,1,8.5,Royal Challengers Bangalore,CH Gayle,DT Christian,JJ Bumrah,6,0,,,,,,"",""
ball,1,8.6,Royal Challengers Bangalore,CH Gayle,DT Christian,JJ Bumrah,1,0,,,,,,"",""
ball,1,9.1,Royal Challengers Bangalore,CH Gayle,DT Christian,Harbhajan Singh,1,0,,,,,,"",""
ball,1,9.2,Royal Challengers Bangalore,DT Christian,CH Gayle,Harbhajan Singh,0,0,,,,,,"",""
ball,1,9.3,Royal Challengers Bangalore,DT Christian,CH Gayle,Harbhajan Singh,0,0,,,,,,"",""
ball,1,9.4,Royal Challengers Bangalore,DT Christian,CH Gayle,Harbhajan Singh,1,0,,,,,,"",""
ball,1,9.5,Royal Challengers Bangalore,CH Gayle,DT Christian,Harbhajan Singh,1,0,,,,,,"",""
ball,1,9.6,Royal Challengers Bangalore,DT Christian,CH Gayle,Harbhajan Singh,0,0,,,,,,"",""
ball,1,10.1,Royal Challengers Bangalore,CH Gayle,DT Christian,KA Pollard,0,0,,,,,,"",""
ball,1,10.2,Royal Challengers Bangalore,CH Gayle,DT Christian,KA Pollard,4,0,,,,,,"",""
ball,1,10.3,Royal Challengers Bangalore,CH Gayle,DT Christian,KA Pollard,6,0,,,,,,"",""
ball,1,10.4,Royal Challengers Bangalore,CH Gayle,DT Christian,KA Pollard,4,0,,,,,,"",""
ball,1,10.5,Royal Challengers Bangalore,CH Gayle,DT Christian,KA Pollard,1,0,,,,,,"",""
ball,1,10.6,Royal Challengers Bangalore,DT Christian,CH Gayle,KA Pollard,0,0,,,,,,"",""
ball,1,11.1,Royal Challengers Bangalore,CH Gayle,DT Christian,Harbhajan Singh,0,0,,,,,,"",""
ball,1,11.2,Royal Challengers Bangalore,CH Gayle,DT Christian,Harbhajan Singh,0,0,,,,,,"",""
ball,1,11.3,Royal Challengers Bangalore,CH Gayle,DT Christian,Harbhajan Singh,1,0,,,,,,"",""
ball,1,11.4,Royal Challengers Bangalore,DT Christian,CH Gayle,Harbhajan Singh,0,0,,,,,,caught,DT Christian
ball,1,11.5,Royal Challengers Bangalore,KK Nair,CH Gayle,Harbhajan Singh,0,0,,,,,,"",""
ball,1,11.6,Royal Challengers Bangalore,KK Nair,CH Gayle,Harbhajan Singh,0,0,,,,,,"",""
ball,1,12.1,Royal Challengers Bangalore,CH Gayle,KK Nair,JJ Bumrah,4,0,,,,,,"",""
ball,1,12.2,Royal Challengers Bangalore,CH Gayle,KK Nair,JJ Bumrah,0,0,,,,,,"",""
ball,1,12.3,Royal Challengers Bangalore,CH Gayle,KK Nair,JJ Bumrah,1,0,,,,,,"",""
ball,1,12.4,Royal Challengers Bangalore,KK Nair,CH Gayle,JJ Bumrah,0,0,,,,,,lbw,KK Nair
ball,1,12.5,Royal Challengers Bangalore,KB Arun Karthik,CH Gayle,JJ Bumrah,1,0,,,,,,"",""
ball,1,12.6,Royal Challengers Bangalore,CH Gayle,KB Arun Karthik,JJ Bumrah,1,0,,,,,,"",""
ball,1,13.1,Royal Challengers Bangalore,CH Gayle,KB Arun Karthik,Harbhajan Singh,0,0,,,,,,"",""
ball,1,13.2,Royal Challengers Bangalore,CH Gayle,KB Arun Karthik,Harbhajan Singh,0,1,1,,,,,"",""
ball,1,13.3,Royal Challengers Bangalore,CH Gayle,KB Arun Karthik,Harbhajan Singh,0,0,,,,,,"",""
ball,1,13.4,Royal Challengers Bangalore,CH Gayle,KB Arun Karthik,Harbhajan Singh,4,0,,,,,,"",""
ball,1,13.5,Royal Challengers Bangalore,CH Gayle,KB Arun Karthik,Harbhajan Singh,1,0,,,,,,"",""
ball,1,13.6,Royal Challengers Bangalore,KB Arun Karthik,CH Gayle,Harbhajan Singh,1,0,,,,,,"",""
ball,1,13.7,Royal Challengers Bangalore,CH Gayle,KB Arun Karthik,Harbhajan Singh,4,0,,,,,,"",""
ball,1,14.1,Royal Challengers Bangalore,KB Arun Karthik,CH Gayle,MG Johnson,0,1,1,,,,,"",""
ball,1,14.2,Royal Challengers Bangalore,KB Arun Karthik,CH Gayle,MG Johnson,0,0,,,,,,"",""
ball,1,14.3,Royal Challengers Bangalore,KB Arun Karthik,CH Gayle,MG Johnson,1,0,,,,,,"",""
ball,1,14.4,Royal Challengers Bangalore,CH Gayle,KB Arun Karthik,MG Johnson,0,0,,,,,,"",""
ball,1,14.5,Royal Challengers Bangalore,CH Gayle,KB Arun Karthik,MG Johnson,1,0,,,,,,"",""
ball,1,14.6,Royal Challengers Bangalore,KB Arun Karthik,CH Gayle,MG Johnson,4,0,,,,,,"",""
ball,1,14.7,Royal Challengers Bangalore,KB Arun Karthik,CH Gayle,MG Johnson,0,0,,,,,,"",""
ball,1,15.1,Royal Challengers Bangalore,CH Gayle,KB Arun Karthik,Harbhajan Singh,0,0,,,,,,"",""
ball,1,15.2,Royal Challengers Bangalore,CH Gayle,KB Arun Karthik,Harbhajan Singh,6,0,,,,,,"",""
ball,1,15.3,Royal Challengers Bangalore,CH Gayle,KB Arun Karthik,Harbhajan Singh,0,0,,,,,,"",""
ball,1,15.4,Royal Challengers Bangalore,CH Gayle,KB Arun Karthik,Harbhajan Singh,0,0,,,,,,"",""
ball,1,15.5,Royal Challengers Bangalore,CH Gayle,KB Arun Karthik,Harbhajan Singh,0,0,,,,,,"",""
ball,1,15.6,Royal Challengers Bangalore,CH Gayle,KB Arun Karthik,Harbhajan Singh,0,0,,,,,,"",""
ball,1,16.1,Royal Challengers Bangalore,KB Arun Karthik,CH Gayle,JDP Oram,4,0,,,,,,"",""
ball,1,16.2,Royal Challengers Bangalore,KB Arun Karthik,CH Gayle,JDP Oram,0,4,,,,4,,"",""
ball,1,16.3,Royal Challengers Bangalore,KB Arun Karthik,CH Gayle,JDP Oram,0,0,,,,,,"",""
ball,1,16.4,Royal Challengers Bangalore,KB Arun Karthik,CH Gayle,JDP Oram,0,0,,,,,,"",""
ball,1,16.5,Royal Challengers Bangalore,KB Arun Karthik,CH Gayle,JDP Oram,0,0,,,,,,"",""
ball,1,16.6,Royal Challengers Bangalore,KB Arun Karthik,CH Gayle,JDP Oram,1,0,,,,,,"",""
ball,1,17.1,Royal Challengers Bangalore,KB Arun Karthik,CH Gayle,MM Patel,1,0,,,,,,"",""
ball,1,17.2,Royal Challengers Bangalore,CH Gayle,KB Arun Karthik,MM Patel,4,0,,,,,,"",""
ball,1,17.3,Royal Challengers Bangalore,CH Gayle,KB Arun Karthik,MM Patel,1,0,,,,,,"",""
ball,1,17.4,Royal Challengers Bangalore,KB Arun Karthik,CH Gayle,MM Patel,1,0,,,,,,"",""
ball,1,17.5,Royal Challengers Bangalore,CH Gayle,KB Arun Karthik,MM Patel,4,0,,,,,,"",""
ball,1,17.6,Royal Challengers Bangalore,CH Gayle,KB Arun Karthik,MM Patel,6,0,,,,,,"",""
ball,1,18.1,Royal Challengers Bangalore,KB Arun Karthik,CH Gayle,JDP Oram,0,0,,,,,,"",""
ball,1,18.2,Royal Challengers Bangalore,KB Arun Karthik,CH Gayle,JDP Oram,4,0,,,,,,"",""
ball,1,18.3,Royal Challengers Bangalore,KB Arun Karthik,CH Gayle,JDP Oram,0,1,,,,1,,"",""
ball,1,18.4,Royal Challengers Bangalore,CH Gayle,KB Arun Karthik,JDP Oram,1,0,,,,,,"",""
ball,1,18.5,Royal Challengers Bangalore,KB Arun Karthik,CH Gayle,JDP Oram,1,0,,,,,,"",""
ball,1,18.6,Royal Challengers Bangalore,CH Gayle,KB Arun Karthik,JDP Oram,0,1,,,,1,,"",""
ball,1,19.1,Royal Challengers Bangalore,CH Gayle,KB Arun Karthik,MM Patel,0,0,,,,,,"",""
ball,1,19.2,Royal Challengers Bangalore,CH Gayle,KB Arun Karthik,MM Patel,4,0,,,,,,"",""
ball,1,19.3,Royal Challengers Bangalore,CH Gayle,KB Arun Karthik,MM Patel,1,0,,,,,,"",""
ball,1,19.4,Royal Challengers Bangalore,KB Arun Karthik,CH Gayle,MM Patel,0,1,,,,1,,"",""
ball,1,19.5,Royal Challengers Bangalore,CH Gayle,KB Arun Karthik,MM Patel,4,0,,,,,,"",""
ball,1,19.6,Royal Challengers Bangalore,CH Gayle,KB Arun Karthik,MM Patel,6,0,,,,,,"",""
ball,2,0.1,Mumbai Indians,RT Ponting,SR Tendulkar,JD Unadkat,0,0,,,,,,"",""
ball,2,0.2,Mumbai Indians,RT Ponting,SR Tendulkar,JD Unadkat,0,0,,,,,,"",""
ball,2,0.3,Mumbai Indians,RT Ponting,SR Tendulkar,JD Unadkat,1,0,,,,,,"",""
ball,2,0.4,Mumbai Indians,SR Tendulkar,RT Ponting,JD Unadkat,0,0,,,,,,"",""
ball,2,0.5,Mumbai Indians,SR Tendulkar,RT Ponting,JD Unadkat,1,0,,,,,,"",""
ball,2,0.6,Mumbai Indians,RT Ponting,SR Tendulkar,JD Unadkat,0,0,,,,,,"",""
ball,2,1.1,Mumbai Indians,SR Tendulkar,RT Ponting,DT Christian,1,0,,,,,,"",""
ball,2,1.2,Mumbai Indians,RT Ponting,SR Tendulkar,DT Christian,0,0,,,,,,"",""
ball,2,1.3,Mumbai Indians,RT Ponting,SR Tendulkar,DT Christian,0,0,,,,,,"",""
ball,2,1.4,Mumbai Indians,RT Ponting,SR Tendulkar,DT Christian,0,0,,,,,,"",""
ball,2,1.5,Mumbai Indians,RT Ponting,SR Tendulkar,DT Christian,1,0,,,,,,"",""
ball,2,1.6,Mumbai Indians,SR Tendulkar,RT Ponting,DT Christian,0,0,,,,,,"",""
ball,2,2.1,Mumbai Indians,RT Ponting,SR Tendulkar,JD Unadkat,0,0,,,,,,"",""
ball,2,2.2,Mumbai Indians,RT Ponting,SR Tendulkar,JD Unadkat,1,0,,,,,,"",""
ball,2,2.3,Mumbai Indians,SR Tendulkar,RT Ponting,JD Unadkat,0,1,,,,1,,"",""
ball,2,2.4,Mumbai Indians,RT Ponting,SR Tendulkar,JD Unadkat,1,0,,,,,,"",""
ball,2,2.5,Mumbai Indians,SR Tendulkar,RT Ponting,JD Unadkat,4,0,,,,,,"",""
ball,2,2.6,Mumbai Indians,SR Tendulkar,RT Ponting,JD Unadkat,0,0,,,,,,"",""
ball,2,3.1,Mumbai Indians,RT Ponting,SR Tendulkar,DT Christian,2,0,,,,,,"",""
ball,2,3.2,Mumbai Indians,RT Ponting,SR Tendulkar,DT Christian,2,0,,,,,,"",""
ball,2,3.3,Mumbai Indians,RT Ponting,SR Tendulkar,DT Christian,0,0,,,,,,"",""
ball,2,3.4,Mumbai Indians,RT Ponting,SR Tendulkar,DT Christian,6,0,,,,,,"",""
ball,2,3.5,Mumbai Indians,RT Ponting,SR Tendulkar,DT Christian,1,0,,,,,,"",""
ball,2,3.6,Mumbai Indians,SR Tendulkar,RT Ponting,DT Christian,1,0,,,,,,"",""
ball,2,4.1,Mumbai Indians,SR Tendulkar,RT Ponting,R Vinay Kumar,1,0,,,,,,"",""
ball,2,4.2,Mumbai Indians,RT Ponting,SR Tendulkar,R Vinay Kumar,0,0,,,,,,"",""
ball,2,4.3,Mumbai Indians,RT Ponting,SR Tendulkar,R Vinay Kumar,1,0,,,,,,"",""
ball,2,4.4,Mumbai Indians,SR Tendulkar,RT Ponting,R Vinay Kumar,0,0,,,,,,"",""
ball,2,4.5,Mumbai Indians,SR Tendulkar,RT Ponting,R Vinay Kumar,0,0,,,,,,"",""
ball,2,4.6,Mumbai Indians,SR Tendulkar,RT Ponting,R Vinay Kumar,2,0,,,,,,"",""
ball,2,5.1,Mumbai Indians,RT Ponting,SR Tendulkar,M Muralitharan,0,0,,,,,,"",""
ball,2,5.2,Mumbai Indians,RT Ponting,SR Tendulkar,M Muralitharan,2,0,,,,,,"",""
ball,2,5.3,Mumbai Indians,RT Ponting,SR Tendulkar,M Muralitharan,0,1,,,,1,,"",""
ball,2,5.4,Mumbai Indians,SR Tendulkar,RT Ponting,M Muralitharan,0,0,,,,,,"",""
ball,2,5.5,Mumbai Indians,SR Tendulkar,RT Ponting,M Muralitharan,4,0,,,,,,"",""
ball,2,5.6,Mumbai Indians,SR Tendulkar,RT Ponting,M Muralitharan,4,0,,,,,,"",""
ball,2,6.1,Mumbai Indians,RT Ponting,SR Tendulkar,R Vinay Kumar,1,0,,,,,,"",""
ball,2,6.2,Mumbai Indians,SR Tendulkar,RT Ponting,R Vinay Kumar,0,0,,,,,,"",""
ball,2,6.3,Mumbai Indians,SR Tendulkar,RT Ponting,R Vinay Kumar,4,0,,,,,,"",""
ball,2,6.4,Mumbai Indians,SR Tendulkar,RT Ponting,R Vinay Kumar,1,0,,,,,,"",""
ball,2,6.5,Mumbai Indians,RT Ponting,SR Tendulkar,R Vinay Kumar,4,0,,,,,,"",""
ball,2,6.6,Mumbai Indians,RT Ponting,SR Tendulkar,R Vinay Kumar,1,0,,,,,,"",""
ball,2,7.1,Mumbai Indians,RT Ponting,SR Tendulkar,M Kartik,2,0,,,,,,"",""
ball,2,7.2,Mumbai Indians,RT Ponting,SR Tendulkar,M Kartik,1,0,,,,,,"",""
ball,2,7.3,Mumbai Indians,SR Tendulkar,RT Ponting,M Kartik,0,0,,,,,,run out,SR Tendulkar
ball,2,7.4,Mumbai Indians,KD Karthik,RT Ponting,M Kartik,0,0,,,,,,"",""
ball,2,7.5,Mumbai Indians,KD Karthik,RT Ponting,M Kartik,2,0,,,,,,"",""
ball,2,7.6,Mumbai Indians,KD Karthik,RT Ponting,M Kartik,0,0,,,,,,"",""
ball,2,8.1,Mumbai Indians,RT Ponting,KD Karthik,M Muralitharan,0,0,,,,,,"",""
ball,2,8.2,Mumbai Indians,RT Ponting,KD Karthik,M Muralitharan,1,0,,,,,,"",""
ball,2,8.3,Mumbai Indians,KD Karthik,RT Ponting,M Muralitharan,1,0,,,,,,"",""
ball,2,8.4,Mumbai Indians,RT Ponting,KD Karthik,M Muralitharan,0,1,,,,1,,"",""
ball,2,8.5,Mumbai Indians,KD Karthik,RT Ponting,M Muralitharan,1,0,,,,,,"",""
ball,2,8.6,Mumbai Indians,RT Ponting,KD Karthik,M Muralitharan,0,0,,,,,,"",""
ball,2,9.1,Mumbai Indians,KD Karthik,RT Ponting,M Kartik,1,0,,,,,,"",""
ball,2,9.2,Mumbai Indians,RT Ponting,KD Karthik,M Kartik,0,2,2,,,,,"",""
ball,2,9.3,Mumbai Indians,KD Karthik,RT Ponting,M Kartik,1,0,,,,,,"",""
ball,2,9.4,Mumbai Indians,RT Ponting,KD Karthik,M Kartik,0,0,,,,,,"",""
ball,2,9.5,Mumbai Indians,RT Ponting,KD Karthik,M Kartik,0,0,,,,,,"",""
ball,2,9.6,Mumbai Indians,RT Ponting,KD Karthik,M Kartik,0,0,,,,,,stumped,RT Ponting
ball,2,9.7,Mumbai Indians,RG Sharma,KD Karthik,M Kartik,0,0,,,,,,"",""
ball,2,10.1,Mumbai Indians,KD Karthik,RG Sharma,M Muralitharan,4,0,,,,,,"",""
ball,2,10.2,Mumbai Indians,KD Karthik,RG Sharma,M Muralitharan,1,0,,,,,,"",""
ball,2,10.3,Mumbai Indians,RG Sharma,KD Karthik,M Muralitharan,0,0,,,,,,"",""
ball,2,10.4,Mumbai Indians,RG Sharma,KD Karthik,M Muralitharan,1,0,,,,,,"",""
ball,2,10.5,Mumbai Indians,KD Karthik,RG Sharma,M Muralitharan,0,0,,,,,,"",""
ball,2,10.6,Mumbai Indians,KD Karthik,RG Sharma,M Muralitharan,1,0,,,,,,"",""
ball,2,11.1,Mumbai Indians,KD Karthik,RG Sharma,M Kartik,1,0,,,,,,"",""
ball,2,11.2,Mumbai Indians,RG Sharma,KD Karthik,M Kartik,0,0,,,,,,"",""
ball,2,11.3,Mumbai Indians,RG Sharma,KD Karthik,M Kartik,1,0,,,,,,"",""
ball,2,11.4,Mumbai Indians,KD Karthik,RG Sharma,M Kartik,0,0,,,,,,"",""
ball,2,11.5,Mumbai Indians,KD Karthik,RG Sharma,M Kartik,1,0,,,,,,"",""
ball,2,11.6,Mumbai Indians,RG Sharma,KD Karthik,M Kartik,2,0,,,,,,"",""
ball,2,12.1,Mumbai Indians,KD Karthik,RG Sharma,JD Unadkat,0,0,,,,,,"",""
ball,2,12.2,Mumbai Indians,KD Karthik,RG Sharma,JD Unadkat,1,0,,,,,,"",""
ball,2,12.3,Mumbai Indians,RG Sharma,KD Karthik,JD Unadkat,4,0,,,,,,"",""
ball,2,12.4,Mumbai Indians,RG Sharma,KD Karthik,JD Unadkat,1,0,,,,,,"",""
ball,2,12.5,Mumbai Indians,KD Karthik,RG Sharma,JD Unadkat,4,0,,,,,,"",""
ball,2,12.6,Mumbai Indians,KD Karthik,RG Sharma,JD Unadkat,1,0,,,,,,"",""
ball,2,13.1,Mumbai Indians,KD Karthik,RG Sharma,R Vinay Kumar,1,0,,,,,,"",""
ball,2,13.2,Mumbai Indians,RG Sharma,KD Karthik,R Vinay Kumar,0,0,,,,,,"",""
ball,2,13.3,Mumbai Indians,RG Sharma,KD Karthik,R Vinay Kumar,2,0,,,,,,"",""
ball,2,13.4,Mumbai Indians,RG Sharma,KD Karthik,R Vinay Kumar,0,0,,,,,,bowled,RG Sharma
ball,2,13.5,Mumbai Indians,AT Rayudu,KD Karthik,R Vinay Kumar,1,0,,,,,,"",""
ball,2,13.6,Mumbai Indians,KD Karthik,AT Rayudu,R Vinay Kumar,2,0,,,,,,"",""
ball,2,14.1,Mumbai Indians,AT Rayudu,KD Karthik,DT Christian,0,1,,,,1,,"",""
ball,2,14.2,Mumbai Indians,KD Karthik,AT Rayudu,DT Christian,1,0,,,,,,"",""
ball,2,14.3,Mumbai Indians,AT Rayudu,KD Karthik,DT Christian,1,0,,,,,,"",""
ball,2,14.4,Mumbai Indians,KD Karthik,AT Rayudu,DT Christian,1,0,,,,,,"",""
ball,2,14.5,Mumbai Indians,AT Rayudu,KD Karthik,DT Christian,0,0,,,,,,"",""
ball,2,14.6,Mumbai Indians,AT Rayudu,KD Karthik,DT Christian,1,0,,,,,,"",""
ball,2,15.1,Mumbai Indians,AT Rayudu,KD Karthik,M Kartik,4,0,,,,,,"",""
ball,2,15.2,Mumbai Indians,AT Rayudu,KD Karthik,M Kartik,1,0,,,,,,"",""
ball,2,15.3,Mumbai Indians,KD Karthik,AT Rayudu,M Kartik,1,0,,,,,,"",""
ball,2,15.4,Mumbai Indians,AT Rayudu,KD Karthik,M Kartik,2,0,,,,,,"",""
ball,2,15.5,Mumbai Indians,AT Rayudu,KD Karthik,M Kartik,1,0,,,,,,"",""
ball,2,15.6,Mumbai Indians,KD Karthik,AT Rayudu,M Kartik,1,0,,,,,,"",""
ball,2,16.1,Mumbai Indians,KD Karthik,AT Rayudu,DT Christian,0,0,,,,,,"",""
ball,2,16.2,Mumbai Indians,KD Karthik,AT Rayudu,DT Christian,0,0,,,,,,"",""
ball,2,16.3,Mumbai Indians,KD Karthik,AT Rayudu,DT Christian,6,0,,,,,,"",""
ball,2,16.4,Mumbai Indians,KD Karthik,AT Rayudu,DT Christian,6,0,,,,,,"",""
ball,2,16.5,Mumbai Indians,KD Karthik,AT Rayudu,DT Christian,6,0,,,,,,"",""
ball,2,16.6,Mumbai Indians,KD Karthik,AT Rayudu,DT Christian,4,1,,1,,,,"",""
ball,2,16.7,Mumbai Indians,KD Karthik,AT Rayudu,DT Christian,1,0,,,,,,"",""
ball,2,17.1,Mumbai Indians,KD Karthik,AT Rayudu,M Muralitharan,6,0,,,,,,"",""
ball,2,17.2,Mumbai Indians,KD Karthik,AT Rayudu,M Muralitharan,1,0,,,,,,"",""
ball,2,17.3,Mumbai Indians,AT Rayudu,KD Karthik,M Muralitharan,1,0,,,,,,"",""
ball,2,17.4,Mumbai Indians,KD Karthik,AT Rayudu,M Muralitharan,1,0,,,,,,"",""
ball,2,17.5,Mumbai Indians,AT Rayudu,KD Karthik,M Muralitharan,0,0,,,,,,"",""
ball,2,17.6,Mumbai Indians,AT Rayudu,KD Karthik,M Muralitharan,1,0,,,,,,"",""
ball,2,18.1,Mumbai Indians,AT Rayudu,KD Karthik,JD Unadkat,1,0,,,,,,"",""
ball,2,18.2,Mumbai Indians,KD Karthik,AT Rayudu,JD Unadkat,1,0,,,,,,"",""
ball,2,18.3,Mumbai Indians,AT Rayudu,KD Karthik,JD Unadkat,1,0,,,,,,"",""
ball,2,18.4,Mumbai Indians,KD Karthik,AT Rayudu,JD Unadkat,1,0,,,,,,"",""
ball,2,18.5,Mumbai Indians,AT Rayudu,KD Karthik,JD Unadkat,2,0,,,,,,"",""
ball,2,18.6,Mumbai Indians,AT Rayudu,KD Karthik,JD Unadkat,1,0,,,,,,"",""
ball,2,19.1,Mumbai Indians,AT Rayudu,KD Karthik,R Vinay Kumar,0,1,,,1,,,"",""
ball,2,19.2,Mumbai Indians,KD Karthik,AT Rayudu,R Vinay Kumar,0,0,,,,,,caught,KD Karthik
ball,2,19.3,Mumbai Indians,AT Rayudu,KA Pollard,R Vinay Kumar,0,0,,,,,,bowled,AT Rayudu
ball,2,19.4,Mumbai Indians,Harbhajan Singh,KA Pollard,R Vinay Kumar,1,0,,,,,,"",""
ball,2,19.5,Mumbai Indians,KA Pollard,Harbhajan Singh,R Vinay Kumar,4,0,,,,,,"",""
ball,2,19.6,Mumbai Indians,KA Pollard,Harbhajan Singh,R Vinay Kumar,1,0,,,,,,"",""
