version,1.6.0
info,balls_per_over,6
info,team,Sunrisers Hyderabad
info,team,Kolkata Knight Riders
info,gender,male
info,season,2013
info,date,2013/05/19
info,event,Indian Premier League
info,match_number,72
info,venue,"Rajiv Gandhi International Stadium, Uppal"
info,city,Hyderabad
info,toss_winner,Kolkata Knight Riders
info,toss_decision,bat
info,player_of_match,PA Patel
info,umpire,Asad Rauf
info,umpire,S Asnani
info,reserve_umpire,A Nand Kishore
info,tv_umpire,AK Chaudhary
info,match_referee,Raju Mukherjee
info,winner,Sunrisers Hyderabad
info,winner_wickets,5
info,player,Kolkata Knight Riders,MS Bisla
info,player,Kolkata Knight Riders,G Gambhir
info,player,Kolkata Knight Riders,JH Kallis
info,player,Kolkata Knight Riders,EJG Morgan
info,player,Kolkata Knight Riders,YK Pathan
info,player,Kolkata Knight Riders,RN ten Doeschate
info,player,Kolkata Knight Riders,P Dogra
info,player,Kolkata Knight Riders,SP Narine
info,player,Kolkata Knight Riders,Iqbal Abdulla
info,player,Kolkata Knight Riders,PJ Sangwan
info,player,Kolkata Knight Riders,Mohammed Shami
info,player,Sunrisers Hyderabad,PA Patel
info,player,Sunrisers Hyderabad,S Dhawan
info,player,Sunrisers Hyderabad,GH Vihari
info,player,Sunrisers Hyderabad,CL White
info,player,Sunrisers Hyderabad,NLTC Perera
info,player,Sunrisers Hyderabad,DJG Sammy
info,player,Sunrisers Hyderabad,BB Samantray
info,player,Sunrisers Hyderabad,KV Sharma
info,player,Sunrisers Hyderabad,A Mishra
info,player,Sunrisers Hyderabad,DW Steyn
info,player,Sunrisers Hyderabad,Anand Rajan
info,registry,people,A Mishra,6b19d823
info,registry,people,A Nand Kishore,84424f4f
info,registry,people,AK Chaudhary,fdcc6236
info,registry,people,Anand Rajan,d2340a43
info,registry,people,Asad Rauf,861606b7
info,registry,people,BB Samantray,53f27a35
info,registry,people,CL White,d0513f63
info,registry,people,DJG Sammy,c03c6200
info,registry,people,DW Steyn,8fd1a8f5
info,registry,people,EJG Morgan,d2a6c0e6
info,registry,people,G Gambhir,bb345e0b
info,registry,people,GH Vihari,94253925
info,registry,people,Iqbal Abdulla,85aae393
info,registry,people,JH Kallis,86dc8f2e
info,registry,people,KV Sharma,119678fd
info,registry,people,MS Bisla,5afd4539
info,registry,people,Mohammed Shami,8cf9814c
info,registry,people,NLTC Perera,0f12f9df
info,registry,people,P Dogra,2728e7e9
info,registry,people,PA Patel,b5da6c24
info,registry,people,PJ Sangwan,9fc0ef64
info,registry,people,RN ten Doeschate,4ec07775
info,registry,people,Raju Mukherjee,7a3244b5
info,registry,people,S Asnani,b04524bc
info,registry,people,S Dhawan,0a476045
info,registry,people,SP Narine,9d430b40
info,registry,people,YK Pathan,3c6ffae8
ball,1,0.1,Kolkata Knight Riders,MS Bisla,G Gambhir,DW Steyn,0,0,,,,,,"",""
ball,1,0.2,Kolkata Knight Riders,MS Bisla,G Gambhir,DW Steyn,4,0,,,,,,"",""
ball,1,0.3,Kolkata Knight Riders,MS Bisla,G Gambhir,DW Steyn,0,0,,,,,,"",""
ball,1,0.4,Kolkata Knight Riders,MS Bisla,G Gambhir,DW Steyn,0,0,,,,,,"",""
ball,1,0.5,Kolkata Knight Riders,MS Bisla,G Gambhir,DW Steyn,1,0,,,,,,"",""
ball,1,0.6,Kolkata Knight Riders,G Gambhir,MS Bisla,DW Steyn,0,0,,,,,,"",""
ball,1,1.1,Kolkata Knight Riders,MS Bisla,G Gambhir,Anand Rajan,0,0,,,,,,"",""
ball,1,1.2,Kolkata Knight Riders,MS Bisla,G Gambhir,Anand Rajan,0,0,,,,,,"",""
ball,1,1.3,Kolkata Knight Riders,MS Bisla,G Gambhir,Anand Rajan,4,0,,,,,,"",""
ball,1,1.4,Kolkata Knight Riders,MS Bisla,G Gambhir,Anand Rajan,0,0,,,,,,"",""
ball,1,1.5,Kolkata Knight Riders,MS Bisla,G Gambhir,Anand Rajan,0,0,,,,,,"",""
ball,1,1.6,Kolkata Knight Riders,MS Bisla,G Gambhir,Anand Rajan,1,0,,,,,,"",""
ball,1,2.1,Kolkata Knight Riders,MS Bisla,G Gambhir,DW Steyn,0,5,5,,,,,"",""
ball,1,2.2,Kolkata Knight Riders,MS Bisla,G Gambhir,DW Steyn,0,0,,,,,,"",""
ball,1,2.3,Kolkata Knight Riders,MS Bisla,G Gambhir,DW Steyn,1,0,,,,,,"",""
ball,1,2.4,Kolkata Knight Riders,G Gambhir,MS Bisla,DW Steyn,0,0,,,,,,"",""
ball,1,2.5,Kolkata Knight Riders,G Gambhir,MS Bisla,DW Steyn,1,0,,,,,,"",""
ball,1,2.6,Kolkata Knight Riders,MS Bisla,G Gambhir,DW Steyn,0,0,,,,,,"",""
ball,1,2.7,Kolkata Knight Riders,MS Bisla,G Gambhir,DW Steyn,0,0,,,,,,"",""
ball,1,3.1,Kolkata Knight Riders,G Gambhir,MS Bisla,Anand Rajan,2,0,,,,,,"",""
ball,1,3.2,Kolkata Knight Riders,G Gambhir,MS Bisla,Anand Rajan,0,0,,,,,,"",""
ball,1,3.3,Kolkata Knight Riders,G Gambhir,MS Bisla,Anand Rajan,0,0,,,,,,"",""
ball,1,3.4,Kolkata Knight Riders,G Gambhir,MS Bisla,Anand Rajan,0,0,,,,,,"",""
ball,1,3.5,Kolkata Knight Riders,G Gambhir,MS Bisla,Anand Rajan,1,0,,,,,,"",""
ball,1,3.6,Kolkata Knight Riders,MS Bisla,G Gambhir,Anand Rajan,0,0,,,,,,"",""
ball,1,4.1,Kolkata Knight Riders,G Gambhir,MS Bisla,NLTC Perera,1,0,,,,,,"",""
ball,1,4.2,Kolkata Knight Riders,MS Bisla,G Gambhir,NLTC Perera,4,0,,,,,,"",""
ball,1,4.3,Kolkata Knight Riders,MS Bisla,G Gambhir,NLTC Perera,0,0,,,,,,caught,MS Bisla
ball,1,4.4,Kolkata Knight Riders,G Gambhir,JH Kallis,NLTC Perera,1,0,,,,,,"",""
ball,1,4.5,Kolkata Knight Riders,JH Kallis,G Gambhir,NLTC Perera,0,0,,,,,,"",""
ball,1,4.6,Kolkata Knight Riders,JH Kallis,G Gambhir,NLTC Perera,1,0,,,,,,"",""
ball,1,5.1,Kolkata Knight Riders,JH Kallis,G Gambhir,Anand Rajan,0,0,,,,,,"",""
ball,1,5.2,Kolkata Knight Riders,JH Kallis,G Gambhir,Anand Rajan,1,0,,,,,,"",""
ball,1,5.3,Kolkata Knight Riders,G Gambhir,JH Kallis,Anand Rajan,2,0,,,,,,"",""
ball,1,5.4,Kolkata Knight Riders,G Gambhir,JH Kallis,Anand Rajan,0,1,1,,,,,"",""
ball,1,5.5,Kolkata Knight Riders,G Gambhir,JH Kallis,Anand Rajan,0,1,1,,,,,"",""
ball,1,5.6,Kolkata Knight Riders,G Gambhir,JH Kallis,Anand Rajan,0,0,,,,,,"",""
ball,1,5.7,Kolkata Knight Riders,G Gambhir,JH Kallis,Anand Rajan,1,0,,,,,,"",""
ball,1,5.8,Kolkata Knight Riders,JH Kallis,G Gambhir,Anand Rajan,0,0,,,,,,"",""
ball,1,6.1,Kolkata Knight Riders,G Gambhir,JH Kallis,DJG Sammy,0,0,,,,,,"",""
ball,1,6.2,Kolkata Knight Riders,G Gambhir,JH Kallis,DJG Sammy,0,0,,,,,,"",""
ball,1,6.3,Kolkata Knight Riders,G Gambhir,JH Kallis,DJG Sammy,1,0,,,,,,"",""
ball,1,6.4,Kolkata Knight Riders,JH Kallis,G Gambhir,DJG Sammy,0,0,,,,,,"",""
ball,1,6.5,Kolkata Knight Riders,JH Kallis,G Gambhir,DJG Sammy,4,0,,,,,,"",""
ball,1,6.6,Kolkata Knight Riders,JH Kallis,G Gambhir,DJG Sammy,4,0,,,,,,"",""
ball,1,7.1,Kolkata Knight Riders,G Gambhir,JH Kallis,A Mishra,0,0,,,,,,run out,G Gambhir
ball,1,7.2,Kolkata Knight Riders,EJG Morgan,JH Kallis,A Mishra,1,0,,,,,,"",""
ball,1,7.3,Kolkata Knight Riders,JH Kallis,EJG Morgan,A Mishra,3,0,,,,,,"",""
ball,1,7.4,Kolkata Knight Riders,EJG Morgan,JH Kallis,A Mishra,1,0,,,,,,"",""
ball,1,7.5,Kolkata Knight Riders,JH Kallis,EJG Morgan,A Mishra,0,0,,,,,,"",""
ball,1,7.6,Kolkata Knight Riders,JH Kallis,EJG Morgan,A Mishra,0,0,,,,,,"",""
ball,1,8.1,Kolkata Knight Riders,EJG Morgan,JH Kallis,KV Sharma,4,0,,,,,,"",""
ball,1,8.2,Kolkata Knight Riders,EJG Morgan,JH Kallis,KV Sharma,0,0,,,,,,"",""
ball,1,8.3,Kolkata Knight Riders,EJG Morgan,JH Kallis,KV Sharma,0,0,,,,,,"",""
ball,1,8.4,Kolkata Knight Riders,EJG Morgan,JH Kallis,KV Sharma,1,0,,,,,,"",""
ball,1,8.5,Kolkata Knight Riders,JH Kallis,EJG Morgan,KV Sharma,0,0,,,,,,"",""
ball,1,8.6,Kolkata Knight Riders,JH Kallis,EJG Morgan,KV Sharma,0,0,,,,,,"",""
ball,1,9.1,Kolkata Knight Riders,EJG Morgan,JH Kallis,A Mishra,1,0,,,,,,"",""
ball,1,9.2,Kolkata Knight Riders,JH Kallis,EJG Morgan,A Mishra,0,0,,,,,,"",""
ball,1,9.3,Kolkata Knight Riders,JH Kallis,EJG Morgan,A Mishra,1,0,,,,,,"",""
ball,1,9.4,Kolkata Knight Riders,EJG Morgan,JH Kallis,A Mishra,1,0,,,,,,"",""
ball,1,9.5,Kolkata Knight Riders,JH Kallis,EJG Morgan,A Mishra,0,0,,,,,,"",""
ball,1,9.6,Kolkata Knight Riders,JH Kallis,EJG Morgan,A Mishra,1,0,,,,,,"",""
ball,1,10.1,Kolkata Knight Riders,JH Kallis,EJG Morgan,KV Sharma,2,0,,,,,,"",""
ball,1,10.2,Kolkata Knight Riders,JH Kallis,EJG Morgan,KV Sharma,0,0,,,,,,"",""
ball,1,10.3,Kolkata Knight Riders,JH Kallis,EJG Morgan,KV Sharma,1,0,,,,,,"",""
ball,1,10.4,Kolkata Knight Riders,EJG Morgan,JH Kallis,KV Sharma,0,0,,,,,,lbw,EJG Morgan
ball,1,10.5,Kolkata Knight Riders,YK Pathan,JH Kallis,KV Sharma,0,0,,,,,,"",""
ball,1,10.6,Kolkata Knight Riders,YK Pathan,JH Kallis,KV Sharma,1,0,,,,,,"",""
ball,1,11.1,Kolkata Knight Riders,YK Pathan,JH Kallis,A Mishra,2,0,,,,,,"",""
ball,1,11.2,Kolkata Knight Riders,YK Pathan,JH Kallis,A Mishra,0,0,,,,,,"",""
ball,1,11.3,Kolkata Knight Riders,YK Pathan,JH Kallis,A Mishra,1,0,,,,,,"",""
ball,1,11.4,Kolkata Knight Riders,JH Kallis,YK Pathan,A Mishra,1,0,,,,,,"",""
ball,1,11.5,Kolkata Knight Riders,YK Pathan,JH Kallis,A Mishra,1,0,,,,,,"",""
ball,1,11.6,Kolkata Knight Riders,JH Kallis,YK Pathan,A Mishra,1,0,,,,,,"",""
ball,1,12.1,Kolkata Knight Riders,JH Kallis,YK Pathan,NLTC Perera,1,0,,,,,,"",""
ball,1,12.2,Kolkata Knight Riders,YK Pathan,JH Kallis,NLTC Perera,4,0,,,,,,"",""
ball,1,12.3,Kolkata Knight Riders,YK Pathan,JH Kallis,NLTC Perera,0,0,,,,,,"",""
ball,1,12.4,Kolkata Knight Riders,YK Pathan,JH Kallis,NLTC Perera,2,0,,,,,,"",""
ball,1,12.5,Kolkata Knight Riders,YK Pathan,JH Kallis,NLTC Perera,0,0,,,,,,"",""
ball,1,12.6,Kolkata Knight Riders,YK Pathan,JH Kallis,NLTC Perera,1,0,,,,,,"",""
ball,1,13.1,Kolkata Knight Riders,YK Pathan,JH Kallis,KV Sharma,4,0,,,,,,"",""
ball,1,13.2,Kolkata Knight Riders,YK Pathan,JH Kallis,KV Sharma,1,0,,,,,,"",""
ball,1,13.3,Kolkata Knight Riders,JH Kallis,YK Pathan,KV Sharma,0,0,,,,,,"",""
ball,1,13.4,Kolkata Knight Riders,JH Kallis,YK Pathan,KV Sharma,1,0,,,,,,"",""
ball,1,13.5,Kolkata Knight Riders,YK Pathan,JH Kallis,KV Sharma,0,0,,,,,,"",""
ball,1,13.6,Kolkata Knight Riders,YK Pathan,JH Kallis,KV Sharma,0,0,,,,,,"",""
ball,1,14.1,Kolkata Knight Riders,JH Kallis,YK Pathan,NLTC Perera,0,1,,,,1,,"",""
ball,1,14.2,Kolkata Knight Riders,YK Pathan,JH Kallis,NLTC Perera,1,0,,,,,,"",""
ball,1,14.3,Kolkata Knight Riders,JH Kallis,YK Pathan,NLTC Perera,1,0,,,,,,"",""
ball,1,14.4,Kolkata Knight Riders,YK Pathan,JH Kallis,NLTC Perera,4,0,,,,,,"",""
ball,1,14.5,Kolkata Knight Riders,YK Pathan,JH Kallis,NLTC Perera,1,0,,,,,,"",""
ball,1,14.6,Kolkata Knight Riders,JH Kallis,YK Pathan,NLTC Perera,1,0,,,,,,"",""
ball,1,15.1,Kolkata Knight Riders,JH Kallis,YK Pathan,DW Steyn,0,0,,,,,,caught,JH Kallis
ball,1,15.2,Kolkata Knight Riders,YK Pathan,RN ten Doeschate,DW Steyn,1,0,,,,,,"",""
ball,1,15.3,Kolkata Knight Riders,RN ten Doeschate,YK Pathan,DW Steyn,0,4,,,,4,,"",""
ball,1,15.4,Kolkata Knight Riders,RN ten Doeschate,YK Pathan,DW Steyn,0,0,,,,,,"",""
ball,1,15.5,Kolkata Knight Riders,RN ten Doeschate,YK Pathan,DW Steyn,0,0,,,,,,"",""
ball,1,15.6,Kolkata Knight Riders,RN ten Doeschate,YK Pathan,DW Steyn,1,0,,,,,,"",""
ball,1,16.1,Kolkata Knight Riders,RN ten Doeschate,YK Pathan,A Mishra,0,0,,,,,,lbw,RN ten Doeschate
ball,1,16.2,Kolkata Knight Riders,P Dogra,YK Pathan,A Mishra,0,0,,,,,,"",""
ball,1,16.3,Kolkata Knight Riders,P Dogra,YK Pathan,A Mishra,1,0,,,,,,"",""
ball,1,16.4,Kolkata Knight Riders,YK Pathan,P Dogra,A Mishra,1,0,,,,,,"",""
ball,1,16.5,Kolkata Knight Riders,P Dogra,YK Pathan,A Mishra,1,0,,,,,,"",""
ball,1,16.6,Kolkata Knight Riders,YK Pathan,P Dogra,A Mishra,2,0,,,,,,"",""
ball,1,17.1,Kolkata Knight Riders,P Dogra,YK Pathan,NLTC Perera,1,0,,,,,,"",""
ball,1,17.2,Kolkata Knight Riders,YK Pathan,P Dogra,NLTC Perera,1,0,,,,,,"",""
ball,1,17.3,Kolkata Knight Riders,P Dogra,YK Pathan,NLTC Perera,0,0,,,,,,"",""
ball,1,17.4,Kolkata Knight Riders,P Dogra,YK Pathan,NLTC Perera,2,0,,,,,,"",""
ball,1,17.5,Kolkata Knight Riders,P Dogra,YK Pathan,NLTC Perera,0,1,,,,1,,"",""
ball,1,17.6,Kolkata Knight Riders,YK Pathan,P Dogra,NLTC Perera,6,0,,,,,,"",""
ball,1,18.1,Kolkata Knight Riders,P Dogra,YK Pathan,DW Steyn,0,0,,,,,,caught,P Dogra
ball,1,18.2,Kolkata Knight Riders,YK Pathan,SP Narine,DW Steyn,2,0,,,,,,"",""
ball,1,18.3,Kolkata Knight Riders,YK Pathan,SP Narine,DW Steyn,0,0,,,,,,"",""
ball,1,18.4,Kolkata Knight Riders,YK Pathan,SP Narine,DW Steyn,6,0,,,,,,"",""
ball,1,18.5,Kolkata Knight Riders,YK Pathan,SP Narine,DW Steyn,1,0,,,,,,"",""
ball,1,18.6,Kolkata Knight Riders,SP Narine,YK Pathan,DW Steyn,1,0,,,,,,"",""
ball,1,19.1,Kolkata Knight Riders,SP Narine,YK Pathan,Anand Rajan,0,0,,,,,,caught,SP Narine
ball,1,19.2,Kolkata Knight Riders,Iqbal Abdulla,YK Pathan,Anand Rajan,0,0,,,,,,"",""
ball,1,19.3,Kolkata Knight Riders,Iqbal Abdulla,YK Pathan,Anand Rajan,1,0,,,,,,"",""
ball,1,19.4,Kolkata Knight Riders,YK Pathan,Iqbal Abdulla,Anand Rajan,0,1,,,,1,,"",""
ball,1,19.5,Kolkata Knight Riders,Iqbal Abdulla,YK Pathan,Anand Rajan,1,0,,,,,,"",""
ball,1,19.6,Kolkata Knight Riders,YK Pathan,Iqbal Abdulla,Anand Rajan,6,0,,,,,,"",""
ball,2,0.1,Sunrisers Hyderabad,PA Patel,S Dhawan,YK Pathan,1,0,,,,,,"",""
ball,2,0.2,Sunrisers Hyderabad,S Dhawan,PA Patel,YK Pathan,0,0,,,,,,"",""
ball,2,0.3,Sunrisers Hyderabad,S Dhawan,PA Patel,YK Pathan,1,0,,,,,,"",""
ball,2,0.4,Sunrisers Hyderabad,PA Patel,S Dhawan,YK Pathan,0,0,,,,,,"",""
ball,2,0.5,Sunrisers Hyderabad,PA Patel,S Dhawan,YK Pathan,0,0,,,,,,"",""
ball,2,0.6,Sunrisers Hyderabad,PA Patel,S Dhawan,YK Pathan,1,0,,,,,,"",""
ball,2,1.1,Sunrisers Hyderabad,PA Patel,S Dhawan,PJ Sangwan,4,0,,,,,,"",""
ball,2,1.2,Sunrisers Hyderabad,PA Patel,S Dhawan,PJ Sangwan,4,0,,,,,,"",""
ball,2,1.3,Sunrisers Hyderabad,PA Patel,S Dhawan,PJ Sangwan,1,0,,,,,,"",""
ball,2,1.4,Sunrisers Hyderabad,S Dhawan,PA Patel,PJ Sangwan,0,0,,,,,,"",""
ball,2,1.5,Sunrisers Hyderabad,S Dhawan,PA Patel,PJ Sangwan,0,0,,,,,,"",""
ball,2,1.6,Sunrisers Hyderabad,S Dhawan,PA Patel,PJ Sangwan,1,0,,,,,,"",""
ball,2,2.1,Sunrisers Hyderabad,S Dhawan,PA Patel,YK Pathan,0,0,,,,,,"",""
ball,2,2.2,Sunrisers Hyderabad,S Dhawan,PA Patel,YK Pathan,0,0,,,,,,"",""
ball,2,2.3,Sunrisers Hyderabad,S Dhawan,PA Patel,YK Pathan,1,0,,,,,,"",""
ball,2,2.4,Sunrisers Hyderabad,PA Patel,S Dhawan,YK Pathan,1,0,,,,,,"",""
ball,2,2.5,Sunrisers Hyderabad,S Dhawan,PA Patel,YK Pathan,1,0,,,,,,"",""
ball,2,2.6,Sunrisers Hyderabad,PA Patel,S Dhawan,YK Pathan,0,1,1,,,,,"",""
ball,2,2.7,Sunrisers Hyderabad,PA Patel,S Dhawan,YK Pathan,0,0,,,,,,"",""
ball,2,3.1,Sunrisers Hyderabad,S Dhawan,PA Patel,PJ Sangwan,0,0,,,,,,"",""
ball,2,3.2,Sunrisers Hyderabad,S Dhawan,PA Patel,PJ Sangwan,2,0,,,,,,"",""
ball,2,3.3,Sunrisers Hyderabad,S Dhawan,PA Patel,PJ Sangwan,0,1,,,,1,,"",""
ball,2,3.4,Sunrisers Hyderabad,PA Patel,S Dhawan,PJ Sangwan,4,0,,,,,,"",""
ball,2,3.5,Sunrisers Hyderabad,PA Patel,S Dhawan,PJ Sangwan,1,0,,,,,,"",""
ball,2,3.6,Sunrisers Hyderabad,S Dhawan,PA Patel,PJ Sangwan,0,0,,,,,,"",""
ball,2,4.1,Sunrisers Hyderabad,PA Patel,S Dhawan,SP Narine,4,0,,,,,,"",""
ball,2,4.2,Sunrisers Hyderabad,PA Patel,S Dhawan,SP Narine,0,0,,,,,,"",""
ball,2,4.3,Sunrisers Hyderabad,PA Patel,S Dhawan,SP Narine,0,0,,,,,,"",""
ball,2,4.4,Sunrisers Hyderabad,PA Patel,S Dhawan,SP Narine,0,0,,,,,,"",""
ball,2,4.5,Sunrisers Hyderabad,PA Patel,S Dhawan,SP Narine,1,0,,,,,,"",""
ball,2,4.6,Sunrisers Hyderabad,S Dhawan,PA Patel,SP Narine,0,0,,,,,,"",""
ball,2,5.1,Sunrisers Hyderabad,PA Patel,S Dhawan,YK Pathan,4,0,,,,,,"",""
ball,2,5.2,Sunrisers Hyderabad,PA Patel,S Dhawan,YK Pathan,4,0,,,,,,"",""
ball,2,5.3,Sunrisers Hyderabad,PA Patel,S Dhawan,YK Pathan,0,0,,,,,,"",""
ball,2,5.4,Sunrisers Hyderabad,PA Patel,S Dhawan,YK Pathan,1,0,,,,,,"",""
ball,2,5.5,Sunrisers Hyderabad,S Dhawan,PA Patel,YK Pathan,0,0,,,,,,"",""
ball,2,5.6,Sunrisers Hyderabad,S Dhawan,PA Patel,YK Pathan,6,0,,,,,,"",""
ball,2,6.1,Sunrisers Hyderabad,PA Patel,S Dhawan,Mohammed Shami,1,0,,,,,,"",""
ball,2,6.2,Sunrisers Hyderabad,S Dhawan,PA Patel,Mohammed Shami,1,0,,,,,,"",""
ball,2,6.3,Sunrisers Hyderabad,PA Patel,S Dhawan,Mohammed Shami,1,0,,,,,,"",""
ball,2,6.4,Sunrisers Hyderabad,S Dhawan,PA Patel,Mohammed Shami,1,0,,,,,,"",""
ball,2,6.5,Sunrisers Hyderabad,PA Patel,S Dhawan,Mohammed Shami,0,0,,,,,,"",""
ball,2,6.6,Sunrisers Hyderabad,PA Patel,S Dhawan,Mohammed Shami,0,0,,,,,,"",""
ball,2,7.1,Sunrisers Hyderabad,S Dhawan,PA Patel,JH Kallis,0,0,,,,,,"",""
ball,2,7.2,Sunrisers Hyderabad,S Dhawan,PA Patel,JH Kallis,1,0,,,,,,"",""
ball,2,7.3,Sunrisers Hyderabad,PA Patel,S Dhawan,JH Kallis,1,0,,,,,,"",""
ball,2,7.4,Sunrisers Hyderabad,S Dhawan,PA Patel,JH Kallis,6,0,,,,,,"",""
ball,2,7.5,Sunrisers Hyderabad,S Dhawan,PA Patel,JH Kallis,4,0,,,,,,"",""
ball,2,7.6,Sunrisers Hyderabad,S Dhawan,PA Patel,JH Kallis,1,0,,,,,,"",""
ball,2,8.1,Sunrisers Hyderabad,S Dhawan,PA Patel,Mohammed Shami,4,0,,,,,,"",""
ball,2,8.2,Sunrisers Hyderabad,S Dhawan,PA Patel,Mohammed Shami,0,0,,,,,,"",""
ball,2,8.3,Sunrisers Hyderabad,S Dhawan,PA Patel,Mohammed Shami,2,0,,,,,,"",""
ball,2,8.4,Sunrisers Hyderabad,S Dhawan,PA Patel,Mohammed Shami,1,0,,,,,,"",""
ball,2,8.5,Sunrisers Hyderabad,PA Patel,S Dhawan,Mohammed Shami,1,0,,,,,,"",""
ball,2,8.6,Sunrisers Hyderabad,S Dhawan,PA Patel,Mohammed Shami,4,0,,,,,,"",""
ball,2,9.1,Sunrisers Hyderabad,PA Patel,S Dhawan,SP Narine,1,0,,,,,,"",""
ball,2,9.2,Sunrisers Hyderabad,S Dhawan,PA Patel,SP Narine,1,0,,,,,,"",""
ball,2,9.3,Sunrisers Hyderabad,PA Patel,S Dhawan,SP Narine,0,0,,,,,,"",""
ball,2,9.4,Sunrisers Hyderabad,PA Patel,S Dhawan,SP Narine,1,0,,,,,,"",""
ball,2,9.5,Sunrisers Hyderabad,S Dhawan,PA Patel,SP Narine,0,0,,,,,,"",""
ball,2,9.6,Sunrisers Hyderabad,S Dhawan,PA Patel,SP Narine,0,0,,,,,,"",""
ball,2,10.1,Sunrisers Hyderabad,PA Patel,S Dhawan,YK Pathan,1,0,,,,,,"",""
ball,2,10.2,Sunrisers Hyderabad,S Dhawan,PA Patel,YK Pathan,1,0,,,,,,"",""
ball,2,10.3,Sunrisers Hyderabad,PA Patel,S Dhawan,YK Pathan,1,0,,,,,,"",""
ball,2,10.4,Sunrisers Hyderabad,S Dhawan,PA Patel,YK Pathan,2,0,,,,,,"",""
ball,2,10.5,Sunrisers Hyderabad,S Dhawan,PA Patel,YK Pathan,1,0,,,,,,"",""
ball,2,10.6,Sunrisers Hyderabad,PA Patel,S Dhawan,YK Pathan,1,0,,,,,,"",""
ball,2,11.1,Sunrisers Hyderabad,PA Patel,S Dhawan,Iqbal Abdulla,4,0,,,,,,"",""
ball,2,11.2,Sunrisers Hyderabad,PA Patel,S Dhawan,Iqbal Abdulla,1,0,,,,,,"",""
ball,2,11.3,Sunrisers Hyderabad,S Dhawan,PA Patel,Iqbal Abdulla,0,0,,,,,,lbw,S Dhawan
ball,2,11.4,Sunrisers Hyderabad,GH Vihari,PA Patel,Iqbal Abdulla,0,0,,,,,,"",""
ball,2,11.5,Sunrisers Hyderabad,GH Vihari,PA Patel,Iqbal Abdulla,0,0,,,,,,"",""
ball,2,11.6,Sunrisers Hyderabad,GH Vihari,PA Patel,Iqbal Abdulla,1,0,,,,,,"",""
ball,2,12.1,Sunrisers Hyderabad,GH Vihari,PA Patel,Mohammed Shami,1,0,,,,,,"",""
ball,2,12.2,Sunrisers Hyderabad,PA Patel,GH Vihari,Mohammed Shami,1,0,,,,,,"",""
ball,2,12.3,Sunrisers Hyderabad,GH Vihari,PA Patel,Mohammed Shami,0,0,,,,,,"",""
ball,2,12.4,Sunrisers Hyderabad,GH Vihari,PA Patel,Mohammed Shami,0,1,1,,,,,"",""
ball,2,12.5,Sunrisers Hyderabad,GH Vihari,PA Patel,Mohammed Shami,0,0,,,,,,"",""
ball,2,12.6,Sunrisers Hyderabad,GH Vihari,PA Patel,Mohammed Shami,0,5,5,,,,,"",""
ball,2,12.7,Sunrisers Hyderabad,GH Vihari,PA Patel,Mohammed Shami,0,0,,,,,,"",""
ball,2,12.8,Sunrisers Hyderabad,GH Vihari,PA Patel,Mohammed Shami,0,0,,,,,,"",""
ball,2,13.1,Sunrisers Hyderabad,PA Patel,GH Vihari,Iqbal Abdulla,1,0,,,,,,"",""
ball,2,13.2,Sunrisers Hyderabad,GH Vihari,PA Patel,Iqbal Abdulla,1,0,,,,,,"",""
ball,2,13.3,Sunrisers Hyderabad,PA Patel,GH Vihari,Iqbal Abdulla,0,0,,,,,,lbw,PA Patel
ball,2,13.4,Sunrisers Hyderabad,CL White,GH Vihari,Iqbal Abdulla,1,0,,,,,,"",""
ball,2,13.5,Sunrisers Hyderabad,GH Vihari,CL White,Iqbal Abdulla,1,0,,,,,,"",""
ball,2,13.6,Sunrisers Hyderabad,CL White,GH Vihari,Iqbal Abdulla,1,0,,,,,,"",""
ball,2,14.1,Sunrisers Hyderabad,CL White,GH Vihari,SP Narine,0,0,,,,,,"",""
ball,2,14.2,Sunrisers Hyderabad,CL White,GH Vihari,SP Narine,0,0,,,,,,run out,CL White
ball,2,14.3,Sunrisers Hyderabad,NLTC Perera,GH Vihari,SP Narine,0,0,,,,,,"",""
ball,2,14.4,Sunrisers Hyderabad,NLTC Perera,GH Vihari,SP Narine,0,0,,,,,,"",""
ball,2,14.5,Sunrisers Hyderabad,NLTC Perera,GH Vihari,SP Narine,1,0,,,,,,"",""
ball,2,14.6,Sunrisers Hyderabad,GH Vihari,NLTC Perera,SP Narine,0,1,1,,,,,"",""
ball,2,14.7,Sunrisers Hyderabad,GH Vihari,NLTC Perera,SP Narine,1,0,,,,,,"",""
ball,2,15.1,Sunrisers Hyderabad,GH Vihari,NLTC Perera,Iqbal Abdulla,1,0,,,,,,"",""
ball,2,15.2,Sunrisers Hyderabad,NLTC Perera,GH Vihari,Iqbal Abdulla,1,0,,,,,,"",""
ball,2,15.3,Sunrisers Hyderabad,GH Vihari,NLTC Perera,Iqbal Abdulla,0,0,,,,,,caught,GH Vihari
ball,2,15.4,Sunrisers Hyderabad,NLTC Perera,DJG Sammy,Iqbal Abdulla,0,0,,,,,,"",""
ball,2,15.5,Sunrisers Hyderabad,NLTC Perera,DJG Sammy,Iqbal Abdulla,0,0,,,,,,"",""
ball,2,15.6,Sunrisers Hyderabad,NLTC Perera,DJG Sammy,Iqbal Abdulla,0,0,,,,,,"",""
ball,2,16.1,Sunrisers Hyderabad,DJG Sammy,NLTC Perera,SP Narine,0,0,,,,,,"",""
ball,2,16.2,Sunrisers Hyderabad,DJG Sammy,NLTC Perera,SP Narine,0,0,,,,,,"",""
ball,2,16.3,Sunrisers Hyderabad,DJG Sammy,NLTC Perera,SP Narine,0,0,,,,,,"",""
ball,2,16.4,Sunrisers Hyderabad,DJG Sammy,NLTC Perera,SP Narine,0,0,,,,,,"",""
ball,2,16.5,Sunrisers Hyderabad,DJG Sammy,NLTC Perera,SP Narine,0,0,,,,,,"",""
ball,2,16.6,Sunrisers Hyderabad,DJG Sammy,NLTC Perera,SP Narine,0,0,,,,,,"",""
ball,2,17.1,Sunrisers Hyderabad,NLTC Perera,DJG Sammy,Mohammed Shami,1,0,,,,,,"",""
ball,2,17.2,Sunrisers Hyderabad,DJG Sammy,NLTC Perera,Mohammed Shami,1,0,,,,,,"",""
ball,2,17.3,Sunrisers Hyderabad,NLTC Perera,DJG Sammy,Mohammed Shami,1,0,,,,,,"",""
ball,2,17.4,Sunrisers Hyderabad,DJG Sammy,NLTC Perera,Mohammed Shami,1,0,,,,,,"",""
ball,2,17.5,Sunrisers Hyderabad,NLTC Perera,DJG Sammy,Mohammed Shami,0,0,,,,,,bowled,NLTC Perera
ball,2,17.6,Sunrisers Hyderabad,BB Samantray,DJG Sammy,Mohammed Shami,4,0,,,,,,"",""
ball,2,18.1,Sunrisers Hyderabad,DJG Sammy,BB Samantray,Iqbal Abdulla,1,0,,,,,,"",""
ball,2,18.2,Sunrisers Hyderabad,BB Samantray,DJG Sammy,Iqbal Abdulla,1,0,,,,,,"",""
ball,2,18.3,Sunrisers Hyderabad,DJG Sammy,BB Samantray,Iqbal Abdulla,2,0,,,,,,"",""
ball,2,18.4,Sunrisers Hyderabad,DJG Sammy,BB Samantray,Iqbal Abdulla,6,0,,,,,,"",""
ball,2,18.5,Sunrisers Hyderabad,DJG Sammy,BB Samantray,Iqbal Abdulla,6,0,,,,,,"",""
