version,1.6.0
info,balls_per_over,6
info,team,Kings XI Punjab
info,team,Pune Warriors
info,gender,male
info,season,2013
info,date,2013/04/21
info,event,Indian Premier League
info,match_number,29
info,venue,"Punjab Cricket Association Stadium, Mohali"
info,city,Chandigarh
info,toss_winner,Kings XI Punjab
info,toss_decision,field
info,player_of_match,DA Miller
info,umpire,M Erasmus
info,umpire,K Srinath
info,reserve_umpire,Nitin Menon
info,tv_umpire,VA Kulkarni
info,match_referee,RS Madugalle
info,winner,Kings XI Punjab
info,winner_wickets,7
info,player,Kings XI Punjab,AC Gilchrist
info,player,Kings XI Punjab,Mandeep Singh
info,player,Kings XI Punjab,Azhar Mahmood
info,player,Kings XI Punjab,M Vohra
info,player,Kings XI Punjab,DA Miller
info,player,Kings XI Punjab,DJ Hussey
info,player,Kings XI Punjab,Gurkeerat Singh
info,player,Kings XI Punjab,PP Chawla
info,player,Kings XI Punjab,MS Gony
info,player,Kings XI Punjab,P Kumar
info,player,Kings XI Punjab,P Awana
info,player,Pune Warriors,RV Uthappa
info,player,Pune Warriors,AJ Finch
info,player,Pune Warriors,Yuvraj Singh
info,player,Pune Warriors,SPD Smith
info,player,Pune Warriors,LJ Wright
info,player,Pune Warriors,AM Nayar
info,player,Pune Warriors,M Manhas
info,player,Pune Warriors,B Kumar
info,player,Pune Warriors,R Sharma
info,player,Pune Warriors,AB Dinda
info,player,Pune Warriors,BAW Mendis
info,registry,people,AB Dinda,66b30f71
info,registry,people,AC Gilchrist,2b6e6dec
info,registry,people,AJ Finch,b8d490fd
info,registry,people,AM Nayar,a45a5e8d
info,registry,people,Azhar Mahmood,9a158001
info,registry,people,B Kumar,2e81a32d
info,registry,people,BAW Mendis,ea0cdc12
info,registry,people,DA Miller,d67d5f00
info,registry,people,DJ Hussey,fd835ab3
info,registry,people,Gurkeerat Singh,6eb146d2
info,registry,people,K Srinath,8ab5da97
info,registry,people,LJ Wright,cca50cd6
info,registry,people,M Erasmus,15d3c895
info,registry,people,M Manhas,c42aaf71
info,registry,people,M Vohra,c03e2850
info,registry,people,MS Gony,ae78bc32
info,registry,people,Mandeep Singh,c3a96caf
info,registry,people,Nitin Menon,e1d41d9e
info,registry,people,P Awana,1a0c3177
info,registry,people,P Kumar,e938e1bc
info,registry,people,PP Chawla,98ae73b1
info,registry,people,R Sharma,5d9a1a73
info,registry,people,RS Madugalle,766b5798
info,registry,people,RV Uthappa,1c17e270
info,registry,people,SPD Smith,30a45b23
info,registry,people,VA Kulkarni,8fe0c4f8
info,registry,people,Yuvraj Singh,1c914163
ball,1,0.1,Pune Warriors,RV Uthappa,AJ Finch,P Kumar,2,0,,,,,,"",""
ball,1,0.2,Pune Warriors,RV Uthappa,AJ Finch,P Kumar,1,0,,,,,,"",""
ball,1,0.3,Pune Warriors,AJ Finch,RV Uthappa,P Kumar,0,0,,,,,,"",""
ball,1,0.4,Pune Warriors,AJ Finch,RV Uthappa,P Kumar,1,0,,,,,,"",""
ball,1,0.5,Pune Warriors,RV Uthappa,AJ Finch,P Kumar,0,1,1,,,,,"",""
ball,1,0.6,Pune Warriors,RV Uthappa,AJ Finch,P Kumar,4,0,,,,,,"",""
ball,1,0.7,Pune Warriors,RV Uthappa,AJ Finch,P Kumar,0,0,,,,,,"",""
ball,1,1.1,Pune Warriors,AJ Finch,RV Uthappa,Azhar Mahmood,0,0,,,,,,"",""
ball,1,1.2,Pune Warriors,AJ Finch,RV Uthappa,Azhar Mahmood,0,0,,,,,,"",""
ball,1,1.3,Pune Warriors,AJ Finch,RV Uthappa,Azhar Mahmood,0,0,,,,,,"",""
ball,1,1.4,Pune Warriors,AJ Finch,RV Uthappa,Azhar Mahmood,6,0,,,,,,"",""
ball,1,1.5,Pune Warriors,AJ Finch,RV Uthappa,Azhar Mahmood,4,0,,,,,,"",""
ball,1,1.6,Pune Warriors,AJ Finch,RV Uthappa,Azhar Mahmood,1,0,,,,,,"",""
ball,1,2.1,Pune Warriors,AJ Finch,RV Uthappa,P Awana,2,0,,,,,,"",""
ball,1,2.2,Pune Warriors,AJ Finch,RV Uthappa,P Awana,0,0,,,,,,"",""
ball,1,2.3,Pune Warriors,AJ Finch,RV Uthappa,P Awana,0,0,,,,,,"",""
ball,1,2.4,Pune Warriors,AJ Finch,RV Uthappa,P Awana,2,0,,,,,,"",""
ball,1,2.5,Pune Warriors,AJ Finch,RV Uthappa,P Awana,0,0,,,,,,"",""
ball,1,2.6,Pune Warriors,AJ Finch,RV Uthappa,P Awana,4,0,,,,,,"",""
ball,1,3.1,Pune Warriors,RV Uthappa,AJ Finch,Azhar Mahmood,1,0,,,,,,"",""
ball,1,3.2,Pune Warriors,AJ Finch,RV Uthappa,Azhar Mahmood,2,0,,,,,,"",""
ball,1,3.3,Pune Warriors,AJ Finch,RV Uthappa,Azhar Mahmood,4,0,,,,,,"",""
ball,1,3.4,Pune Warriors,AJ Finch,RV Uthappa,Azhar Mahmood,0,0,,,,,,"",""
ball,1,3.5,Pune Warriors,AJ Finch,RV Uthappa,Azhar Mahmood,1,0,,,,,,"",""
ball,1,3.6,Pune Warriors,RV Uthappa,AJ Finch,Azhar Mahmood,1,0,,,,,,"",""
ball,1,4.1,Pune Warriors,RV Uthappa,AJ Finch,P Awana,2,0,,,,,,"",""
ball,1,4.2,Pune Warriors,RV Uthappa,AJ Finch,P Awana,2,0,,,,,,"",""
ball,1,4.3,Pune Warriors,RV Uthappa,AJ Finch,P Awana,0,0,,,,,,"",""
ball,1,4.4,Pune Warriors,RV Uthappa,AJ Finch,P Awana,2,0,,,,,,"",""
ball,1,4.5,Pune Warriors,RV Uthappa,AJ Finch,P Awana,0,0,,,,,,"",""
ball,1,4.6,Pune Warriors,RV Uthappa,AJ Finch,P Awana,4,0,,,,,,"",""
ball,1,5.1,Pune Warriors,AJ Finch,RV Uthappa,P Kumar,0,0,,,,,,"",""
ball,1,5.2,Pune Warriors,AJ Finch,RV Uthappa,P Kumar,0,0,,,,,,"",""
ball,1,5.3,Pune Warriors,AJ Finch,RV Uthappa,P Kumar,0,1,,,,1,,"",""
ball,1,5.4,Pune Warriors,RV Uthappa,AJ Finch,P Kumar,0,0,,,,,,"",""
ball,1,5.5,Pune Warriors,RV Uthappa,AJ Finch,P Kumar,0,0,,,,,,"",""
ball,1,5.6,Pune Warriors,RV Uthappa,AJ Finch,P Kumar,0,0,,,,,,"",""
ball,1,6.1,Pune Warriors,AJ Finch,RV Uthappa,MS Gony,4,0,,,,,,"",""
ball,1,6.2,Pune Warriors,AJ Finch,RV Uthappa,MS Gony,1,0,,,,,,"",""
ball,1,6.3,Pune Warriors,RV Uthappa,AJ Finch,MS Gony,0,0,,,,,,"",""
ball,1,6.4,Pune Warriors,RV Uthappa,AJ Finch,MS Gony,0,0,,,,,,"",""
ball,1,6.5,Pune Warriors,RV Uthappa,AJ Finch,MS Gony,0,0,,,,,,"",""
ball,1,6.6,Pune Warriors,RV Uthappa,AJ Finch,MS Gony,4,0,,,,,,"",""
ball,1,7.1,Pune Warriors,AJ Finch,RV Uthappa,PP Chawla,1,0,,,,,,"",""
ball,1,7.2,Pune Warriors,RV Uthappa,AJ Finch,PP Chawla,0,0,,,,,,"",""
ball,1,7.3,Pune Warriors,RV Uthappa,AJ Finch,PP Chawla,1,0,,,,,,"",""
ball,1,7.4,Pune Warriors,AJ Finch,RV Uthappa,PP Chawla,1,0,,,,,,"",""
ball,1,7.5,Pune Warriors,RV Uthappa,AJ Finch,PP Chawla,0,0,,,,,,"",""
ball,1,7.6,Pune Warriors,RV Uthappa,AJ Finch,PP Chawla,1,0,,,,,,"",""
ball,1,8.1,Pune Warriors,RV Uthappa,AJ Finch,MS Gony,0,0,,,,,,"",""
ball,1,8.2,Pune Warriors,RV Uthappa,AJ Finch,MS Gony,1,0,,,,,,"",""
ball,1,8.3,Pune Warriors,AJ Finch,RV Uthappa,MS Gony,0,0,,,,,,"",""
ball,1,8.4,Pune Warriors,AJ Finch,RV Uthappa,MS Gony,4,0,,,,,,"",""
ball,1,8.5,Pune Warriors,AJ Finch,RV Uthappa,MS Gony,1,0,,,,,,"",""
ball,1,8.6,Pune Warriors,RV Uthappa,AJ Finch,MS Gony,1,0,,,,,,"",""
ball,1,9.1,Pune Warriors,RV Uthappa,AJ Finch,PP Chawla,1,0,,,,,,"",""
ball,1,9.2,Pune Warriors,AJ Finch,RV Uthappa,PP Chawla,4,0,,,,,,"",""
ball,1,9.3,Pune Warriors,AJ Finch,RV Uthappa,PP Chawla,1,0,,,,,,"",""
ball,1,9.4,Pune Warriors,RV Uthappa,AJ Finch,PP Chawla,0,0,,,,,,"",""
ball,1,9.5,Pune Warriors,RV Uthappa,AJ Finch,PP Chawla,2,0,,,,,,"",""
ball,1,9.6,Pune Warriors,RV Uthappa,AJ Finch,PP Chawla,1,0,,,,,,"",""
ball,1,10.1,Pune Warriors,RV Uthappa,AJ Finch,P Awana,4,0,,,,,,"",""
ball,1,10.2,Pune Warriors,RV Uthappa,AJ Finch,P Awana,2,0,,,,,,"",""
ball,1,10.3,Pune Warriors,RV Uthappa,AJ Finch,P Awana,0,0,,,,,,caught,RV Uthappa
ball,1,10.4,Pune Warriors,Yuvraj Singh,AJ Finch,P Awana,0,0,,,,,,"",""
ball,1,10.5,Pune Warriors,Yuvraj Singh,AJ Finch,P Awana,0,0,,,,,,"",""
ball,1,10.6,Pune Warriors,Yuvraj Singh,AJ Finch,P Awana,0,0,,,,,,"",""
ball,1,11.1,Pune Warriors,AJ Finch,Yuvraj Singh,PP Chawla,1,0,,,,,,"",""
ball,1,11.2,Pune Warriors,Yuvraj Singh,AJ Finch,PP Chawla,4,0,,,,,,"",""
ball,1,11.3,Pune Warriors,Yuvraj Singh,AJ Finch,PP Chawla,0,0,,,,,,"",""
ball,1,11.4,Pune Warriors,Yuvraj Singh,AJ Finch,PP Chawla,1,0,,,,,,"",""
ball,1,11.5,Pune Warriors,AJ Finch,Yuvraj Singh,PP Chawla,1,0,,,,,,"",""
ball,1,11.6,Pune Warriors,Yuvraj Singh,AJ Finch,PP Chawla,1,0,,,,,,"",""
ball,1,12.1,Pune Warriors,Yuvraj Singh,AJ Finch,MS Gony,0,0,,,,,,"",""
ball,1,12.2,Pune Warriors,Yuvraj Singh,AJ Finch,MS Gony,1,0,,,,,,"",""
ball,1,12.3,Pune Warriors,AJ Finch,Yuvraj Singh,MS Gony,6,0,,,,,,"",""
ball,1,12.4,Pune Warriors,AJ Finch,Yuvraj Singh,MS Gony,4,0,,,,,,"",""
ball,1,12.5,Pune Warriors,AJ Finch,Yuvraj Singh,MS Gony,1,0,,,,,,"",""
ball,1,12.6,Pune Warriors,Yuvraj Singh,AJ Finch,MS Gony,0,0,,,,,,"",""
ball,1,13.1,Pune Warriors,AJ Finch,Yuvraj Singh,PP Chawla,0,1,,,,1,,"",""
ball,1,13.2,Pune Warriors,Yuvraj Singh,AJ Finch,PP Chawla,0,0,,,,,,"",""
ball,1,13.3,Pune Warriors,Yuvraj Singh,AJ Finch,PP Chawla,6,0,,,,,,"",""
ball,1,13.4,Pune Warriors,Yuvraj Singh,AJ Finch,PP Chawla,1,0,,,,,,"",""
ball,1,13.5,Pune Warriors,AJ Finch,Yuvraj Singh,PP Chawla,1,0,,,,,,"",""
ball,1,13.6,Pune Warriors,Yuvraj Singh,AJ Finch,PP Chawla,4,0,,,,,,"",""
ball,1,14.1,Pune Warriors,AJ Finch,Yuvraj Singh,P Kumar,0,0,,,,,,"",""
ball,1,14.2,Pune Warriors,AJ Finch,Yuvraj Singh,P Kumar,4,0,,,,,,"",""
ball,1,14.3,Pune Warriors,AJ Finch,Yuvraj Singh,P Kumar,1,0,,,,,,"",""
ball,1,14.4,Pune Warriors,Yuvraj Singh,AJ Finch,P Kumar,0,0,,,,,,"",""
ball,1,14.5,Pune Warriors,Yuvraj Singh,AJ Finch,P Kumar,1,0,,,,,,"",""
ball,1,14.6,Pune Warriors,AJ Finch,Yuvraj Singh,P Kumar,0,1,1,,,,,"",""
ball,1,14.7,Pune Warriors,AJ Finch,Yuvraj Singh,P Kumar,1,0,,,,,,"",""
ball,1,15.1,Pune Warriors,AJ Finch,Yuvraj Singh,MS Gony,0,0,,,,,,caught,AJ Finch
ball,1,15.2,Pune Warriors,SPD Smith,Yuvraj Singh,MS Gony,1,0,,,,,,"",""
ball,1,15.3,Pune Warriors,Yuvraj Singh,SPD Smith,MS Gony,1,0,,,,,,"",""
ball,1,15.4,Pune Warriors,SPD Smith,Yuvraj Singh,MS Gony,0,0,,,,,,"",""
ball,1,15.5,Pune Warriors,SPD Smith,Yuvraj Singh,MS Gony,1,0,,,,,,"",""
ball,1,15.6,Pune Warriors,Yuvraj Singh,SPD Smith,MS Gony,1,0,,,,,,"",""
ball,1,16.1,Pune Warriors,Yuvraj Singh,SPD Smith,P Awana,6,0,,,,,,"",""
ball,1,16.2,Pune Warriors,Yuvraj Singh,SPD Smith,P Awana,0,0,,,,,,"",""
ball,1,16.3,Pune Warriors,Yuvraj Singh,SPD Smith,P Awana,0,0,,,,,,"",""
ball,1,16.4,Pune Warriors,Yuvraj Singh,SPD Smith,P Awana,0,1,1,,,,,"",""
ball,1,16.5,Pune Warriors,Yuvraj Singh,SPD Smith,P Awana,6,0,,,,,,"",""
ball,1,16.6,Pune Warriors,Yuvraj Singh,SPD Smith,P Awana,1,0,,,,,,"",""
ball,1,16.7,Pune Warriors,SPD Smith,Yuvraj Singh,P Awana,0,0,,,,,,"",""
ball,1,17.1,Pune Warriors,Yuvraj Singh,SPD Smith,Azhar Mahmood,0,0,,,,,,caught,Yuvraj Singh
ball,1,17.2,Pune Warriors,SPD Smith,LJ Wright,Azhar Mahmood,1,0,,,,,,"",""
ball,1,17.3,Pune Warriors,LJ Wright,SPD Smith,Azhar Mahmood,4,0,,,,,,"",""
ball,1,17.4,Pune Warriors,LJ Wright,SPD Smith,Azhar Mahmood,4,0,,,,,,"",""
ball,1,17.5,Pune Warriors,LJ Wright,SPD Smith,Azhar Mahmood,4,0,,,,,,"",""
ball,1,17.6,Pune Warriors,LJ Wright,SPD Smith,Azhar Mahmood,4,0,,,,,,"",""
ball,1,18.1,Pune Warriors,SPD Smith,LJ Wright,P Kumar,0,1,,,,1,,"",""
ball,1,18.2,Pune Warriors,LJ Wright,SPD Smith,P Kumar,0,1,1,,,,,"",""
ball,1,18.3,Pune Warriors,LJ Wright,SPD Smith,P Kumar,4,0,,,,,,"",""
ball,1,18.4,Pune Warriors,LJ Wright,SPD Smith,P Kumar,4,0,,,,,,"",""
ball,1,18.5,Pune Warriors,LJ Wright,SPD Smith,P Kumar,2,0,,,,,,"",""
ball,1,18.6,Pune Warriors,LJ Wright,SPD Smith,P Kumar,6,0,,,,,,"",""
ball,1,18.7,Pune Warriors,LJ Wright,SPD Smith,P Kumar,2,0,,,,,,"",""
ball,1,19.1,Pune Warriors,SPD Smith,LJ Wright,Azhar Mahmood,1,0,,,,,,"",""
ball,1,19.2,Pune Warriors,LJ Wright,SPD Smith,Azhar Mahmood,0,0,,,,,,caught,LJ Wright
ball,1,19.3,Pune Warriors,SPD Smith,AM Nayar,Azhar Mahmood,1,0,,,,,,"",""
ball,1,19.4,Pune Warriors,AM Nayar,SPD Smith,Azhar Mahmood,0,1,,,,1,,"",""
ball,1,19.5,Pune Warriors,SPD Smith,AM Nayar,Azhar Mahmood,1,0,,,,,,"",""
ball,1,19.6,Pune Warriors,AM Nayar,SPD Smith,Azhar Mahmood,2,0,,,,,,"",""
ball,2,0.1,Kings XI Punjab,AC Gilchrist,Mandeep Singh,B Kumar,0,0,,,,,,"",""
ball,2,0.2,Kings XI Punjab,AC Gilchrist,Mandeep Singh,B Kumar,4,0,,,,,,"",""
ball,2,0.3,Kings XI Punjab,AC Gilchrist,Mandeep Singh,B Kumar,0,0,,,,,,caught,AC Gilchrist
ball,2,0.4,Kings XI Punjab,Azhar Mahmood,Mandeep Singh,B Kumar,0,0,,,,,,"",""
ball,2,0.5,Kings XI Punjab,Azhar Mahmood,Mandeep Singh,B Kumar,0,0,,,,,,"",""
ball,2,0.6,Kings XI Punjab,Azhar Mahmood,Mandeep Singh,B Kumar,0,1,,,,1,,"",""
ball,2,1.1,Kings XI Punjab,Azhar Mahmood,Mandeep Singh,BAW Mendis,0,0,,,,,,lbw,Azhar Mahmood
ball,2,1.2,Kings XI Punjab,M Vohra,Mandeep Singh,BAW Mendis,3,0,,,,,,"",""
ball,2,1.3,Kings XI Punjab,Mandeep Singh,M Vohra,BAW Mendis,2,0,,,,,,"",""
ball,2,1.4,Kings XI Punjab,Mandeep Singh,M Vohra,BAW Mendis,0,0,,,,,,"",""
ball,2,1.5,Kings XI Punjab,Mandeep Singh,M Vohra,BAW Mendis,1,0,,,,,,"",""
ball,2,1.6,Kings XI Punjab,M Vohra,Mandeep Singh,BAW Mendis,4,0,,,,,,"",""
ball,2,2.1,Kings XI Punjab,Mandeep Singh,M Vohra,B Kumar,2,0,,,,,,"",""
ball,2,2.2,Kings XI Punjab,Mandeep Singh,M Vohra,B Kumar,2,0,,,,,,"",""
ball,2,2.3,Kings XI Punjab,Mandeep Singh,M Vohra,B Kumar,0,0,,,,,,"",""
ball,2,2.4,Kings XI Punjab,Mandeep Singh,M Vohra,B Kumar,2,0,,,,,,"",""
ball,2,2.5,Kings XI Punjab,Mandeep Singh,M Vohra,B Kumar,4,0,,,,,,"",""
ball,2,2.6,Kings XI Punjab,Mandeep Singh,M Vohra,B Kumar,1,0,,,,,,"",""
ball,2,3.1,Kings XI Punjab,Mandeep Singh,M Vohra,BAW Mendis,4,0,,,,,,"",""
ball,2,3.2,Kings XI Punjab,Mandeep Singh,M Vohra,BAW Mendis,0,0,,,,,,"",""
ball,2,3.3,Kings XI Punjab,Mandeep Singh,M Vohra,BAW Mendis,4,0,,,,,,"",""
ball,2,3.4,Kings XI Punjab,Mandeep Singh,M Vohra,BAW Mendis,1,0,,,,,,"",""
ball,2,3.5,Kings XI Punjab,M Vohra,Mandeep Singh,BAW Mendis,0,0,,,,,,"",""
ball,2,3.6,Kings XI Punjab,M Vohra,Mandeep Singh,BAW Mendis,1,0,,,,,,"",""
ball,2,4.1,Kings XI Punjab,M Vohra,Mandeep Singh,AB Dinda,4,0,,,,,,"",""
ball,2,4.2,Kings XI Punjab,M Vohra,Mandeep Singh,AB Dinda,3,0,,,,,,"",""
ball,2,4.3,Kings XI Punjab,Mandeep Singh,M Vohra,AB Dinda,0,1,,,,1,,"",""
ball,2,4.4,Kings XI Punjab,M Vohra,Mandeep Singh,AB Dinda,0,0,,,,,,"",""
ball,2,4.5,Kings XI Punjab,M Vohra,Mandeep Singh,AB Dinda,0,0,,,,,,"",""
ball,2,4.6,Kings XI Punjab,M Vohra,Mandeep Singh,AB Dinda,0,0,,,,,,"",""
ball,2,5.1,Kings XI Punjab,Mandeep Singh,M Vohra,R Sharma,0,0,,,,,,"",""
ball,2,5.2,Kings XI Punjab,Mandeep Singh,M Vohra,R Sharma,1,0,,,,,,"",""
ball,2,5.3,Kings XI Punjab,M Vohra,Mandeep Singh,R Sharma,4,0,,,,,,"",""
ball,2,5.4,Kings XI Punjab,M Vohra,Mandeep Singh,R Sharma,1,0,,,,,,"",""
ball,2,5.5,Kings XI Punjab,Mandeep Singh,M Vohra,R Sharma,4,0,,,,,,"",""
ball,2,5.6,Kings XI Punjab,Mandeep Singh,M Vohra,R Sharma,1,0,,,,,,"",""
ball,2,6.1,Kings XI Punjab,Mandeep Singh,M Vohra,Yuvraj Singh,0,0,,,,,,"",""
ball,2,6.2,Kings XI Punjab,Mandeep Singh,M Vohra,Yuvraj Singh,1,0,,,,,,"",""
ball,2,6.3,Kings XI Punjab,M Vohra,Mandeep Singh,Yuvraj Singh,2,0,,,,,,"",""
ball,2,6.4,Kings XI Punjab,M Vohra,Mandeep Singh,Yuvraj Singh,0,0,,,,,,bowled,M Vohra
ball,2,6.5,Kings XI Punjab,DA Miller,Mandeep Singh,Yuvraj Singh,1,0,,,,,,"",""
ball,2,6.6,Kings XI Punjab,Mandeep Singh,DA Miller,Yuvraj Singh,0,0,,,,,,"",""
ball,2,7.1,Kings XI Punjab,DA Miller,Mandeep Singh,BAW Mendis,0,0,,,,,,"",""
ball,2,7.2,Kings XI Punjab,DA Miller,Mandeep Singh,BAW Mendis,1,0,,,,,,"",""
ball,2,7.3,Kings XI Punjab,Mandeep Singh,DA Miller,BAW Mendis,1,0,,,,,,"",""
ball,2,7.4,Kings XI Punjab,DA Miller,Mandeep Singh,BAW Mendis,2,0,,,,,,"",""
ball,2,7.5,Kings XI Punjab,DA Miller,Mandeep Singh,BAW Mendis,1,0,,,,,,"",""
ball,2,7.6,Kings XI Punjab,Mandeep Singh,DA Miller,BAW Mendis,1,0,,,,,,"",""
ball,2,8.1,Kings XI Punjab,Mandeep Singh,DA Miller,R Sharma,2,0,,,,,,"",""
ball,2,8.2,Kings XI Punjab,Mandeep Singh,DA Miller,R Sharma,2,0,,,,,,"",""
ball,2,8.3,Kings XI Punjab,Mandeep Singh,DA Miller,R Sharma,0,0,,,,,,"",""
ball,2,8.4,Kings XI Punjab,Mandeep Singh,DA Miller,R Sharma,1,0,,,,,,"",""
ball,2,8.5,Kings XI Punjab,DA Miller,Mandeep Singh,R Sharma,1,0,,,,,,"",""
ball,2,8.6,Kings XI Punjab,Mandeep Singh,DA Miller,R Sharma,1,0,,,,,,"",""
ball,2,9.1,Kings XI Punjab,Mandeep Singh,DA Miller,Yuvraj Singh,0,0,,,,,,"",""
ball,2,9.2,Kings XI Punjab,Mandeep Singh,DA Miller,Yuvraj Singh,1,0,,,,,,"",""
ball,2,9.3,Kings XI Punjab,DA Miller,Mandeep Singh,Yuvraj Singh,1,0,,,,,,"",""
ball,2,9.4,Kings XI Punjab,Mandeep Singh,DA Miller,Yuvraj Singh,1,0,,,,,,"",""
ball,2,9.5,Kings XI Punjab,DA Miller,Mandeep Singh,Yuvraj Singh,6,0,,,,,,"",""
ball,2,9.6,Kings XI Punjab,DA Miller,Mandeep Singh,Yuvraj Singh,2,0,,,,,,"",""
ball,2,10.1,Kings XI Punjab,Mandeep Singh,DA Miller,LJ Wright,1,0,,,,,,"",""
ball,2,10.2,Kings XI Punjab,DA Miller,Mandeep Singh,LJ Wright,1,0,,,,,,"",""
ball,2,10.3,Kings XI Punjab,Mandeep Singh,DA Miller,LJ Wright,1,0,,,,,,"",""
ball,2,10.4,Kings XI Punjab,DA Miller,Mandeep Singh,LJ Wright,4,0,,,,,,"",""
ball,2,10.5,Kings XI Punjab,DA Miller,Mandeep Singh,LJ Wright,0,0,,,,,,"",""
ball,2,10.6,Kings XI Punjab,DA Miller,Mandeep Singh,LJ Wright,0,0,,,,,,"",""
ball,2,11.1,Kings XI Punjab,Mandeep Singh,DA Miller,BAW Mendis,1,0,,,,,,"",""
ball,2,11.2,Kings XI Punjab,DA Miller,Mandeep Singh,BAW Mendis,6,0,,,,,,"",""
ball,2,11.3,Kings XI Punjab,DA Miller,Mandeep Singh,BAW Mendis,4,0,,,,,,"",""
ball,2,11.4,Kings XI Punjab,DA Miller,Mandeep Singh,BAW Mendis,0,0,,,,,,"",""
ball,2,11.5,Kings XI Punjab,DA Miller,Mandeep Singh,BAW Mendis,1,0,,,,,,"",""
ball,2,11.6,Kings XI Punjab,Mandeep Singh,DA Miller,BAW Mendis,0,0,,,,,,"",""
ball,2,12.1,Kings XI Punjab,DA Miller,Mandeep Singh,AB Dinda,2,0,,,,,,"",""
ball,2,12.2,Kings XI Punjab,DA Miller,Mandeep Singh,AB Dinda,0,1,1,,,,,"",""
ball,2,12.3,Kings XI Punjab,DA Miller,Mandeep Singh,AB Dinda,1,0,,,,,,"",""
ball,2,12.4,Kings XI Punjab,Mandeep Singh,DA Miller,AB Dinda,4,0,,,,,,"",""
ball,2,12.5,Kings XI Punjab,Mandeep Singh,DA Miller,AB Dinda,1,0,,,,,,"",""
ball,2,12.6,Kings XI Punjab,DA Miller,Mandeep Singh,AB Dinda,0,0,,,,,,"",""
ball,2,12.7,Kings XI Punjab,DA Miller,Mandeep Singh,AB Dinda,0,0,,,,,,"",""
ball,2,13.1,Kings XI Punjab,Mandeep Singh,DA Miller,R Sharma,1,0,,,,,,"",""
ball,2,13.2,Kings XI Punjab,DA Miller,Mandeep Singh,R Sharma,1,0,,,,,,"",""
ball,2,13.3,Kings XI Punjab,Mandeep Singh,DA Miller,R Sharma,2,0,,,,,,"",""
ball,2,13.4,Kings XI Punjab,Mandeep Singh,DA Miller,R Sharma,1,0,,,,,,"",""
ball,2,13.5,Kings XI Punjab,DA Miller,Mandeep Singh,R Sharma,4,0,,,,,,"",""
ball,2,13.6,Kings XI Punjab,DA Miller,Mandeep Singh,R Sharma,1,0,,,,,,"",""
ball,2,14.1,Kings XI Punjab,DA Miller,Mandeep Singh,B Kumar,1,0,,,,,,"",""
ball,2,14.2,Kings XI Punjab,Mandeep Singh,DA Miller,B Kumar,0,0,,,,,,"",""
ball,2,14.3,Kings XI Punjab,Mandeep Singh,DA Miller,B Kumar,1,0,,,,,,"",""
ball,2,14.4,Kings XI Punjab,DA Miller,Mandeep Singh,B Kumar,1,0,,,,,,"",""
ball,2,14.5,Kings XI Punjab,Mandeep Singh,DA Miller,B Kumar,4,0,,,,,,"",""
ball,2,14.6,Kings XI Punjab,Mandeep Singh,DA Miller,B Kumar,1,0,,,,,,"",""
ball,2,15.1,Kings XI Punjab,Mandeep Singh,DA Miller,LJ Wright,1,0,,,,,,"",""
ball,2,15.2,Kings XI Punjab,DA Miller,Mandeep Singh,LJ Wright,1,0,,,,,,"",""
ball,2,15.3,Kings XI Punjab,Mandeep Singh,DA Miller,LJ Wright,1,0,,,,,,"",""
ball,2,15.4,Kings XI Punjab,DA Miller,Mandeep Singh,LJ Wright,6,0,,,,,,"",""
ball,2,15.5,Kings XI Punjab,DA Miller,Mandeep Singh,LJ Wright,1,0,,,,,,"",""
ball,2,15.6,Kings XI Punjab,Mandeep Singh,DA Miller,LJ Wright,2,0,,,,,,"",""
ball,2,16.1,Kings XI Punjab,DA Miller,Mandeep Singh,AB Dinda,1,0,,,,,,"",""
ball,2,16.2,Kings XI Punjab,Mandeep Singh,DA Miller,AB Dinda,2,0,,,,,,"",""
ball,2,16.3,Kings XI Punjab,Mandeep Singh,DA Miller,AB Dinda,1,0,,,,,,"",""
ball,2,16.4,Kings XI Punjab,DA Miller,Mandeep Singh,AB Dinda,1,0,,,,,,"",""
ball,2,16.5,Kings XI Punjab,Mandeep Singh,DA Miller,AB Dinda,1,0,,,,,,"",""
ball,2,16.6,Kings XI Punjab,DA Miller,Mandeep Singh,AB Dinda,2,0,,,,,,"",""
ball,2,17.1,Kings XI Punjab,Mandeep Singh,DA Miller,B Kumar,0,0,,,,,,"",""
ball,2,17.2,Kings XI Punjab,Mandeep Singh,DA Miller,B Kumar,2,0,,,,,,"",""
ball,2,17.3,Kings XI Punjab,Mandeep Singh,DA Miller,B Kumar,0,0,,,,,,"",""
ball,2,17.4,Kings XI Punjab,Mandeep Singh,DA Miller,B Kumar,1,0,,,,,,"",""
ball,2,17.5,Kings XI Punjab,DA Miller,Mandeep Singh,B Kumar,1,0,,,,,,"",""
ball,2,17.6,Kings XI Punjab,Mandeep Singh,DA Miller,B Kumar,4,0,,,,,,"",""
ball,2,18.1,Kings XI Punjab,DA Miller,Mandeep Singh,AB Dinda,4,0,,,,,,"",""
ball,2,18.2,Kings XI Punjab,DA Miller,Mandeep Singh,AB Dinda,4,0,,,,,,"",""
ball,2,18.3,Kings XI Punjab,DA Miller,Mandeep Singh,AB Dinda,1,0,,,,,,"",""
ball,2,18.4,Kings XI Punjab,Mandeep Singh,DA Miller,AB Dinda,1,0,,,,,,"",""
ball,2,18.5,Kings XI Punjab,DA Miller,Mandeep Singh,AB Dinda,1,0,,,,,,"",""
ball,2,18.6,Kings XI Punjab,Mandeep Singh,DA Miller,AB Dinda,2,0,,,,,,"",""
ball,2,19.1,Kings XI Punjab,DA Miller,Mandeep Singh,LJ Wright,1,0,,,,,,"",""
ball,2,19.2,Kings XI Punjab,Mandeep Singh,DA Miller,LJ Wright,1,0,,,,,,"",""
ball,2,19.3,Kings XI Punjab,DA Miller,Mandeep Singh,LJ Wright,6,0,,,,,,"",""
ball,2,19.4,Kings XI Punjab,DA Miller,Mandeep Singh,LJ Wright,2,0,,,,,,"",""
ball,2,19.5,Kings XI Punjab,DA Miller,Mandeep Singh,LJ Wright,6,0,,,,,,"",""
