version,1.6.0
info,balls_per_over,6
info,team,Kolkata Knight Riders
info,team,Chennai Super Kings
info,gender,male
info,season,2013
info,date,2013/04/20
info,event,Indian Premier League
info,match_number,26
info,venue,Eden Gardens
info,city,Kolkata
info,toss_winner,Kolkata Knight Riders
info,toss_decision,bat
info,player_of_match,RA Jadeja
info,umpire,Asad Rauf
info,umpire,AK Chaudhary
info,reserve_umpire,AS Pathania
info,tv_umpire,S Asnani
info,match_referee,Raju Mukherjee
info,winner,Chennai Super Kings
info,winner_wickets,4
info,player,Chennai Super Kings,MEK Hussey
info,player,Chennai Super Kings,R Ashwin
info,player,Chennai Super Kings,M Vijay
info,player,Chennai Super Kings,SK Raina
info,player,Chennai Super Kings,MS Dhoni
info,player,Chennai Super Kings,S Badrinath
info,player,Chennai Super Kings,RA Jadeja
info,player,Chennai Super Kings,DJ Bravo
info,player,Chennai Super Kings,JA Morkel
info,player,Chennai Super Kings,CH Morris
info,player,Chennai Super Kings,MM Sharma
info,player,Kolkata Knight Riders,G Gambhir
info,player,Kolkata Knight Riders,YK Pathan
info,player,Kolkata Knight Riders,JH Kallis
info,player,Kolkata Knight Riders,EJG Morgan
info,player,Kolkata Knight Riders,MK Tiwary
info,player,Kolkata Knight Riders,DB Das
info,player,Kolkata Knight Riders,R Bhatia
info,player,Kolkata Knight Riders,LR Shukla
info,player,Kolkata Knight Riders,SMSM Senanayake
info,player,Kolkata Knight Riders,SP Narine
info,player,Kolkata Knight Riders,L Balaji
info,registry,people,AK Chaudhary,fdcc6236
info,registry,people,AS Pathania,bf6c251d
info,registry,people,Asad Rauf,861606b7
info,registry,people,CH Morris,fb66ce1f
info,registry,people,DB Das,7050a1e7
info,registry,people,DJ Bravo,87e562a9
info,registry,people,EJG Morgan,d2a6c0e6
info,registry,people,G Gambhir,bb345e0b
info,registry,people,JA Morkel,c3d35165
info,registry,people,JH Kallis,86dc8f2e
info,registry,people,L Balaji,b2b50355
info,registry,people,LR Shukla,b1451597
info,registry,people,M Vijay,4b57e452
info,registry,people,MEK Hussey,48fd7349
info,registry,people,MK Tiwary,26e5cabf
info,registry,people,MM Sharma,759ac88f
info,registry,people,MS Dhoni,4a8a2e3b
info,registry,people,R Ashwin,495d42a5
info,registry,people,R Bhatia,33a364a6
info,registry,people,RA Jadeja,fe93fd9d
info,registry,people,Raju Mukherjee,7a3244b5
info,registry,people,S Asnani,b04524bc
info,registry,people,S Badrinath,3576e47e
info,registry,people,SK Raina,1dc12ab9
info,registry,people,SMSM Senanayake,4c4fa80b
info,registry,people,SP Narine,9d430b40
info,registry,people,YK Pathan,3c6ffae8
ball,1,0.1,Kolkata Knight Riders,G Gambhir,YK Pathan,JA Morkel,4,0,,,,,,"",""
ball,1,0.2,Kolkata Knight Riders,G Gambhir,YK Pathan,JA Morkel,0,1,1,,,,,"",""
ball,1,0.3,Kolkata Knight Riders,G Gambhir,YK Pathan,JA Morkel,0,0,,,,,,"",""
ball,1,0.4,Kolkata Knight Riders,G Gambhir,YK Pathan,JA Morkel,0,0,,,,,,"",""
ball,1,0.5,Kolkata Knight Riders,G Gambhir,YK Pathan,JA Morkel,4,0,,,,,,"",""
ball,1,0.6,Kolkata Knight Riders,G Gambhir,YK Pathan,JA Morkel,1,0,,,,,,"",""
ball,1,0.7,Kolkata Knight Riders,YK Pathan,G Gambhir,JA Morkel,1,0,,,,,,"",""
ball,1,1.1,Kolkata Knight Riders,YK Pathan,G Gambhir,MM Sharma,4,0,,,,,,"",""
ball,1,1.2,Kolkata Knight Riders,YK Pathan,G Gambhir,MM Sharma,0,0,,,,,,"",""
ball,1,1.3,Kolkata Knight Riders,YK Pathan,G Gambhir,MM Sharma,4,0,,,,,,"",""
ball,1,1.4,Kolkata Knight Riders,YK Pathan,G Gambhir,MM Sharma,0,0,,,,,,"",""
ball,1,1.5,Kolkata Knight Riders,YK Pathan,G Gambhir,MM Sharma,1,0,,,,,,"",""
ball,1,1.6,Kolkata Knight Riders,G Gambhir,YK Pathan,MM Sharma,0,0,,,,,,"",""
ball,1,2.1,Kolkata Knight Riders,YK Pathan,G Gambhir,JA Morkel,0,0,,,,,,"",""
ball,1,2.2,Kolkata Knight Riders,YK Pathan,G Gambhir,JA Morkel,1,0,,,,,,"",""
ball,1,2.3,Kolkata Knight Riders,G Gambhir,YK Pathan,JA Morkel,0,0,,,,,,"",""
ball,1,2.4,Kolkata Knight Riders,G Gambhir,YK Pathan,JA Morkel,4,0,,,,,,"",""
ball,1,2.5,Kolkata Knight Riders,G Gambhir,YK Pathan,JA Morkel,0,1,,,,1,,"",""
ball,1,2.6,Kolkata Knight Riders,YK Pathan,G Gambhir,JA Morkel,1,0,,,,,,"",""
ball,1,3.1,Kolkata Knight Riders,YK Pathan,G Gambhir,CH Morris,4,0,,,,,,"",""
ball,1,3.2,Kolkata Knight Riders,YK Pathan,G Gambhir,CH Morris,0,1,,,,1,,"",""
ball,1,3.3,Kolkata Knight Riders,G Gambhir,YK Pathan,CH Morris,0,0,,,,,,"",""
ball,1,3.4,Kolkata Knight Riders,G Gambhir,YK Pathan,CH Morris,1,0,,,,,,"",""
ball,1,3.5,Kolkata Knight Riders,YK Pathan,G Gambhir,CH Morris,0,0,,,,,,"",""
ball,1,3.6,Kolkata Knight Riders,YK Pathan,G Gambhir,CH Morris,0,0,,,,,,"",""
ball,1,4.1,Kolkata Knight Riders,G Gambhir,YK Pathan,JA Morkel,1,0,,,,,,"",""
ball,1,4.2,Kolkata Knight Riders,YK Pathan,G Gambhir,JA Morkel,0,0,,,,,,"",""
ball,1,4.3,Kolkata Knight Riders,YK Pathan,G Gambhir,JA Morkel,1,0,,,,,,"",""
ball,1,4.4,Kolkata Knight Riders,G Gambhir,YK Pathan,JA Morkel,4,0,,,,,,"",""
ball,1,4.5,Kolkata Knight Riders,G Gambhir,YK Pathan,JA Morkel,4,0,,,,,,"",""
ball,1,4.6,Kolkata Knight Riders,G Gambhir,YK Pathan,JA Morkel,1,0,,,,,,"",""
ball,1,5.1,Kolkata Knight Riders,G Gambhir,YK Pathan,CH Morris,0,0,,,,,,"",""
ball,1,5.2,Kolkata Knight Riders,G Gambhir,YK Pathan,CH Morris,0,0,,,,,,"",""
ball,1,5.3,Kolkata Knight Riders,G Gambhir,YK Pathan,CH Morris,1,0,,,,,,"",""
ball,1,5.4,Kolkata Knight Riders,YK Pathan,G Gambhir,CH Morris,1,0,,,,,,"",""
ball,1,5.5,Kolkata Knight Riders,G Gambhir,YK Pathan,CH Morris,0,0,,,,,,caught,G Gambhir
ball,1,5.6,Kolkata Knight Riders,YK Pathan,JH Kallis,CH Morris,1,0,,,,,,"",""
ball,1,6.1,Kolkata Knight Riders,YK Pathan,JH Kallis,MM Sharma,0,0,,,,,,run out,JH Kallis
ball,1,6.2,Kolkata Knight Riders,EJG Morgan,YK Pathan,MM Sharma,0,0,,,,,,"",""
ball,1,6.3,Kolkata Knight Riders,EJG Morgan,YK Pathan,MM Sharma,2,0,,,,,,"",""
ball,1,6.4,Kolkata Knight Riders,EJG Morgan,YK Pathan,MM Sharma,0,0,,,,,,"",""
ball,1,6.5,Kolkata Knight Riders,EJG Morgan,YK Pathan,MM Sharma,0,0,,,,,,"",""
ball,1,6.6,Kolkata Knight Riders,EJG Morgan,YK Pathan,MM Sharma,0,0,,,,,,"",""
ball,1,7.1,Kolkata Knight Riders,YK Pathan,EJG Morgan,DJ Bravo,0,0,,,,,,"",""
ball,1,7.2,Kolkata Knight Riders,YK Pathan,EJG Morgan,DJ Bravo,1,0,,,,,,"",""
ball,1,7.3,Kolkata Knight Riders,EJG Morgan,YK Pathan,DJ Bravo,0,0,,,,,,"",""
ball,1,7.4,Kolkata Knight Riders,EJG Morgan,YK Pathan,DJ Bravo,0,0,,,,,,caught,EJG Morgan
ball,1,7.5,Kolkata Knight Riders,YK Pathan,MK Tiwary,DJ Bravo,4,0,,,,,,"",""
ball,1,7.6,Kolkata Knight Riders,YK Pathan,MK Tiwary,DJ Bravo,1,0,,,,,,run out,YK Pathan
ball,1,8.1,Kolkata Knight Riders,MK Tiwary,DB Das,MM Sharma,0,0,,,,,,"",""
ball,1,8.2,Kolkata Knight Riders,MK Tiwary,DB Das,MM Sharma,0,0,,,,,,"",""
ball,1,8.3,Kolkata Knight Riders,MK Tiwary,DB Das,MM Sharma,1,0,,,,,,"",""
ball,1,8.4,Kolkata Knight Riders,DB Das,MK Tiwary,MM Sharma,0,0,,,,,,"",""
ball,1,8.5,Kolkata Knight Riders,DB Das,MK Tiwary,MM Sharma,1,0,,,,,,"",""
ball,1,8.6,Kolkata Knight Riders,MK Tiwary,DB Das,MM Sharma,0,0,,,,,,"",""
ball,1,9.1,Kolkata Knight Riders,DB Das,MK Tiwary,DJ Bravo,0,0,,,,,,"",""
ball,1,9.2,Kolkata Knight Riders,DB Das,MK Tiwary,DJ Bravo,1,0,,,,,,"",""
ball,1,9.3,Kolkata Knight Riders,MK Tiwary,DB Das,DJ Bravo,0,0,,,,,,"",""
ball,1,9.4,Kolkata Knight Riders,MK Tiwary,DB Das,DJ Bravo,1,0,,,,,,"",""
ball,1,9.5,Kolkata Knight Riders,DB Das,MK Tiwary,DJ Bravo,0,0,,,,,,"",""
ball,1,9.6,Kolkata Knight Riders,DB Das,MK Tiwary,DJ Bravo,6,0,,,,,,"",""
ball,1,10.1,Kolkata Knight Riders,MK Tiwary,DB Das,R Ashwin,1,0,,,,,,"",""
ball,1,10.2,Kolkata Knight Riders,DB Das,MK Tiwary,R Ashwin,0,0,,,,,,"",""
ball,1,10.3,Kolkata Knight Riders,DB Das,MK Tiwary,R Ashwin,0,0,,,,,,"",""
ball,1,10.4,Kolkata Knight Riders,DB Das,MK Tiwary,R Ashwin,0,0,,,,,,"",""
ball,1,10.5,Kolkata Knight Riders,DB Das,MK Tiwary,R Ashwin,1,0,,,,,,"",""
ball,1,10.6,Kolkata Knight Riders,MK Tiwary,DB Das,R Ashwin,1,0,,,,,,"",""
ball,1,11.1,Kolkata Knight Riders,MK Tiwary,DB Das,RA Jadeja,1,0,,,,,,"",""
ball,1,11.2,Kolkata Knight Riders,DB Das,MK Tiwary,RA Jadeja,1,0,,,,,,"",""
ball,1,11.3,Kolkata Knight Riders,MK Tiwary,DB Das,RA Jadeja,0,0,,,,,,"",""
ball,1,11.4,Kolkata Knight Riders,MK Tiwary,DB Das,RA Jadeja,1,0,,,,,,"",""
ball,1,11.5,Kolkata Knight Riders,DB Das,MK Tiwary,RA Jadeja,1,0,,,,,,"",""
ball,1,11.6,Kolkata Knight Riders,MK Tiwary,DB Das,RA Jadeja,1,0,,,,,,"",""
ball,1,12.1,Kolkata Knight Riders,MK Tiwary,DB Das,R Ashwin,1,0,,,,,,"",""
ball,1,12.2,Kolkata Knight Riders,DB Das,MK Tiwary,R Ashwin,6,0,,,,,,"",""
ball,1,12.3,Kolkata Knight Riders,DB Das,MK Tiwary,R Ashwin,2,0,,,,,,"",""
ball,1,12.4,Kolkata Knight Riders,DB Das,MK Tiwary,R Ashwin,0,0,,,,,,lbw,DB Das
ball,1,12.5,Kolkata Knight Riders,R Bhatia,MK Tiwary,R Ashwin,0,0,,,,,,"",""
ball,1,12.6,Kolkata Knight Riders,R Bhatia,MK Tiwary,R Ashwin,0,0,,,,,,"",""
ball,1,13.1,Kolkata Knight Riders,MK Tiwary,R Bhatia,RA Jadeja,2,0,,,,,,"",""
ball,1,13.2,Kolkata Knight Riders,MK Tiwary,R Bhatia,RA Jadeja,0,1,,,,1,,"",""
ball,1,13.3,Kolkata Knight Riders,R Bhatia,MK Tiwary,RA Jadeja,0,0,,,,,,"",""
ball,1,13.4,Kolkata Knight Riders,R Bhatia,MK Tiwary,RA Jadeja,1,0,,,,,,"",""
ball,1,13.5,Kolkata Knight Riders,MK Tiwary,R Bhatia,RA Jadeja,2,0,,,,,,"",""
ball,1,13.6,Kolkata Knight Riders,MK Tiwary,R Bhatia,RA Jadeja,1,0,,,,,,"",""
ball,1,14.1,Kolkata Knight Riders,MK Tiwary,R Bhatia,R Ashwin,0,0,,,,,,caught,MK Tiwary
ball,1,14.2,Kolkata Knight Riders,R Bhatia,LR Shukla,R Ashwin,0,0,,,,,,"",""
ball,1,14.3,Kolkata Knight Riders,R Bhatia,LR Shukla,R Ashwin,0,0,,,,,,"",""
ball,1,14.4,Kolkata Knight Riders,R Bhatia,LR Shukla,R Ashwin,0,0,,,,,,"",""
ball,1,14.5,Kolkata Knight Riders,R Bhatia,LR Shukla,R Ashwin,0,0,,,,,,"",""
ball,1,14.6,Kolkata Knight Riders,R Bhatia,LR Shukla,R Ashwin,0,0,,,,,,"",""
ball,1,15.1,Kolkata Knight Riders,LR Shukla,R Bhatia,RA Jadeja,0,0,,,,,,"",""
ball,1,15.2,Kolkata Knight Riders,LR Shukla,R Bhatia,RA Jadeja,1,0,,,,,,"",""
ball,1,15.3,Kolkata Knight Riders,R Bhatia,LR Shukla,RA Jadeja,0,0,,,,,,caught and bowled,R Bhatia
ball,1,15.4,Kolkata Knight Riders,SMSM Senanayake,LR Shukla,RA Jadeja,1,0,,,,,,"",""
ball,1,15.5,Kolkata Knight Riders,LR Shukla,SMSM Senanayake,RA Jadeja,0,0,,,,,,lbw,LR Shukla
ball,1,15.6,Kolkata Knight Riders,SP Narine,SMSM Senanayake,RA Jadeja,0,0,,,,,,"",""
ball,1,16.1,Kolkata Knight Riders,SMSM Senanayake,SP Narine,R Ashwin,0,0,,,,,,"",""
ball,1,16.2,Kolkata Knight Riders,SMSM Senanayake,SP Narine,R Ashwin,1,0,,,,,,"",""
ball,1,16.3,Kolkata Knight Riders,SP Narine,SMSM Senanayake,R Ashwin,0,0,,,,,,"",""
ball,1,16.4,Kolkata Knight Riders,SP Narine,SMSM Senanayake,R Ashwin,6,0,,,,,,"",""
ball,1,16.5,Kolkata Knight Riders,SP Narine,SMSM Senanayake,R Ashwin,1,0,,,,,,"",""
ball,1,16.6,Kolkata Knight Riders,SMSM Senanayake,SP Narine,R Ashwin,1,0,,,,,,"",""
ball,1,17.1,Kolkata Knight Riders,SMSM Senanayake,SP Narine,RA Jadeja,1,0,,,,,,"",""
ball,1,17.2,Kolkata Knight Riders,SP Narine,SMSM Senanayake,RA Jadeja,6,0,,,,,,"",""
ball,1,17.3,Kolkata Knight Riders,SP Narine,SMSM Senanayake,RA Jadeja,0,0,,,,,,caught,SP Narine
ball,1,17.4,Kolkata Knight Riders,SMSM Senanayake,L Balaji,RA Jadeja,0,0,,,,,,"",""
ball,1,17.5,Kolkata Knight Riders,SMSM Senanayake,L Balaji,RA Jadeja,0,0,,,,,,"",""
ball,1,17.6,Kolkata Knight Riders,SMSM Senanayake,L Balaji,RA Jadeja,0,0,,,,,,"",""
ball,1,18.1,Kolkata Knight Riders,L Balaji,SMSM Senanayake,JA Morkel,0,0,,,,,,"",""
ball,1,18.2,Kolkata Knight Riders,L Balaji,SMSM Senanayake,JA Morkel,1,0,,,,,,"",""
ball,1,18.3,Kolkata Knight Riders,SMSM Senanayake,L Balaji,JA Morkel,1,0,,,,,,"",""
ball,1,18.4,Kolkata Knight Riders,L Balaji,SMSM Senanayake,JA Morkel,4,0,,,,,,"",""
ball,1,18.5,Kolkata Knight Riders,L Balaji,SMSM Senanayake,JA Morkel,1,0,,,,,,"",""
ball,1,18.6,Kolkata Knight Riders,SMSM Senanayake,L Balaji,JA Morkel,1,0,,,,,,"",""
ball,1,19.1,Kolkata Knight Riders,SMSM Senanayake,L Balaji,CH Morris,0,0,,,,,,"",""
ball,1,19.2,Kolkata Knight Riders,SMSM Senanayake,L Balaji,CH Morris,1,0,,,,,,"",""
ball,1,19.3,Kolkata Knight Riders,L Balaji,SMSM Senanayake,CH Morris,2,0,,,,,,"",""
ball,1,19.4,Kolkata Knight Riders,L Balaji,SMSM Senanayake,CH Morris,0,0,,,,,,"",""
ball,1,19.5,Kolkata Knight Riders,L Balaji,SMSM Senanayake,CH Morris,1,0,,,,,,"",""
ball,1,19.6,Kolkata Knight Riders,SMSM Senanayake,L Balaji,CH Morris,0,0,,,,,,"",""
ball,2,0.1,Chennai Super Kings,MEK Hussey,R Ashwin,L Balaji,0,1,,,1,,,"",""
ball,2,0.2,Chennai Super Kings,R Ashwin,MEK Hussey,L Balaji,0,0,,,,,,"",""
ball,2,0.3,Chennai Super Kings,R Ashwin,MEK Hussey,L Balaji,1,0,,,,,,"",""
ball,2,0.4,Chennai Super Kings,MEK Hussey,R Ashwin,L Balaji,1,0,,,,,,"",""
ball,2,0.5,Chennai Super Kings,R Ashwin,MEK Hussey,L Balaji,4,0,,,,,,"",""
ball,2,0.6,Chennai Super Kings,R Ashwin,MEK Hussey,L Balaji,0,0,,,,,,"",""
ball,2,1.1,Chennai Super Kings,MEK Hussey,R Ashwin,SMSM Senanayake,0,0,,,,,,"",""
ball,2,1.2,Chennai Super Kings,MEK Hussey,R Ashwin,SMSM Senanayake,4,0,,,,,,"",""
ball,2,1.3,Chennai Super Kings,MEK Hussey,R Ashwin,SMSM Senanayake,0,0,,,,,,"",""
ball,2,1.4,Chennai Super Kings,MEK Hussey,R Ashwin,SMSM Senanayake,0,0,,,,,,"",""
ball,2,1.5,Chennai Super Kings,MEK Hussey,R Ashwin,SMSM Senanayake,1,0,,,,,,"",""
ball,2,1.6,Chennai Super Kings,R Ashwin,MEK Hussey,SMSM Senanayake,0,0,,,,,,"",""
ball,2,2.1,Chennai Super Kings,MEK Hussey,R Ashwin,L Balaji,0,0,,,,,,"",""
ball,2,2.2,Chennai Super Kings,MEK Hussey,R Ashwin,L Balaji,4,0,,,,,,"",""
ball,2,2.3,Chennai Super Kings,MEK Hussey,R Ashwin,L Balaji,0,0,,,,,,"",""
ball,2,2.4,Chennai Super Kings,MEK Hussey,R Ashwin,L Balaji,0,1,1,,,,,"",""
ball,2,2.5,Chennai Super Kings,MEK Hussey,R Ashwin,L Balaji,0,0,,,,,,"",""
ball,2,2.6,Chennai Super Kings,MEK Hussey,R Ashwin,L Balaji,0,0,,,,,,"",""
ball,2,2.7,Chennai Super Kings,MEK Hussey,R Ashwin,L Balaji,0,0,,,,,,"",""
ball,2,3.1,Chennai Super Kings,R Ashwin,MEK Hussey,SMSM Senanayake,0,0,,,,,,"",""
ball,2,3.2,Chennai Super Kings,R Ashwin,MEK Hussey,SMSM Senanayake,0,0,,,,,,"",""
ball,2,3.3,Chennai Super Kings,R Ashwin,MEK Hussey,SMSM Senanayake,0,0,,,,,,"",""
ball,2,3.4,Chennai Super Kings,R Ashwin,MEK Hussey,SMSM Senanayake,0,0,,,,,,"",""
ball,2,3.5,Chennai Super Kings,R Ashwin,MEK Hussey,SMSM Senanayake,4,0,,,,,,"",""
ball,2,3.6,Chennai Super Kings,R Ashwin,MEK Hussey,SMSM Senanayake,1,0,,,,,,"",""
ball,2,4.1,Chennai Super Kings,R Ashwin,MEK Hussey,SP Narine,1,0,,,,,,"",""
ball,2,4.2,Chennai Super Kings,MEK Hussey,R Ashwin,SP Narine,1,0,,,,,,"",""
ball,2,4.3,Chennai Super Kings,R Ashwin,MEK Hussey,SP Narine,0,0,,,,,,caught,R Ashwin
ball,2,4.4,Chennai Super Kings,M Vijay,MEK Hussey,SP Narine,1,0,,,,,,"",""
ball,2,4.5,Chennai Super Kings,MEK Hussey,M Vijay,SP Narine,1,0,,,,,,"",""
ball,2,4.6,Chennai Super Kings,M Vijay,MEK Hussey,SP Narine,0,0,,,,,,"",""
ball,2,5.1,Chennai Super Kings,MEK Hussey,M Vijay,SMSM Senanayake,0,0,,,,,,"",""
ball,2,5.2,Chennai Super Kings,MEK Hussey,M Vijay,SMSM Senanayake,0,0,,,,,,"",""
ball,2,5.3,Chennai Super Kings,MEK Hussey,M Vijay,SMSM Senanayake,0,0,,,,,,"",""
ball,2,5.4,Chennai Super Kings,MEK Hussey,M Vijay,SMSM Senanayake,0,0,,,,,,"",""
ball,2,5.5,Chennai Super Kings,MEK Hussey,M Vijay,SMSM Senanayake,0,0,,,,,,"",""
ball,2,5.6,Chennai Super Kings,MEK Hussey,M Vijay,SMSM Senanayake,1,0,,,,,,"",""
ball,2,6.1,Chennai Super Kings,MEK Hussey,M Vijay,SP Narine,0,0,,,,,,"",""
ball,2,6.2,Chennai Super Kings,MEK Hussey,M Vijay,SP Narine,0,0,,,,,,"",""
ball,2,6.3,Chennai Super Kings,MEK Hussey,M Vijay,SP Narine,1,0,,,,,,"",""
ball,2,6.4,Chennai Super Kings,M Vijay,MEK Hussey,SP Narine,1,0,,,,,,"",""
ball,2,6.5,Chennai Super Kings,MEK Hussey,M Vijay,SP Narine,1,0,,,,,,"",""
ball,2,6.6,Chennai Super Kings,M Vijay,MEK Hussey,SP Narine,0,0,,,,,,"",""
ball,2,7.1,Chennai Super Kings,MEK Hussey,M Vijay,SMSM Senanayake,1,0,,,,,,"",""
ball,2,7.2,Chennai Super Kings,M Vijay,MEK Hussey,SMSM Senanayake,0,0,,,,,,lbw,M Vijay
ball,2,7.3,Chennai Super Kings,SK Raina,MEK Hussey,SMSM Senanayake,0,0,,,,,,"",""
ball,2,7.4,Chennai Super Kings,SK Raina,MEK Hussey,SMSM Senanayake,2,0,,,,,,"",""
ball,2,7.5,Chennai Super Kings,SK Raina,MEK Hussey,SMSM Senanayake,4,0,,,,,,"",""
ball,2,7.6,Chennai Super Kings,SK Raina,MEK Hussey,SMSM Senanayake,0,0,,,,,,"",""
ball,2,8.1,Chennai Super Kings,MEK Hussey,SK Raina,YK Pathan,1,0,,,,,,"",""
ball,2,8.2,Chennai Super Kings,SK Raina,MEK Hussey,YK Pathan,0,0,,,,,,"",""
ball,2,8.3,Chennai Super Kings,SK Raina,MEK Hussey,YK Pathan,0,0,,,,,,"",""
ball,2,8.4,Chennai Super Kings,SK Raina,MEK Hussey,YK Pathan,1,0,,,,,,"",""
ball,2,8.5,Chennai Super Kings,MEK Hussey,SK Raina,YK Pathan,1,0,,,,,,"",""
ball,2,8.6,Chennai Super Kings,SK Raina,MEK Hussey,YK Pathan,0,0,,,,,,caught,SK Raina
ball,2,9.1,Chennai Super Kings,MEK Hussey,MS Dhoni,R Bhatia,1,0,,,,,,"",""
ball,2,9.2,Chennai Super Kings,MS Dhoni,MEK Hussey,R Bhatia,1,0,,,,,,"",""
ball,2,9.3,Chennai Super Kings,MEK Hussey,MS Dhoni,R Bhatia,1,0,,,,,,"",""
ball,2,9.4,Chennai Super Kings,MS Dhoni,MEK Hussey,R Bhatia,3,0,,,,,,"",""
ball,2,9.5,Chennai Super Kings,MEK Hussey,MS Dhoni,R Bhatia,1,0,,,,,,"",""
ball,2,9.6,Chennai Super Kings,MS Dhoni,MEK Hussey,R Bhatia,1,0,,,,,,"",""
ball,2,10.1,Chennai Super Kings,MS Dhoni,MEK Hussey,L Balaji,1,0,,,,,,"",""
ball,2,10.2,Chennai Super Kings,MEK Hussey,MS Dhoni,L Balaji,1,0,,,,,,"",""
ball,2,10.3,Chennai Super Kings,MS Dhoni,MEK Hussey,L Balaji,1,0,,,,,,"",""
ball,2,10.4,Chennai Super Kings,MEK Hussey,MS Dhoni,L Balaji,0,0,,,,,,"",""
ball,2,10.5,Chennai Super Kings,MEK Hussey,MS Dhoni,L Balaji,1,0,,,,,,"",""
ball,2,10.6,Chennai Super Kings,MS Dhoni,MEK Hussey,L Balaji,1,0,,,,,,"",""
ball,2,11.1,Chennai Super Kings,MS Dhoni,MEK Hussey,JH Kallis,1,0,,,,,,"",""
ball,2,11.2,Chennai Super Kings,MEK Hussey,MS Dhoni,JH Kallis,0,0,,,,,,"",""
ball,2,11.3,Chennai Super Kings,MEK Hussey,MS Dhoni,JH Kallis,0,0,,,,,,run out,MS Dhoni
ball,2,11.4,Chennai Super Kings,MEK Hussey,S Badrinath,JH Kallis,1,0,,,,,,"",""
ball,2,11.5,Chennai Super Kings,S Badrinath,MEK Hussey,JH Kallis,0,0,,,,,,"",""
ball,2,11.6,Chennai Super Kings,S Badrinath,MEK Hussey,JH Kallis,1,0,,,,,,"",""
ball,2,12.1,Chennai Super Kings,S Badrinath,MEK Hussey,R Bhatia,0,0,,,,,,"",""
ball,2,12.2,Chennai Super Kings,S Badrinath,MEK Hussey,R Bhatia,1,0,,,,,,"",""
ball,2,12.3,Chennai Super Kings,MEK Hussey,S Badrinath,R Bhatia,1,0,,,,,,"",""
ball,2,12.4,Chennai Super Kings,S Badrinath,MEK Hussey,R Bhatia,1,0,,,,,,"",""
ball,2,12.5,Chennai Super Kings,MEK Hussey,S Badrinath,R Bhatia,0,0,,,,,,"",""
ball,2,12.6,Chennai Super Kings,MEK Hussey,S Badrinath,R Bhatia,1,0,,,,,,"",""
ball,2,13.1,Chennai Super Kings,MEK Hussey,S Badrinath,JH Kallis,2,0,,,,,,"",""
ball,2,13.2,Chennai Super Kings,MEK Hussey,S Badrinath,JH Kallis,1,0,,,,,,"",""
ball,2,13.3,Chennai Super Kings,S Badrinath,MEK Hussey,JH Kallis,0,0,,,,,,"",""
ball,2,13.4,Chennai Super Kings,S Badrinath,MEK Hussey,JH Kallis,1,0,,,,,,"",""
ball,2,13.5,Chennai Super Kings,MEK Hussey,S Badrinath,JH Kallis,0,1,,,,1,,"",""
ball,2,13.6,Chennai Super Kings,S Badrinath,MEK Hussey,JH Kallis,0,1,,,,1,,"",""
ball,2,14.1,Chennai Super Kings,S Badrinath,MEK Hussey,SP Narine,1,0,,,,,,"",""
ball,2,14.2,Chennai Super Kings,MEK Hussey,S Badrinath,SP Narine,1,0,,,,,,"",""
ball,2,14.3,Chennai Super Kings,S Badrinath,MEK Hussey,SP Narine,0,0,,,,,,"",""
ball,2,14.4,Chennai Super Kings,S Badrinath,MEK Hussey,SP Narine,1,0,,,,,,"",""
ball,2,14.5,Chennai Super Kings,MEK Hussey,S Badrinath,SP Narine,0,0,,,,,,"",""
ball,2,14.6,Chennai Super Kings,MEK Hussey,S Badrinath,SP Narine,1,0,,,,,,"",""
ball,2,15.1,Chennai Super Kings,MEK Hussey,S Badrinath,JH Kallis,1,0,,,,,,"",""
ball,2,15.2,Chennai Super Kings,S Badrinath,MEK Hussey,JH Kallis,0,0,,,,,,"",""
ball,2,15.3,Chennai Super Kings,S Badrinath,MEK Hussey,JH Kallis,0,0,,,,,,bowled,S Badrinath
ball,2,15.4,Chennai Super Kings,RA Jadeja,MEK Hussey,JH Kallis,1,0,,,,,,"",""
ball,2,15.5,Chennai Super Kings,MEK Hussey,RA Jadeja,JH Kallis,6,0,,,,,,"",""
ball,2,15.6,Chennai Super Kings,MEK Hussey,RA Jadeja,JH Kallis,2,0,,,,,,"",""
ball,2,16.1,Chennai Super Kings,RA Jadeja,MEK Hussey,L Balaji,6,0,,,,,,"",""
ball,2,16.2,Chennai Super Kings,RA Jadeja,MEK Hussey,L Balaji,1,0,,,,,,"",""
ball,2,16.3,Chennai Super Kings,MEK Hussey,RA Jadeja,L Balaji,0,1,,,,1,,"",""
ball,2,16.4,Chennai Super Kings,RA Jadeja,MEK Hussey,L Balaji,1,0,,,,,,"",""
ball,2,16.5,Chennai Super Kings,MEK Hussey,RA Jadeja,L Balaji,0,0,,,,,,caught,MEK Hussey
ball,2,16.6,Chennai Super Kings,RA Jadeja,DJ Bravo,L Balaji,4,0,,,,,,"",""
ball,2,17.1,Chennai Super Kings,DJ Bravo,RA Jadeja,SP Narine,1,0,,,,,,"",""
ball,2,17.2,Chennai Super Kings,RA Jadeja,DJ Bravo,SP Narine,6,0,,,,,,"",""
ball,2,17.3,Chennai Super Kings,RA Jadeja,DJ Bravo,SP Narine,0,0,,,,,,"",""
ball,2,17.4,Chennai Super Kings,RA Jadeja,DJ Bravo,SP Narine,0,1,,,,1,,"",""
ball,2,17.5,Chennai Super Kings,DJ Bravo,RA Jadeja,SP Narine,1,0,,,,,,"",""
ball,2,17.6,Chennai Super Kings,RA Jadeja,DJ Bravo,SP Narine,1,0,,,,,,"",""
ball,2,18.1,Chennai Super Kings,RA Jadeja,DJ Bravo,JH Kallis,4,0,,,,,,"",""
ball,2,18.2,Chennai Super Kings,RA Jadeja,DJ Bravo,JH Kallis,4,0,,,,,,"",""
ball,2,18.3,Chennai Super Kings,RA Jadeja,DJ Bravo,JH Kallis,1,0,,,,,,"",""
ball,2,18.4,Chennai Super Kings,DJ Bravo,RA Jadeja,JH Kallis,4,0,,,,,,"",""
ball,2,18.5,Chennai Super Kings,DJ Bravo,RA Jadeja,JH Kallis,1,0,,,,,,"",""
ball,2,18.6,Chennai Super Kings,RA Jadeja,DJ Bravo,JH Kallis,1,0,,,,,,"",""
ball,2,19.1,Chennai Super Kings,RA Jadeja,DJ Bravo,YK Pathan,6,0,,,,,,"",""
