version,1.6.0
info,balls_per_over,6
info,team,Chennai Super Kings
info,team,Sunrisers Hyderabad
info,gender,male
info,season,2013
info,date,2013/04/25
info,event,Indian Premier League
info,match_number,34
info,venue,"MA Chidambaram Stadium, Chepauk"
info,city,Chennai
info,toss_winner,Sunrisers Hyderabad
info,toss_decision,bat
info,player_of_match,MS Dhoni
info,umpire,Aleem Dar
info,umpire,S Das
info,reserve_umpire,K Srinivasan
info,tv_umpire,C Shamshuddin
info,match_referee,AJ Pycroft
info,winner,Chennai Super Kings
info,winner_wickets,5
info,player,Chennai Super Kings,MEK Hussey
info,player,Chennai Super Kings,M Vijay
info,player,Chennai Super Kings,SK Raina
info,player,Chennai Super Kings,MS Dhoni
info,player,Chennai Super Kings,DJ Bravo
info,player,Chennai Super Kings,RA Jadeja
info,player,Chennai Super Kings,CH Morris
info,player,Chennai Super Kings,S Badrinath
info,player,Chennai Super Kings,R Ashwin
info,player,Chennai Super Kings,JO Holder
info,player,Chennai Super Kings,MM Sharma
info,player,Sunrisers Hyderabad,Q de Kock
info,player,Sunrisers Hyderabad,S Dhawan
info,player,Sunrisers Hyderabad,GH Vihari
info,player,Sunrisers Hyderabad,CL White
info,player,Sunrisers Hyderabad,A Mishra
info,player,Sunrisers Hyderabad,X Thalaivan Sargunam
info,player,Sunrisers Hyderabad,DJG Sammy
info,player,Sunrisers Hyderabad,A Ashish Reddy
info,player,Sunrisers Hyderabad,KV Sharma
info,player,Sunrisers Hyderabad,DW Steyn
info,player,Sunrisers Hyderabad,I Sharma
info,registry,people,A Ashish Reddy,1c2a64cd
info,registry,people,A Mishra,6b19d823
info,registry,people,AJ Pycroft,685d3f80
info,registry,people,Aleem Dar,f02778d1
info,registry,people,C Shamshuddin,0f9d921b
info,registry,people,CH Morris,fb66ce1f
info,registry,people,CL White,d0513f63
info,registry,people,DJ Bravo,87e562a9
info,registry,people,DJG Sammy,c03c6200
info,registry,people,DW Steyn,8fd1a8f5
info,registry,people,GH Vihari,94253925
info,registry,people,I Sharma,5bb1a1c4
info,registry,people,JO Holder,0f721006
info,registry,people,K Srinivasan,042a8b69
info,registry,people,KV Sharma,119678fd
info,registry,people,M Vijay,4b57e452
info,registry,people,MEK Hussey,48fd7349
info,registry,people,MM Sharma,759ac88f
info,registry,people,MS Dhoni,4a8a2e3b
info,registry,people,Q de Kock,372455c4
info,registry,people,R Ashwin,495d42a5
info,registry,people,RA Jadeja,fe93fd9d
info,registry,people,S Badrinath,3576e47e
info,registry,people,S Das,475e38b6
info,registry,people,S Dhawan,0a476045
info,registry,people,SK Raina,1dc12ab9
info,registry,people,X Thalaivan Sargunam,1763bc6c
ball,1,0.1,Sunrisers Hyderabad,Q de Kock,S Dhawan,MM Sharma,0,0,,,,,,"",""
ball,1,0.2,Sunrisers Hyderabad,Q de Kock,S Dhawan,MM Sharma,4,0,,,,,,"",""
ball,1,0.3,Sunrisers Hyderabad,Q de Kock,S Dhawan,MM Sharma,0,0,,,,,,caught,Q de Kock
ball,1,0.4,Sunrisers Hyderabad,GH Vihari,S Dhawan,MM Sharma,0,0,,,,,,"",""
ball,1,0.5,Sunrisers Hyderabad,GH Vihari,S Dhawan,MM Sharma,1,0,,,,,,"",""
ball,1,0.6,Sunrisers Hyderabad,S Dhawan,GH Vihari,MM Sharma,1,0,,,,,,"",""
ball,1,1.1,Sunrisers Hyderabad,S Dhawan,GH Vihari,JO Holder,0,1,1,,,,,"",""
ball,1,1.2,Sunrisers Hyderabad,S Dhawan,GH Vihari,JO Holder,0,0,,,,,,"",""
ball,1,1.3,Sunrisers Hyderabad,S Dhawan,GH Vihari,JO Holder,0,1,1,,,,,"",""
ball,1,1.4,Sunrisers Hyderabad,S Dhawan,GH Vihari,JO Holder,1,0,,,,,,"",""
ball,1,1.5,Sunrisers Hyderabad,GH Vihari,S Dhawan,JO Holder,1,0,,,,,,"",""
ball,1,1.6,Sunrisers Hyderabad,S Dhawan,GH Vihari,JO Holder,0,0,,,,,,"",""
ball,1,1.7,Sunrisers Hyderabad,S Dhawan,GH Vihari,JO Holder,2,0,,,,,,"",""
ball,1,1.8,Sunrisers Hyderabad,S Dhawan,GH Vihari,JO Holder,0,0,,,,,,run out,GH Vihari
ball,1,2.1,Sunrisers Hyderabad,S Dhawan,CL White,MM Sharma,0,0,,,,,,"",""
ball,1,2.2,Sunrisers Hyderabad,S Dhawan,CL White,MM Sharma,0,0,,,,,,"",""
ball,1,2.3,Sunrisers Hyderabad,S Dhawan,CL White,MM Sharma,0,0,,,,,,"",""
ball,1,2.4,Sunrisers Hyderabad,S Dhawan,CL White,MM Sharma,0,0,,,,,,"",""
ball,1,2.5,Sunrisers Hyderabad,S Dhawan,CL White,MM Sharma,1,0,,,,,,"",""
ball,1,2.6,Sunrisers Hyderabad,CL White,S Dhawan,MM Sharma,0,0,,,,,,"",""
ball,1,3.1,Sunrisers Hyderabad,S Dhawan,CL White,JO Holder,0,4,,,,4,,"",""
ball,1,3.2,Sunrisers Hyderabad,S Dhawan,CL White,JO Holder,4,0,,,,,,"",""
ball,1,3.3,Sunrisers Hyderabad,S Dhawan,CL White,JO Holder,0,0,,,,,,"",""
ball,1,3.4,Sunrisers Hyderabad,S Dhawan,CL White,JO Holder,4,0,,,,,,"",""
ball,1,3.5,Sunrisers Hyderabad,S Dhawan,CL White,JO Holder,1,0,,,,,,"",""
ball,1,3.6,Sunrisers Hyderabad,CL White,S Dhawan,JO Holder,2,0,,,,,,"",""
ball,1,4.1,Sunrisers Hyderabad,S Dhawan,CL White,MM Sharma,4,0,,,,,,"",""
ball,1,4.2,Sunrisers Hyderabad,S Dhawan,CL White,MM Sharma,0,0,,,,,,"",""
ball,1,4.3,Sunrisers Hyderabad,S Dhawan,CL White,MM Sharma,4,0,,,,,,"",""
ball,1,4.4,Sunrisers Hyderabad,S Dhawan,CL White,MM Sharma,1,0,,,,,,"",""
ball,1,4.5,Sunrisers Hyderabad,CL White,S Dhawan,MM Sharma,0,0,,,,,,caught,CL White
ball,1,4.6,Sunrisers Hyderabad,A Mishra,S Dhawan,MM Sharma,0,0,,,,,,"",""
ball,1,5.1,Sunrisers Hyderabad,S Dhawan,A Mishra,R Ashwin,1,0,,,,,,"",""
ball,1,5.2,Sunrisers Hyderabad,A Mishra,S Dhawan,R Ashwin,0,0,,,,,,"",""
ball,1,5.3,Sunrisers Hyderabad,A Mishra,S Dhawan,R Ashwin,0,0,,,,,,"",""
ball,1,5.4,Sunrisers Hyderabad,A Mishra,S Dhawan,R Ashwin,1,0,,,,,,"",""
ball,1,5.5,Sunrisers Hyderabad,S Dhawan,A Mishra,R Ashwin,1,0,,,,,,"",""
ball,1,5.6,Sunrisers Hyderabad,A Mishra,S Dhawan,R Ashwin,0,0,,,,,,"",""
ball,1,6.1,Sunrisers Hyderabad,S Dhawan,A Mishra,JO Holder,1,0,,,,,,"",""
ball,1,6.2,Sunrisers Hyderabad,A Mishra,S Dhawan,JO Holder,0,0,,,,,,"",""
ball,1,6.3,Sunrisers Hyderabad,A Mishra,S Dhawan,JO Holder,0,0,,,,,,"",""
ball,1,6.4,Sunrisers Hyderabad,A Mishra,S Dhawan,JO Holder,0,0,,,,,,"",""
ball,1,6.5,Sunrisers Hyderabad,A Mishra,S Dhawan,JO Holder,4,0,,,,,,"",""
ball,1,6.6,Sunrisers Hyderabad,A Mishra,S Dhawan,JO Holder,4,0,,,,,,"",""
ball,1,7.1,Sunrisers Hyderabad,S Dhawan,A Mishra,R Ashwin,1,0,,,,,,"",""
ball,1,7.2,Sunrisers Hyderabad,A Mishra,S Dhawan,R Ashwin,1,0,,,,,,"",""
ball,1,7.3,Sunrisers Hyderabad,S Dhawan,A Mishra,R Ashwin,1,0,,,,,,"",""
ball,1,7.4,Sunrisers Hyderabad,A Mishra,S Dhawan,R Ashwin,0,0,,,,,,"",""
ball,1,7.5,Sunrisers Hyderabad,A Mishra,S Dhawan,R Ashwin,1,0,,,,,,"",""
ball,1,7.6,Sunrisers Hyderabad,S Dhawan,A Mishra,R Ashwin,0,0,,,,,,"",""
ball,1,8.1,Sunrisers Hyderabad,A Mishra,S Dhawan,CH Morris,0,0,,,,,,"",""
ball,1,8.2,Sunrisers Hyderabad,A Mishra,S Dhawan,CH Morris,1,0,,,,,,"",""
ball,1,8.3,Sunrisers Hyderabad,S Dhawan,A Mishra,CH Morris,1,0,,,,,,"",""
ball,1,8.4,Sunrisers Hyderabad,A Mishra,S Dhawan,CH Morris,0,0,,,,,,"",""
ball,1,8.5,Sunrisers Hyderabad,A Mishra,S Dhawan,CH Morris,0,0,,,,,,"",""
ball,1,8.6,Sunrisers Hyderabad,A Mishra,S Dhawan,CH Morris,2,0,,,,,,"",""
ball,1,9.1,Sunrisers Hyderabad,S Dhawan,A Mishra,R Ashwin,0,1,,,,1,,"",""
ball,1,9.2,Sunrisers Hyderabad,A Mishra,S Dhawan,R Ashwin,0,0,,,,,,"",""
ball,1,9.3,Sunrisers Hyderabad,A Mishra,S Dhawan,R Ashwin,1,0,,,,,,"",""
ball,1,9.4,Sunrisers Hyderabad,S Dhawan,A Mishra,R Ashwin,0,1,1,,,,,"",""
ball,1,9.5,Sunrisers Hyderabad,S Dhawan,A Mishra,R Ashwin,1,0,,,,,,"",""
ball,1,9.6,Sunrisers Hyderabad,A Mishra,S Dhawan,R Ashwin,0,0,,,,,,caught,A Mishra
ball,1,9.7,Sunrisers Hyderabad,S Dhawan,X Thalaivan Sargunam,R Ashwin,1,0,,,,,,"",""
ball,1,10.1,Sunrisers Hyderabad,S Dhawan,X Thalaivan Sargunam,CH Morris,1,0,,,,,,"",""
ball,1,10.2,Sunrisers Hyderabad,X Thalaivan Sargunam,S Dhawan,CH Morris,0,0,,,,,,"",""
ball,1,10.3,Sunrisers Hyderabad,X Thalaivan Sargunam,S Dhawan,CH Morris,2,0,,,,,,"",""
ball,1,10.4,Sunrisers Hyderabad,X Thalaivan Sargunam,S Dhawan,CH Morris,0,0,,,,,,"",""
ball,1,10.5,Sunrisers Hyderabad,X Thalaivan Sargunam,S Dhawan,CH Morris,1,0,,,,,,"",""
ball,1,10.6,Sunrisers Hyderabad,S Dhawan,X Thalaivan Sargunam,CH Morris,1,0,,,,,,"",""
ball,1,11.1,Sunrisers Hyderabad,S Dhawan,X Thalaivan Sargunam,R Ashwin,4,0,,,,,,"",""
ball,1,11.2,Sunrisers Hyderabad,S Dhawan,X Thalaivan Sargunam,R Ashwin,1,0,,,,,,"",""
ball,1,11.3,Sunrisers Hyderabad,X Thalaivan Sargunam,S Dhawan,R Ashwin,0,0,,,,,,"",""
ball,1,11.4,Sunrisers Hyderabad,X Thalaivan Sargunam,S Dhawan,R Ashwin,0,0,,,,,,"",""
ball,1,11.5,Sunrisers Hyderabad,X Thalaivan Sargunam,S Dhawan,R Ashwin,1,0,,,,,,"",""
ball,1,11.6,Sunrisers Hyderabad,S Dhawan,X Thalaivan Sargunam,R Ashwin,4,0,,,,,,"",""
ball,1,12.1,Sunrisers Hyderabad,X Thalaivan Sargunam,S Dhawan,JO Holder,1,0,,,,,,"",""
ball,1,12.2,Sunrisers Hyderabad,S Dhawan,X Thalaivan Sargunam,JO Holder,1,0,,,,,,"",""
ball,1,12.3,Sunrisers Hyderabad,X Thalaivan Sargunam,S Dhawan,JO Holder,0,0,,,,,,"",""
ball,1,12.4,Sunrisers Hyderabad,X Thalaivan Sargunam,S Dhawan,JO Holder,1,0,,,,,,"",""
ball,1,12.5,Sunrisers Hyderabad,S Dhawan,X Thalaivan Sargunam,JO Holder,1,0,,,,,,"",""
ball,1,12.6,Sunrisers Hyderabad,X Thalaivan Sargunam,S Dhawan,JO Holder,1,0,,,,,,"",""
ball,1,13.1,Sunrisers Hyderabad,X Thalaivan Sargunam,S Dhawan,DJ Bravo,0,0,,,,,,"",""
ball,1,13.2,Sunrisers Hyderabad,X Thalaivan Sargunam,S Dhawan,DJ Bravo,1,0,,,,,,"",""
ball,1,13.3,Sunrisers Hyderabad,S Dhawan,X Thalaivan Sargunam,DJ Bravo,0,0,,,,,,"",""
ball,1,13.4,Sunrisers Hyderabad,DJG Sammy,X Thalaivan Sargunam,DJ Bravo,4,0,,,,,,"",""
ball,1,13.5,Sunrisers Hyderabad,DJG Sammy,X Thalaivan Sargunam,DJ Bravo,1,0,,,,,,"",""
ball,1,13.6,Sunrisers Hyderabad,X Thalaivan Sargunam,DJG Sammy,DJ Bravo,0,0,,,,,,"",""
ball,1,14.1,Sunrisers Hyderabad,DJG Sammy,X Thalaivan Sargunam,RA Jadeja,0,0,,,,,,"",""
ball,1,14.2,Sunrisers Hyderabad,DJG Sammy,X Thalaivan Sargunam,RA Jadeja,6,0,,,,,,"",""
ball,1,14.3,Sunrisers Hyderabad,DJG Sammy,X Thalaivan Sargunam,RA Jadeja,0,0,,,,,,"",""
ball,1,14.4,Sunrisers Hyderabad,DJG Sammy,X Thalaivan Sargunam,RA Jadeja,0,0,,,,,,"",""
ball,1,14.5,Sunrisers Hyderabad,DJG Sammy,X Thalaivan Sargunam,RA Jadeja,2,0,,,,,,"",""
ball,1,14.6,Sunrisers Hyderabad,DJG Sammy,X Thalaivan Sargunam,RA Jadeja,0,0,,,,,,"",""
ball,1,15.1,Sunrisers Hyderabad,X Thalaivan Sargunam,DJG Sammy,DJ Bravo,2,0,,,,,,"",""
ball,1,15.2,Sunrisers Hyderabad,X Thalaivan Sargunam,DJG Sammy,DJ Bravo,0,0,,,,,,"",""
ball,1,15.3,Sunrisers Hyderabad,X Thalaivan Sargunam,DJG Sammy,DJ Bravo,0,0,,,,,,caught and bowled,X Thalaivan Sargunam
ball,1,15.4,Sunrisers Hyderabad,DJG Sammy,A Ashish Reddy,DJ Bravo,1,0,,,,,,"",""
ball,1,15.5,Sunrisers Hyderabad,A Ashish Reddy,DJG Sammy,DJ Bravo,0,0,,,,,,"",""
ball,1,15.6,Sunrisers Hyderabad,A Ashish Reddy,DJG Sammy,DJ Bravo,1,0,,,,,,"",""
ball,1,16.1,Sunrisers Hyderabad,A Ashish Reddy,DJG Sammy,CH Morris,1,0,,,,,,"",""
ball,1,16.2,Sunrisers Hyderabad,DJG Sammy,A Ashish Reddy,CH Morris,4,0,,,,,,"",""
ball,1,16.3,Sunrisers Hyderabad,DJG Sammy,A Ashish Reddy,CH Morris,1,0,,,,,,"",""
ball,1,16.4,Sunrisers Hyderabad,A Ashish Reddy,DJG Sammy,CH Morris,6,0,,,,,,"",""
ball,1,16.5,Sunrisers Hyderabad,A Ashish Reddy,DJG Sammy,CH Morris,0,0,,,,,,"",""
ball,1,16.6,Sunrisers Hyderabad,A Ashish Reddy,DJG Sammy,CH Morris,3,0,,,,,,"",""
ball,1,17.1,Sunrisers Hyderabad,A Ashish Reddy,DJG Sammy,DJ Bravo,1,0,,,,,,"",""
ball,1,17.2,Sunrisers Hyderabad,DJG Sammy,A Ashish Reddy,DJ Bravo,0,0,,,,,,caught,DJG Sammy
ball,1,17.3,Sunrisers Hyderabad,S Dhawan,A Ashish Reddy,DJ Bravo,1,0,,,,,,"",""
ball,1,17.4,Sunrisers Hyderabad,A Ashish Reddy,S Dhawan,DJ Bravo,1,0,,,,,,"",""
ball,1,17.5,Sunrisers Hyderabad,S Dhawan,A Ashish Reddy,DJ Bravo,4,0,,,,,,"",""
ball,1,17.6,Sunrisers Hyderabad,S Dhawan,A Ashish Reddy,DJ Bravo,4,0,,,,,,"",""
ball,1,18.1,Sunrisers Hyderabad,A Ashish Reddy,S Dhawan,MM Sharma,6,0,,,,,,"",""
ball,1,18.2,Sunrisers Hyderabad,A Ashish Reddy,S Dhawan,MM Sharma,1,0,,,,,,"",""
ball,1,18.3,Sunrisers Hyderabad,S Dhawan,A Ashish Reddy,MM Sharma,0,0,,,,,,"",""
ball,1,18.4,Sunrisers Hyderabad,S Dhawan,A Ashish Reddy,MM Sharma,2,0,,,,,,"",""
ball,1,18.5,Sunrisers Hyderabad,S Dhawan,A Ashish Reddy,MM Sharma,4,0,,,,,,"",""
ball,1,18.6,Sunrisers Hyderabad,S Dhawan,A Ashish Reddy,MM Sharma,4,0,,,,,,"",""
ball,1,19.1,Sunrisers Hyderabad,A Ashish Reddy,S Dhawan,DJ Bravo,2,0,,,,,,"",""
ball,1,19.2,Sunrisers Hyderabad,A Ashish Reddy,S Dhawan,DJ Bravo,4,0,,,,,,"",""
ball,1,19.3,Sunrisers Hyderabad,A Ashish Reddy,S Dhawan,DJ Bravo,0,0,,,,,,"",""
ball,1,19.4,Sunrisers Hyderabad,A Ashish Reddy,S Dhawan,DJ Bravo,6,0,,,,,,"",""
ball,1,19.5,Sunrisers Hyderabad,A Ashish Reddy,S Dhawan,DJ Bravo,4,0,,,,,,"",""
ball,1,19.6,Sunrisers Hyderabad,A Ashish Reddy,S Dhawan,DJ Bravo,0,0,,,,,,"",""
ball,2,0.1,Chennai Super Kings,MEK Hussey,M Vijay,DJG Sammy,0,0,,,,,,"",""
ball,2,0.2,Chennai Super Kings,MEK Hussey,M Vijay,DJG Sammy,1,0,,,,,,"",""
ball,2,0.3,Chennai Super Kings,M Vijay,MEK Hussey,DJG Sammy,0,0,,,,,,"",""
ball,2,0.4,Chennai Super Kings,M Vijay,MEK Hussey,DJG Sammy,1,0,,,,,,"",""
ball,2,0.5,Chennai Super Kings,MEK Hussey,M Vijay,DJG Sammy,1,0,,,,,,"",""
ball,2,0.6,Chennai Super Kings,M Vijay,MEK Hussey,DJG Sammy,1,0,,,,,,"",""
ball,2,1.1,Chennai Super Kings,M Vijay,MEK Hussey,I Sharma,0,0,,,,,,"",""
ball,2,1.2,Chennai Super Kings,M Vijay,MEK Hussey,I Sharma,0,1,1,,,,,"",""
ball,2,1.3,Chennai Super Kings,M Vijay,MEK Hussey,I Sharma,4,0,,,,,,"",""
ball,2,1.4,Chennai Super Kings,M Vijay,MEK Hussey,I Sharma,0,0,,,,,,"",""
ball,2,1.5,Chennai Super Kings,M Vijay,MEK Hussey,I Sharma,3,0,,,,,,"",""
ball,2,1.6,Chennai Super Kings,MEK Hussey,M Vijay,I Sharma,4,0,,,,,,"",""
ball,2,1.7,Chennai Super Kings,MEK Hussey,M Vijay,I Sharma,1,0,,,,,,"",""
ball,2,2.1,Chennai Super Kings,MEK Hussey,M Vijay,DW Steyn,0,1,1,,,,,"",""
ball,2,2.2,Chennai Super Kings,MEK Hussey,M Vijay,DW Steyn,4,0,,,,,,"",""
ball,2,2.3,Chennai Super Kings,MEK Hussey,M Vijay,DW Steyn,1,0,,,,,,"",""
ball,2,2.4,Chennai Super Kings,M Vijay,MEK Hussey,DW Steyn,0,0,,,,,,"",""
ball,2,2.5,Chennai Super Kings,M Vijay,MEK Hussey,DW Steyn,0,0,,,,,,"",""
ball,2,2.6,Chennai Super Kings,M Vijay,MEK Hussey,DW Steyn,4,0,,,,,,"",""
ball,2,2.7,Chennai Super Kings,M Vijay,MEK Hussey,DW Steyn,0,0,,,,,,"",""
ball,2,3.1,Chennai Super Kings,MEK Hussey,M Vijay,DJG Sammy,6,0,,,,,,"",""
ball,2,3.2,Chennai Super Kings,MEK Hussey,M Vijay,DJG Sammy,1,0,,,,,,"",""
ball,2,3.3,Chennai Super Kings,M Vijay,MEK Hussey,DJG Sammy,0,0,,,,,,"",""
ball,2,3.4,Chennai Super Kings,M Vijay,MEK Hussey,DJG Sammy,1,0,,,,,,"",""
ball,2,3.5,Chennai Super Kings,MEK Hussey,M Vijay,DJG Sammy,0,1,1,,,,,"",""
ball,2,3.6,Chennai Super Kings,MEK Hussey,M Vijay,DJG Sammy,2,0,,,,,,"",""
ball,2,3.7,Chennai Super Kings,MEK Hussey,M Vijay,DJG Sammy,4,0,,,,,,"",""
ball,2,4.1,Chennai Super Kings,M Vijay,MEK Hussey,KV Sharma,0,0,,,,,,"",""
ball,2,4.2,Chennai Super Kings,M Vijay,MEK Hussey,KV Sharma,0,0,,,,,,"",""
ball,2,4.3,Chennai Super Kings,M Vijay,MEK Hussey,KV Sharma,1,0,,,,,,"",""
ball,2,4.4,Chennai Super Kings,MEK Hussey,M Vijay,KV Sharma,1,0,,,,,,"",""
ball,2,4.5,Chennai Super Kings,M Vijay,MEK Hussey,KV Sharma,1,0,,,,,,"",""
ball,2,4.6,Chennai Super Kings,MEK Hussey,M Vijay,KV Sharma,1,0,,,,,,"",""
ball,2,5.1,Chennai Super Kings,MEK Hussey,M Vijay,A Mishra,0,0,,,,,,"",""
ball,2,5.2,Chennai Super Kings,MEK Hussey,M Vijay,A Mishra,6,0,,,,,,"",""
ball,2,5.3,Chennai Super Kings,MEK Hussey,M Vijay,A Mishra,1,0,,,,,,"",""
ball,2,5.4,Chennai Super Kings,M Vijay,MEK Hussey,A Mishra,1,0,,,,,,"",""
ball,2,5.5,Chennai Super Kings,MEK Hussey,M Vijay,A Mishra,4,0,,,,,,"",""
ball,2,5.6,Chennai Super Kings,MEK Hussey,M Vijay,A Mishra,0,0,,,,,,"",""
ball,2,6.1,Chennai Super Kings,M Vijay,MEK Hussey,KV Sharma,0,0,,,,,,"",""
ball,2,6.2,Chennai Super Kings,M Vijay,MEK Hussey,KV Sharma,0,0,,,,,,"",""
ball,2,6.3,Chennai Super Kings,M Vijay,MEK Hussey,KV Sharma,1,0,,,,,,"",""
ball,2,6.4,Chennai Super Kings,MEK Hussey,M Vijay,KV Sharma,0,0,,,,,,"",""
ball,2,6.5,Chennai Super Kings,MEK Hussey,M Vijay,KV Sharma,0,0,,,,,,"",""
ball,2,6.6,Chennai Super Kings,MEK Hussey,M Vijay,KV Sharma,1,0,,,,,,"",""
ball,2,7.1,Chennai Super Kings,MEK Hussey,M Vijay,A Mishra,4,0,,,,,,"",""
ball,2,7.2,Chennai Super Kings,MEK Hussey,M Vijay,A Mishra,1,0,,,,,,"",""
ball,2,7.3,Chennai Super Kings,M Vijay,MEK Hussey,A Mishra,0,0,,,,,,stumped,M Vijay
ball,2,7.4,Chennai Super Kings,SK Raina,MEK Hussey,A Mishra,2,0,,,,,,"",""
ball,2,7.5,Chennai Super Kings,SK Raina,MEK Hussey,A Mishra,1,0,,,,,,"",""
ball,2,7.6,Chennai Super Kings,MEK Hussey,SK Raina,A Mishra,0,0,,,,,,"",""
ball,2,8.1,Chennai Super Kings,SK Raina,MEK Hussey,I Sharma,1,0,,,,,,"",""
ball,2,8.2,Chennai Super Kings,MEK Hussey,SK Raina,I Sharma,1,0,,,,,,"",""
ball,2,8.3,Chennai Super Kings,SK Raina,MEK Hussey,I Sharma,2,0,,,,,,"",""
ball,2,8.4,Chennai Super Kings,SK Raina,MEK Hussey,I Sharma,2,0,,,,,,"",""
ball,2,8.5,Chennai Super Kings,SK Raina,MEK Hussey,I Sharma,0,0,,,,,,"",""
ball,2,8.6,Chennai Super Kings,SK Raina,MEK Hussey,I Sharma,0,1,,,,1,,"",""
ball,2,9.1,Chennai Super Kings,SK Raina,MEK Hussey,A Mishra,1,0,,,,,,"",""
ball,2,9.2,Chennai Super Kings,MEK Hussey,SK Raina,A Mishra,0,0,,,,,,caught,MEK Hussey
ball,2,9.3,Chennai Super Kings,MS Dhoni,SK Raina,A Mishra,0,0,,,,,,"",""
ball,2,9.4,Chennai Super Kings,MS Dhoni,SK Raina,A Mishra,0,0,,,,,,"",""
ball,2,9.5,Chennai Super Kings,MS Dhoni,SK Raina,A Mishra,0,0,,,,,,"",""
ball,2,9.6,Chennai Super Kings,MS Dhoni,SK Raina,A Mishra,0,0,,,,,,"",""
ball,2,10.1,Chennai Super Kings,SK Raina,MS Dhoni,DW Steyn,4,0,,,,,,"",""
ball,2,10.2,Chennai Super Kings,SK Raina,MS Dhoni,DW Steyn,1,0,,,,,,"",""
ball,2,10.3,Chennai Super Kings,MS Dhoni,SK Raina,DW Steyn,0,0,,,,,,"",""
ball,2,10.4,Chennai Super Kings,MS Dhoni,SK Raina,DW Steyn,0,0,,,,,,"",""
ball,2,10.5,Chennai Super Kings,MS Dhoni,SK Raina,DW Steyn,2,0,,,,,,"",""
ball,2,10.6,Chennai Super Kings,MS Dhoni,SK Raina,DW Steyn,1,0,,,,,,"",""
ball,2,11.1,Chennai Super Kings,MS Dhoni,SK Raina,KV Sharma,0,0,,,,,,"",""
ball,2,11.2,Chennai Super Kings,MS Dhoni,SK Raina,KV Sharma,0,0,,,,,,"",""
ball,2,11.3,Chennai Super Kings,MS Dhoni,SK Raina,KV Sharma,1,0,,,,,,"",""
ball,2,11.4,Chennai Super Kings,SK Raina,MS Dhoni,KV Sharma,1,0,,,,,,"",""
ball,2,11.5,Chennai Super Kings,MS Dhoni,SK Raina,KV Sharma,0,0,,,,,,"",""
ball,2,11.6,Chennai Super Kings,MS Dhoni,SK Raina,KV Sharma,0,0,,,,,,"",""
ball,2,12.1,Chennai Super Kings,SK Raina,MS Dhoni,DJG Sammy,1,0,,,,,,"",""
ball,2,12.2,Chennai Super Kings,MS Dhoni,SK Raina,DJG Sammy,4,0,,,,,,"",""
ball,2,12.3,Chennai Super Kings,MS Dhoni,SK Raina,DJG Sammy,2,0,,,,,,"",""
ball,2,12.4,Chennai Super Kings,MS Dhoni,SK Raina,DJG Sammy,0,0,,,,,,"",""
ball,2,12.5,Chennai Super Kings,MS Dhoni,SK Raina,DJG Sammy,4,0,,,,,,"",""
ball,2,12.6,Chennai Super Kings,MS Dhoni,SK Raina,DJG Sammy,1,0,,,,,,"",""
ball,2,13.1,Chennai Super Kings,MS Dhoni,SK Raina,A Mishra,1,0,,,,,,"",""
ball,2,13.2,Chennai Super Kings,SK Raina,MS Dhoni,A Mishra,0,0,,,,,,caught,SK Raina
ball,2,13.3,Chennai Super Kings,DJ Bravo,MS Dhoni,A Mishra,0,0,,,,,,"",""
ball,2,13.4,Chennai Super Kings,DJ Bravo,MS Dhoni,A Mishra,2,0,,,,,,"",""
ball,2,13.5,Chennai Super Kings,DJ Bravo,MS Dhoni,A Mishra,1,0,,,,,,"",""
ball,2,13.6,Chennai Super Kings,MS Dhoni,DJ Bravo,A Mishra,1,0,,,,,,"",""
ball,2,14.1,Chennai Super Kings,MS Dhoni,DJ Bravo,I Sharma,0,1,,1,,,,"",""
ball,2,14.2,Chennai Super Kings,MS Dhoni,DJ Bravo,I Sharma,0,0,,,,,,"",""
ball,2,14.3,Chennai Super Kings,MS Dhoni,DJ Bravo,I Sharma,4,0,,,,,,"",""
ball,2,14.4,Chennai Super Kings,MS Dhoni,DJ Bravo,I Sharma,4,0,,,,,,"",""
ball,2,14.5,Chennai Super Kings,MS Dhoni,DJ Bravo,I Sharma,1,0,,,,,,"",""
ball,2,14.6,Chennai Super Kings,DJ Bravo,MS Dhoni,I Sharma,0,0,,,,,,"",""
ball,2,14.7,Chennai Super Kings,DJ Bravo,MS Dhoni,I Sharma,1,0,,,,,,"",""
ball,2,15.1,Chennai Super Kings,DJ Bravo,MS Dhoni,KV Sharma,0,0,,,,,,"",""
ball,2,15.2,Chennai Super Kings,DJ Bravo,MS Dhoni,KV Sharma,0,0,,,,,,"",""
ball,2,15.3,Chennai Super Kings,DJ Bravo,MS Dhoni,KV Sharma,0,0,,,,,,"",""
ball,2,15.4,Chennai Super Kings,DJ Bravo,MS Dhoni,KV Sharma,0,0,,,,,,"",""
ball,2,15.5,Chennai Super Kings,DJ Bravo,MS Dhoni,KV Sharma,0,0,,,,,,"",""
ball,2,15.6,Chennai Super Kings,DJ Bravo,MS Dhoni,KV Sharma,0,0,,,,,,"",""
ball,2,16.1,Chennai Super Kings,MS Dhoni,DJ Bravo,DW Steyn,6,0,,,,,,"",""
ball,2,16.2,Chennai Super Kings,MS Dhoni,DJ Bravo,DW Steyn,6,0,,,,,,"",""
ball,2,16.3,Chennai Super Kings,MS Dhoni,DJ Bravo,DW Steyn,1,0,,,,,,"",""
ball,2,16.4,Chennai Super Kings,DJ Bravo,MS Dhoni,DW Steyn,0,0,,,,,,"",""
ball,2,16.5,Chennai Super Kings,DJ Bravo,MS Dhoni,DW Steyn,0,0,,,,,,"",""
ball,2,16.6,Chennai Super Kings,DJ Bravo,MS Dhoni,DW Steyn,1,0,,,,,,"",""
ball,2,17.1,Chennai Super Kings,DJ Bravo,MS Dhoni,I Sharma,2,0,,,,,,"",""
ball,2,17.2,Chennai Super Kings,DJ Bravo,MS Dhoni,I Sharma,0,0,,,,,,caught,DJ Bravo
ball,2,17.3,Chennai Super Kings,RA Jadeja,MS Dhoni,I Sharma,0,0,,,,,,"",""
ball,2,17.4,Chennai Super Kings,RA Jadeja,MS Dhoni,I Sharma,1,0,,,,,,"",""
ball,2,17.5,Chennai Super Kings,MS Dhoni,RA Jadeja,I Sharma,1,0,,,,,,"",""
ball,2,17.6,Chennai Super Kings,RA Jadeja,MS Dhoni,I Sharma,0,0,,,,,,"",""
ball,2,18.1,Chennai Super Kings,MS Dhoni,RA Jadeja,DW Steyn,2,0,,,,,,"",""
ball,2,18.2,Chennai Super Kings,MS Dhoni,RA Jadeja,DW Steyn,4,0,,,,,,"",""
ball,2,18.3,Chennai Super Kings,MS Dhoni,RA Jadeja,DW Steyn,6,0,,,,,,"",""
ball,2,18.4,Chennai Super Kings,MS Dhoni,RA Jadeja,DW Steyn,1,0,,,,,,"",""
ball,2,18.5,Chennai Super Kings,RA Jadeja,MS Dhoni,DW Steyn,0,0,,,,,,caught,RA Jadeja
ball,2,18.6,Chennai Super Kings,CH Morris,MS Dhoni,DW Steyn,0,0,,,,,,"",""
ball,2,19.1,Chennai Super Kings,MS Dhoni,CH Morris,A Ashish Reddy,0,1,1,,,,,"",""
ball,2,19.2,Chennai Super Kings,MS Dhoni,CH Morris,A Ashish Reddy,0,0,,,,,,"",""
ball,2,19.3,Chennai Super Kings,MS Dhoni,CH Morris,A Ashish Reddy,6,0,,,,,,"",""
ball,2,19.4,Chennai Super Kings,MS Dhoni,CH Morris,A Ashish Reddy,4,0,,,,,,"",""
ball,2,19.5,Chennai Super Kings,MS Dhoni,CH Morris,A Ashish Reddy,4,0,,,,,,"",""
