version,1.6.0
info,balls_per_over,6
info,team,Chennai Super Kings
info,team,Mumbai Indians
info,gender,male
info,season,2014
info,date,2014/04/25
info,event,Indian Premier League
info,match_number,13
info,venue,Dubai International Cricket Stadium
info,city,
info,neutralvenue,true
info,toss_winner,Mumbai Indians
info,toss_decision,bat
info,player_of_match,MM Sharma
info,umpire,BF Bowden
info,umpire,M Erasmus
info,reserve_umpire,K Srinivasan
info,tv_umpire,S Ravi
info,match_referee,GF Labrooy
info,winner,Chennai Super Kings
info,winner_wickets,7
info,player,Chennai Super Kings,DR Smith
info,player,Chennai Super Kings,BB McCullum
info,player,Chennai Super Kings,SK Raina
info,player,Chennai Super Kings,F du Plessis
info,player,Chennai Super Kings,MS Dhoni
info,player,Chennai Super Kings,M Manhas
info,player,Chennai Super Kings,RA Jadeja
info,player,Chennai Super Kings,R Ashwin
info,player,Chennai Super Kings,BW Hilfenhaus
info,player,Chennai Super Kings,IC Pandey
info,player,Chennai Super Kings,MM Sharma
info,player,Mumbai Indians,MEK Hussey
info,player,Mumbai Indians,AP Tare
info,player,Mumbai Indians,CJ Anderson
info,player,Mumbai Indians,RG Sharma
info,player,Mumbai Indians,KA Pollard
info,player,Mumbai Indians,AT Rayudu
info,player,Mumbai Indians,CM Gautam
info,player,Mumbai Indians,Harbhajan Singh
info,player,Mumbai Indians,Z Khan
info,player,Mumbai Indians,PP Ojha
info,player,Mumbai Indians,SL Malinga
info,registry,people,AP Tare,855a210c
info,registry,people,AT Rayudu,70d205c9
info,registry,people,BB McCullum,b8a55852
info,registry,people,BF Bowden,efc0a862
info,registry,people,BW Hilfenhaus,f3171936
info,registry,people,CJ Anderson,8abdf100
info,registry,people,CM Gautam,30a2649b
info,registry,people,DR Smith,35205dfc
info,registry,people,F du Plessis,3355b542
info,registry,people,GF Labrooy,8e088dbc
info,registry,people,Harbhajan Singh,8b5b6769
info,registry,people,IC Pandey,e0407c01
info,registry,people,K Srinivasan,042a8b69
info,registry,people,KA Pollard,a757b0d8
info,registry,people,M Erasmus,15d3c895
info,registry,people,M Manhas,c42aaf71
info,registry,people,MEK Hussey,48fd7349
info,registry,people,MM Sharma,759ac88f
info,registry,people,MS Dhoni,4a8a2e3b
info,registry,people,PP Ojha,6c6591ab
info,registry,people,R Ashwin,495d42a5
info,registry,people,RA Jadeja,fe93fd9d
info,registry,people,RG Sharma,740742ef
info,registry,people,S Ravi,9b9ee0df
info,registry,people,SK Raina,1dc12ab9
info,registry,people,SL Malinga,a12e1d51
info,registry,people,Z Khan,91a4a398
ball,1,0.1,Mumbai Indians,MEK Hussey,AP Tare,IC Pandey,0,0,,,,,,"",""
ball,1,0.2,Mumbai Indians,MEK Hussey,AP Tare,IC Pandey,1,0,,,,,,"",""
ball,1,0.3,Mumbai Indians,AP Tare,MEK Hussey,IC Pandey,1,0,,,,,,"",""
ball,1,0.4,Mumbai Indians,MEK Hussey,AP Tare,IC Pandey,0,0,,,,,,"",""
ball,1,0.5,Mumbai Indians,MEK Hussey,AP Tare,IC Pandey,0,0,,,,,,"",""
ball,1,0.6,Mumbai Indians,MEK Hussey,AP Tare,IC Pandey,0,0,,,,,,"",""
ball,1,1.1,Mumbai Indians,AP Tare,MEK Hussey,BW Hilfenhaus,4,0,,,,,,"",""
ball,1,1.2,Mumbai Indians,AP Tare,MEK Hussey,BW Hilfenhaus,0,0,,,,,,"",""
ball,1,1.3,Mumbai Indians,AP Tare,MEK Hussey,BW Hilfenhaus,4,0,,,,,,"",""
ball,1,1.4,Mumbai Indians,AP Tare,MEK Hussey,BW Hilfenhaus,1,0,,,,,,"",""
ball,1,1.5,Mumbai Indians,MEK Hussey,AP Tare,BW Hilfenhaus,0,0,,,,,,"",""
ball,1,1.6,Mumbai Indians,MEK Hussey,AP Tare,BW Hilfenhaus,0,0,,,,,,bowled,MEK Hussey
ball,1,2.1,Mumbai Indians,AP Tare,CJ Anderson,IC Pandey,0,0,,,,,,"",""
ball,1,2.2,Mumbai Indians,AP Tare,CJ Anderson,IC Pandey,4,0,,,,,,"",""
ball,1,2.3,Mumbai Indians,AP Tare,CJ Anderson,IC Pandey,4,0,,,,,,"",""
ball,1,2.4,Mumbai Indians,AP Tare,CJ Anderson,IC Pandey,0,0,,,,,,"",""
ball,1,2.5,Mumbai Indians,AP Tare,CJ Anderson,IC Pandey,1,0,,,,,,"",""
ball,1,2.6,Mumbai Indians,CJ Anderson,AP Tare,IC Pandey,0,0,,,,,,"",""
ball,1,3.1,Mumbai Indians,AP Tare,CJ Anderson,R Ashwin,0,0,,,,,,"",""
ball,1,3.2,Mumbai Indians,AP Tare,CJ Anderson,R Ashwin,1,0,,,,,,"",""
ball,1,3.3,Mumbai Indians,CJ Anderson,AP Tare,R Ashwin,1,0,,,,,,"",""
ball,1,3.4,Mumbai Indians,AP Tare,CJ Anderson,R Ashwin,2,0,,,,,,"",""
ball,1,3.5,Mumbai Indians,AP Tare,CJ Anderson,R Ashwin,0,0,,,,,,"",""
ball,1,3.6,Mumbai Indians,AP Tare,CJ Anderson,R Ashwin,1,0,,,,,,"",""
ball,1,4.1,Mumbai Indians,AP Tare,CJ Anderson,MM Sharma,0,0,,,,,,"",""
ball,1,4.2,Mumbai Indians,AP Tare,CJ Anderson,MM Sharma,0,0,,,,,,"",""
ball,1,4.3,Mumbai Indians,AP Tare,CJ Anderson,MM Sharma,0,0,,,,,,"",""
ball,1,4.4,Mumbai Indians,AP Tare,CJ Anderson,MM Sharma,0,0,,,,,,caught,AP Tare
ball,1,4.5,Mumbai Indians,RG Sharma,CJ Anderson,MM Sharma,0,0,,,,,,"",""
ball,1,4.6,Mumbai Indians,RG Sharma,CJ Anderson,MM Sharma,1,0,,,,,,"",""
ball,1,5.1,Mumbai Indians,RG Sharma,CJ Anderson,R Ashwin,0,0,,,,,,"",""
ball,1,5.2,Mumbai Indians,RG Sharma,CJ Anderson,R Ashwin,1,0,,,,,,"",""
ball,1,5.3,Mumbai Indians,CJ Anderson,RG Sharma,R Ashwin,4,0,,,,,,"",""
ball,1,5.4,Mumbai Indians,CJ Anderson,RG Sharma,R Ashwin,0,0,,,,,,"",""
ball,1,5.5,Mumbai Indians,CJ Anderson,RG Sharma,R Ashwin,0,0,,,,,,"",""
ball,1,5.6,Mumbai Indians,CJ Anderson,RG Sharma,R Ashwin,0,0,,,,,,"",""
ball,1,6.1,Mumbai Indians,RG Sharma,CJ Anderson,MM Sharma,0,0,,,,,,"",""
ball,1,6.2,Mumbai Indians,RG Sharma,CJ Anderson,MM Sharma,0,0,,,,,,"",""
ball,1,6.3,Mumbai Indians,RG Sharma,CJ Anderson,MM Sharma,0,0,,,,,,"",""
ball,1,6.4,Mumbai Indians,RG Sharma,CJ Anderson,MM Sharma,0,0,,,,,,"",""
ball,1,6.5,Mumbai Indians,RG Sharma,CJ Anderson,MM Sharma,2,0,,,,,,"",""
ball,1,6.6,Mumbai Indians,RG Sharma,CJ Anderson,MM Sharma,4,0,,,,,,"",""
ball,1,7.1,Mumbai Indians,CJ Anderson,RG Sharma,SK Raina,0,0,,,,,,"",""
ball,1,7.2,Mumbai Indians,CJ Anderson,RG Sharma,SK Raina,1,0,,,,,,"",""
ball,1,7.3,Mumbai Indians,RG Sharma,CJ Anderson,SK Raina,1,0,,,,,,"",""
ball,1,7.4,Mumbai Indians,CJ Anderson,RG Sharma,SK Raina,0,0,,,,,,"",""
ball,1,7.5,Mumbai Indians,CJ Anderson,RG Sharma,SK Raina,4,0,,,,,,"",""
ball,1,7.6,Mumbai Indians,CJ Anderson,RG Sharma,SK Raina,1,0,,,,,,"",""
ball,1,8.1,Mumbai Indians,CJ Anderson,RG Sharma,IC Pandey,0,0,,,,,,"",""
ball,1,8.2,Mumbai Indians,CJ Anderson,RG Sharma,IC Pandey,1,0,,,,,,"",""
ball,1,8.3,Mumbai Indians,RG Sharma,CJ Anderson,IC Pandey,1,0,,,,,,"",""
ball,1,8.4,Mumbai Indians,CJ Anderson,RG Sharma,IC Pandey,0,0,,,,,,"",""
ball,1,8.5,Mumbai Indians,CJ Anderson,RG Sharma,IC Pandey,1,0,,,,,,"",""
ball,1,8.6,Mumbai Indians,RG Sharma,CJ Anderson,IC Pandey,0,0,,,,,,"",""
ball,1,9.1,Mumbai Indians,CJ Anderson,RG Sharma,SK Raina,1,0,,,,,,"",""
ball,1,9.2,Mumbai Indians,RG Sharma,CJ Anderson,SK Raina,0,0,,,,,,"",""
ball,1,9.3,Mumbai Indians,RG Sharma,CJ Anderson,SK Raina,1,0,,,,,,"",""
ball,1,9.4,Mumbai Indians,CJ Anderson,RG Sharma,SK Raina,1,0,,,,,,"",""
ball,1,9.5,Mumbai Indians,RG Sharma,CJ Anderson,SK Raina,1,0,,,,,,"",""
ball,1,9.6,Mumbai Indians,CJ Anderson,RG Sharma,SK Raina,6,0,,,,,,"",""
ball,1,10.1,Mumbai Indians,RG Sharma,CJ Anderson,BW Hilfenhaus,6,0,,,,,,"",""
ball,1,10.2,Mumbai Indians,RG Sharma,CJ Anderson,BW Hilfenhaus,1,0,,,,,,"",""
ball,1,10.3,Mumbai Indians,CJ Anderson,RG Sharma,BW Hilfenhaus,1,0,,,,,,"",""
ball,1,10.4,Mumbai Indians,RG Sharma,CJ Anderson,BW Hilfenhaus,1,0,,,,,,"",""
ball,1,10.5,Mumbai Indians,CJ Anderson,RG Sharma,BW Hilfenhaus,2,0,,,,,,"",""
ball,1,10.6,Mumbai Indians,CJ Anderson,RG Sharma,BW Hilfenhaus,1,0,,,,,,"",""
ball,1,11.1,Mumbai Indians,CJ Anderson,RG Sharma,R Ashwin,1,0,,,,,,"",""
ball,1,11.2,Mumbai Indians,RG Sharma,CJ Anderson,R Ashwin,0,0,,,,,,"",""
ball,1,11.3,Mumbai Indians,RG Sharma,CJ Anderson,R Ashwin,1,0,,,,,,"",""
ball,1,11.4,Mumbai Indians,CJ Anderson,RG Sharma,R Ashwin,1,0,,,,,,"",""
ball,1,11.5,Mumbai Indians,RG Sharma,CJ Anderson,R Ashwin,0,0,,,,,,"",""
ball,1,11.6,Mumbai Indians,RG Sharma,CJ Anderson,R Ashwin,1,0,,,,,,"",""
ball,1,12.1,Mumbai Indians,RG Sharma,CJ Anderson,SK Raina,1,0,,,,,,"",""
ball,1,12.2,Mumbai Indians,CJ Anderson,RG Sharma,SK Raina,1,0,,,,,,"",""
ball,1,12.3,Mumbai Indians,RG Sharma,CJ Anderson,SK Raina,4,0,,,,,,"",""
ball,1,12.4,Mumbai Indians,RG Sharma,CJ Anderson,SK Raina,6,0,,,,,,"",""
ball,1,12.5,Mumbai Indians,RG Sharma,CJ Anderson,SK Raina,1,0,,,,,,"",""
ball,1,12.6,Mumbai Indians,CJ Anderson,RG Sharma,SK Raina,2,0,,,,,,"",""
ball,1,13.1,Mumbai Indians,RG Sharma,CJ Anderson,R Ashwin,2,0,,,,,,"",""
ball,1,13.2,Mumbai Indians,RG Sharma,CJ Anderson,R Ashwin,0,0,,,,,,"",""
ball,1,13.3,Mumbai Indians,RG Sharma,CJ Anderson,R Ashwin,1,0,,,,,,"",""
ball,1,13.4,Mumbai Indians,CJ Anderson,RG Sharma,R Ashwin,1,0,,,,,,"",""
ball,1,13.5,Mumbai Indians,RG Sharma,CJ Anderson,R Ashwin,1,0,,,,,,"",""
ball,1,13.6,Mumbai Indians,CJ Anderson,RG Sharma,R Ashwin,1,0,,,,,,"",""
ball,1,14.1,Mumbai Indians,CJ Anderson,RG Sharma,RA Jadeja,2,0,,,,,,"",""
ball,1,14.2,Mumbai Indians,CJ Anderson,RG Sharma,RA Jadeja,4,0,,,,,,"",""
ball,1,14.3,Mumbai Indians,CJ Anderson,RG Sharma,RA Jadeja,1,0,,,,,,"",""
ball,1,14.4,Mumbai Indians,RG Sharma,CJ Anderson,RA Jadeja,2,0,,,,,,"",""
ball,1,14.5,Mumbai Indians,RG Sharma,CJ Anderson,RA Jadeja,4,0,,,,,,"",""
ball,1,14.6,Mumbai Indians,RG Sharma,CJ Anderson,RA Jadeja,1,0,,,,,,"",""
ball,1,15.1,Mumbai Indians,RG Sharma,CJ Anderson,MM Sharma,1,0,,,,,,"",""
ball,1,15.2,Mumbai Indians,CJ Anderson,RG Sharma,MM Sharma,0,0,,,,,,run out,CJ Anderson
ball,1,15.3,Mumbai Indians,RG Sharma,KA Pollard,MM Sharma,1,0,,,,,,"",""
ball,1,15.4,Mumbai Indians,KA Pollard,RG Sharma,MM Sharma,1,0,,,,,,"",""
ball,1,15.5,Mumbai Indians,RG Sharma,KA Pollard,MM Sharma,1,0,,,,,,"",""
ball,1,15.6,Mumbai Indians,KA Pollard,RG Sharma,MM Sharma,1,0,,,,,,"",""
ball,1,16.1,Mumbai Indians,KA Pollard,RG Sharma,IC Pandey,0,0,,,,,,"",""
ball,1,16.2,Mumbai Indians,KA Pollard,RG Sharma,IC Pandey,1,0,,,,,,"",""
ball,1,16.3,Mumbai Indians,RG Sharma,KA Pollard,IC Pandey,1,0,,,,,,"",""
ball,1,16.4,Mumbai Indians,KA Pollard,RG Sharma,IC Pandey,4,0,,,,,,"",""
ball,1,16.5,Mumbai Indians,KA Pollard,RG Sharma,IC Pandey,1,0,,,,,,"",""
ball,1,16.6,Mumbai Indians,RG Sharma,KA Pollard,IC Pandey,0,0,,,,,,"",""
ball,1,17.1,Mumbai Indians,KA Pollard,RG Sharma,BW Hilfenhaus,1,0,,,,,,"",""
ball,1,17.2,Mumbai Indians,RG Sharma,KA Pollard,BW Hilfenhaus,1,0,,,,,,"",""
ball,1,17.3,Mumbai Indians,KA Pollard,RG Sharma,BW Hilfenhaus,1,0,,,,,,"",""
ball,1,17.4,Mumbai Indians,RG Sharma,KA Pollard,BW Hilfenhaus,0,0,,,,,,caught,RG Sharma
ball,1,17.5,Mumbai Indians,KA Pollard,AT Rayudu,BW Hilfenhaus,1,0,,,,,,"",""
ball,1,17.6,Mumbai Indians,AT Rayudu,KA Pollard,BW Hilfenhaus,1,0,,,,,,"",""
ball,1,18.1,Mumbai Indians,AT Rayudu,KA Pollard,MM Sharma,0,0,,,,,,caught,AT Rayudu
ball,1,18.2,Mumbai Indians,KA Pollard,CM Gautam,MM Sharma,1,0,,,,,,"",""
ball,1,18.3,Mumbai Indians,CM Gautam,KA Pollard,MM Sharma,1,0,,,,,,"",""
ball,1,18.4,Mumbai Indians,KA Pollard,CM Gautam,MM Sharma,0,0,,,,,,bowled,KA Pollard
ball,1,18.5,Mumbai Indians,Harbhajan Singh,CM Gautam,MM Sharma,0,0,,,,,,"",""
ball,1,18.6,Mumbai Indians,Harbhajan Singh,CM Gautam,MM Sharma,0,0,,,,,,caught,Harbhajan Singh
ball,1,19.1,Mumbai Indians,CM Gautam,Z Khan,BW Hilfenhaus,4,0,,,,,,"",""
ball,1,19.2,Mumbai Indians,CM Gautam,Z Khan,BW Hilfenhaus,1,0,,,,,,"",""
ball,1,19.3,Mumbai Indians,Z Khan,CM Gautam,BW Hilfenhaus,1,0,,,,,,"",""
ball,1,19.4,Mumbai Indians,CM Gautam,Z Khan,BW Hilfenhaus,1,0,,,,,,"",""
ball,1,19.5,Mumbai Indians,Z Khan,CM Gautam,BW Hilfenhaus,6,0,,,,,,"",""
ball,1,19.6,Mumbai Indians,Z Khan,CM Gautam,BW Hilfenhaus,0,1,,,1,,,"",""
ball,2,0.1,Chennai Super Kings,DR Smith,BB McCullum,PP Ojha,0,0,,,,,,"",""
ball,2,0.2,Chennai Super Kings,DR Smith,BB McCullum,PP Ojha,0,0,,,,,,"",""
ball,2,0.3,Chennai Super Kings,DR Smith,BB McCullum,PP Ojha,0,0,,,,,,"",""
ball,2,0.4,Chennai Super Kings,DR Smith,BB McCullum,PP Ojha,0,0,,,,,,"",""
ball,2,0.5,Chennai Super Kings,DR Smith,BB McCullum,PP Ojha,0,0,,,,,,"",""
ball,2,0.6,Chennai Super Kings,DR Smith,BB McCullum,PP Ojha,0,0,,,,,,"",""
ball,2,1.1,Chennai Super Kings,BB McCullum,DR Smith,Z Khan,0,0,,,,,,"",""
ball,2,1.2,Chennai Super Kings,BB McCullum,DR Smith,Z Khan,1,0,,,,,,"",""
ball,2,1.3,Chennai Super Kings,DR Smith,BB McCullum,Z Khan,0,0,,,,,,"",""
ball,2,1.4,Chennai Super Kings,DR Smith,BB McCullum,Z Khan,0,0,,,,,,"",""
ball,2,1.5,Chennai Super Kings,DR Smith,BB McCullum,Z Khan,0,0,,,,,,"",""
ball,2,1.6,Chennai Super Kings,DR Smith,BB McCullum,Z Khan,1,0,,,,,,"",""
ball,2,2.1,Chennai Super Kings,DR Smith,BB McCullum,PP Ojha,6,0,,,,,,"",""
ball,2,2.2,Chennai Super Kings,DR Smith,BB McCullum,PP Ojha,0,0,,,,,,"",""
ball,2,2.3,Chennai Super Kings,DR Smith,BB McCullum,PP Ojha,0,0,,,,,,"",""
ball,2,2.4,Chennai Super Kings,DR Smith,BB McCullum,PP Ojha,6,0,,,,,,"",""
ball,2,2.5,Chennai Super Kings,DR Smith,BB McCullum,PP Ojha,0,0,,,,,,"",""
ball,2,2.6,Chennai Super Kings,DR Smith,BB McCullum,PP Ojha,1,0,,,,,,"",""
ball,2,3.1,Chennai Super Kings,DR Smith,BB McCullum,Z Khan,6,0,,,,,,"",""
ball,2,3.2,Chennai Super Kings,DR Smith,BB McCullum,Z Khan,1,0,,,,,,"",""
ball,2,3.3,Chennai Super Kings,BB McCullum,DR Smith,Z Khan,0,0,,,,,,"",""
ball,2,3.4,Chennai Super Kings,BB McCullum,DR Smith,Z Khan,2,0,,,,,,"",""
ball,2,3.5,Chennai Super Kings,BB McCullum,DR Smith,Z Khan,4,0,,,,,,"",""
ball,2,3.6,Chennai Super Kings,BB McCullum,DR Smith,Z Khan,4,0,,,,,,"",""
ball,2,4.1,Chennai Super Kings,DR Smith,BB McCullum,SL Malinga,1,0,,,,,,"",""
ball,2,4.2,Chennai Super Kings,BB McCullum,DR Smith,SL Malinga,0,1,1,,,,,"",""
ball,2,4.3,Chennai Super Kings,BB McCullum,DR Smith,SL Malinga,0,1,,,,1,,"",""
ball,2,4.4,Chennai Super Kings,DR Smith,BB McCullum,SL Malinga,1,0,,,,,,"",""
ball,2,4.5,Chennai Super Kings,BB McCullum,DR Smith,SL Malinga,0,0,,,,,,"",""
ball,2,4.6,Chennai Super Kings,BB McCullum,DR Smith,SL Malinga,0,0,,,,,,"",""
ball,2,4.7,Chennai Super Kings,BB McCullum,DR Smith,SL Malinga,1,0,,,,,,"",""
ball,2,5.1,Chennai Super Kings,BB McCullum,DR Smith,CJ Anderson,4,0,,,,,,"",""
ball,2,5.2,Chennai Super Kings,BB McCullum,DR Smith,CJ Anderson,0,0,,,,,,"",""
ball,2,5.3,Chennai Super Kings,BB McCullum,DR Smith,CJ Anderson,0,0,,,,,,"",""
ball,2,5.4,Chennai Super Kings,BB McCullum,DR Smith,CJ Anderson,4,0,,,,,,"",""
ball,2,5.5,Chennai Super Kings,BB McCullum,DR Smith,CJ Anderson,2,0,,,,,,"",""
ball,2,5.6,Chennai Super Kings,BB McCullum,DR Smith,CJ Anderson,4,0,,,,,,"",""
ball,2,6.1,Chennai Super Kings,DR Smith,BB McCullum,PP Ojha,6,0,,,,,,"",""
ball,2,6.2,Chennai Super Kings,DR Smith,BB McCullum,PP Ojha,0,0,,,,,,caught,DR Smith
ball,2,6.3,Chennai Super Kings,BB McCullum,SK Raina,PP Ojha,1,0,,,,,,"",""
ball,2,6.4,Chennai Super Kings,SK Raina,BB McCullum,PP Ojha,1,0,,,,,,"",""
ball,2,6.5,Chennai Super Kings,BB McCullum,SK Raina,PP Ojha,1,0,,,,,,"",""
ball,2,6.6,Chennai Super Kings,SK Raina,BB McCullum,PP Ojha,0,0,,,,,,"",""
ball,2,7.1,Chennai Super Kings,BB McCullum,SK Raina,Harbhajan Singh,0,0,,,,,,"",""
ball,2,7.2,Chennai Super Kings,BB McCullum,SK Raina,Harbhajan Singh,1,0,,,,,,"",""
ball,2,7.3,Chennai Super Kings,SK Raina,BB McCullum,Harbhajan Singh,0,0,,,,,,"",""
ball,2,7.4,Chennai Super Kings,SK Raina,BB McCullum,Harbhajan Singh,0,0,,,,,,stumped,SK Raina
ball,2,7.5,Chennai Super Kings,F du Plessis,BB McCullum,Harbhajan Singh,0,0,,,,,,"",""
ball,2,7.6,Chennai Super Kings,F du Plessis,BB McCullum,Harbhajan Singh,1,0,,,,,,"",""
ball,2,8.1,Chennai Super Kings,F du Plessis,BB McCullum,PP Ojha,0,0,,,,,,"",""
ball,2,8.2,Chennai Super Kings,F du Plessis,BB McCullum,PP Ojha,0,0,,,,,,"",""
ball,2,8.3,Chennai Super Kings,F du Plessis,BB McCullum,PP Ojha,1,0,,,,,,"",""
ball,2,8.4,Chennai Super Kings,BB McCullum,F du Plessis,PP Ojha,0,0,,,,,,"",""
ball,2,8.5,Chennai Super Kings,BB McCullum,F du Plessis,PP Ojha,1,0,,,,,,"",""
ball,2,8.6,Chennai Super Kings,F du Plessis,BB McCullum,PP Ojha,1,0,,,,,,"",""
ball,2,9.1,Chennai Super Kings,F du Plessis,BB McCullum,Harbhajan Singh,0,1,1,,,,,"",""
ball,2,9.2,Chennai Super Kings,F du Plessis,BB McCullum,Harbhajan Singh,2,0,,,,,,"",""
ball,2,9.3,Chennai Super Kings,F du Plessis,BB McCullum,Harbhajan Singh,1,0,,,,,,"",""
ball,2,9.4,Chennai Super Kings,BB McCullum,F du Plessis,Harbhajan Singh,6,0,,,,,,"",""
ball,2,9.5,Chennai Super Kings,BB McCullum,F du Plessis,Harbhajan Singh,0,0,,,,,,"",""
ball,2,9.6,Chennai Super Kings,BB McCullum,F du Plessis,Harbhajan Singh,0,0,,,,,,"",""
ball,2,9.7,Chennai Super Kings,BB McCullum,F du Plessis,Harbhajan Singh,1,0,,,,,,"",""
ball,2,10.1,Chennai Super Kings,BB McCullum,F du Plessis,SL Malinga,0,0,,,,,,"",""
ball,2,10.2,Chennai Super Kings,BB McCullum,F du Plessis,SL Malinga,0,0,,,,,,"",""
ball,2,10.3,Chennai Super Kings,BB McCullum,F du Plessis,SL Malinga,0,0,,,,,,"",""
ball,2,10.4,Chennai Super Kings,BB McCullum,F du Plessis,SL Malinga,0,0,,,,,,"",""
ball,2,10.5,Chennai Super Kings,BB McCullum,F du Plessis,SL Malinga,1,0,,,,,,"",""
ball,2,10.6,Chennai Super Kings,F du Plessis,BB McCullum,SL Malinga,1,0,,,,,,"",""
ball,2,11.1,Chennai Super Kings,F du Plessis,BB McCullum,Harbhajan Singh,0,0,,,,,,"",""
ball,2,11.2,Chennai Super Kings,F du Plessis,BB McCullum,Harbhajan Singh,0,0,,,,,,"",""
ball,2,11.3,Chennai Super Kings,F du Plessis,BB McCullum,Harbhajan Singh,0,0,,,,,,"",""
ball,2,11.4,Chennai Super Kings,F du Plessis,BB McCullum,Harbhajan Singh,1,0,,,,,,"",""
ball,2,11.5,Chennai Super Kings,BB McCullum,F du Plessis,Harbhajan Singh,4,0,,,,,,"",""
ball,2,11.6,Chennai Super Kings,BB McCullum,F du Plessis,Harbhajan Singh,2,0,,,,,,"",""
ball,2,12.1,Chennai Super Kings,F du Plessis,BB McCullum,KA Pollard,1,0,,,,,,"",""
ball,2,12.2,Chennai Super Kings,BB McCullum,F du Plessis,KA Pollard,4,0,,,,,,"",""
ball,2,12.3,Chennai Super Kings,BB McCullum,F du Plessis,KA Pollard,1,0,,,,,,"",""
ball,2,12.4,Chennai Super Kings,F du Plessis,BB McCullum,KA Pollard,1,0,,,,,,"",""
ball,2,12.5,Chennai Super Kings,BB McCullum,F du Plessis,KA Pollard,1,0,,,,,,"",""
ball,2,12.6,Chennai Super Kings,F du Plessis,BB McCullum,KA Pollard,2,0,,,,,,"",""
ball,2,13.1,Chennai Super Kings,BB McCullum,F du Plessis,Z Khan,0,0,,,,,,"",""
ball,2,13.2,Chennai Super Kings,BB McCullum,F du Plessis,Z Khan,6,0,,,,,,"",""
ball,2,13.3,Chennai Super Kings,BB McCullum,F du Plessis,Z Khan,0,0,,,,,,"",""
ball,2,13.4,Chennai Super Kings,BB McCullum,F du Plessis,Z Khan,1,0,,,,,,"",""
ball,2,13.5,Chennai Super Kings,F du Plessis,BB McCullum,Z Khan,0,0,,,,,,"",""
ball,2,13.6,Chennai Super Kings,F du Plessis,BB McCullum,Z Khan,2,0,,,,,,"",""
ball,2,14.1,Chennai Super Kings,BB McCullum,F du Plessis,SL Malinga,1,0,,,,,,"",""
ball,2,14.2,Chennai Super Kings,F du Plessis,BB McCullum,SL Malinga,0,0,,,,,,"",""
ball,2,14.3,Chennai Super Kings,F du Plessis,BB McCullum,SL Malinga,0,0,,,,,,"",""
ball,2,14.4,Chennai Super Kings,F du Plessis,BB McCullum,SL Malinga,1,0,,,,,,"",""
ball,2,14.5,Chennai Super Kings,BB McCullum,F du Plessis,SL Malinga,0,0,,,,,,"",""
ball,2,14.6,Chennai Super Kings,BB McCullum,F du Plessis,SL Malinga,1,0,,,,,,"",""
ball,2,15.1,Chennai Super Kings,BB McCullum,F du Plessis,Harbhajan Singh,1,0,,,,,,"",""
ball,2,15.2,Chennai Super Kings,F du Plessis,BB McCullum,Harbhajan Singh,2,0,,,,,,"",""
ball,2,15.3,Chennai Super Kings,F du Plessis,BB McCullum,Harbhajan Singh,2,0,,,,,,"",""
ball,2,15.4,Chennai Super Kings,F du Plessis,BB McCullum,Harbhajan Singh,1,0,,,,,,"",""
ball,2,15.5,Chennai Super Kings,BB McCullum,F du Plessis,Harbhajan Singh,1,0,,,,,,"",""
ball,2,15.6,Chennai Super Kings,F du Plessis,BB McCullum,Harbhajan Singh,0,0,,,,,,stumped,F du Plessis
ball,2,16.1,Chennai Super Kings,BB McCullum,MS Dhoni,Z Khan,1,0,,,,,,"",""
ball,2,16.2,Chennai Super Kings,MS Dhoni,BB McCullum,Z Khan,0,0,,,,,,"",""
ball,2,16.3,Chennai Super Kings,MS Dhoni,BB McCullum,Z Khan,0,2,,,,2,,"",""
ball,2,16.4,Chennai Super Kings,MS Dhoni,BB McCullum,Z Khan,0,1,,,,1,,"",""
ball,2,16.5,Chennai Super Kings,BB McCullum,MS Dhoni,Z Khan,1,0,,,,,,"",""
ball,2,16.6,Chennai Super Kings,MS Dhoni,BB McCullum,Z Khan,1,0,,,,,,"",""
ball,2,17.1,Chennai Super Kings,MS Dhoni,BB McCullum,SL Malinga,0,0,,,,,,"",""
ball,2,17.2,Chennai Super Kings,MS Dhoni,BB McCullum,SL Malinga,0,1,,1,,,,"",""
ball,2,17.3,Chennai Super Kings,MS Dhoni,BB McCullum,SL Malinga,6,0,,,,,,"",""
ball,2,17.4,Chennai Super Kings,MS Dhoni,BB McCullum,SL Malinga,1,0,,,,,,"",""
ball,2,17.5,Chennai Super Kings,BB McCullum,MS Dhoni,SL Malinga,4,0,,,,,,"",""
ball,2,17.6,Chennai Super Kings,BB McCullum,MS Dhoni,SL Malinga,0,0,,,,,,"",""
ball,2,17.7,Chennai Super Kings,BB McCullum,MS Dhoni,SL Malinga,1,0,,,,,,"",""
ball,2,18.1,Chennai Super Kings,BB McCullum,MS Dhoni,CJ Anderson,1,0,,,,,,"",""
ball,2,18.2,Chennai Super Kings,MS Dhoni,BB McCullum,CJ Anderson,4,0,,,,,,"",""
ball,2,18.3,Chennai Super Kings,MS Dhoni,BB McCullum,CJ Anderson,1,0,,,,,,"",""
ball,2,18.4,Chennai Super Kings,BB McCullum,MS Dhoni,CJ Anderson,1,0,,,,,,"",""
ball,2,18.5,Chennai Super Kings,MS Dhoni,BB McCullum,CJ Anderson,1,0,,,,,,"",""
ball,2,18.6,Chennai Super Kings,BB McCullum,MS Dhoni,CJ Anderson,1,0,,,,,,"",""
