version,1.6.0
info,balls_per_over,6
info,team,Mumbai Indians
info,team,Chennai Super Kings
info,gender,male
info,season,2014
info,date,2014/05/10
info,event,Indian Premier League
info,match_number,33
info,venue,Wankhede Stadium
info,city,Mumbai
info,toss_winner,Chennai Super Kings
info,toss_decision,field
info,player_of_match,DR Smith
info,umpire,HDPK Dharmasena
info,umpire,VA Kulkarni
info,reserve_umpire,R Pandit
info,tv_umpire,PG Pathak
info,match_referee,RS Mahanama
info,winner,Chennai Super Kings
info,winner_wickets,4
info,player,Chennai Super Kings,DR Smith
info,player,Chennai Super Kings,BB McCullum
info,player,Chennai Super Kings,SK Raina
info,player,Chennai Super Kings,F du Plessis
info,player,Chennai Super Kings,MS Dhoni
info,player,Chennai Super Kings,RA Jadeja
info,player,Chennai Super Kings,M Manhas
info,player,Chennai Super Kings,R Ashwin
info,player,Chennai Super Kings,IC Pandey
info,player,Chennai Super Kings,MM Sharma
info,player,Chennai Super Kings,S Badree
info,player,Mumbai Indians,LMP Simmons
info,player,Mumbai Indians,CM Gautam
info,player,Mumbai Indians,AT Rayudu
info,player,Mumbai Indians,RG Sharma
info,player,Mumbai Indians,KA Pollard
info,player,Mumbai Indians,CJ Anderson
info,player,Mumbai Indians,AP Tare
info,player,Mumbai Indians,Harbhajan Singh
info,player,Mumbai Indians,SL Malinga
info,player,Mumbai Indians,JJ Bumrah
info,player,Mumbai Indians,P Kumar
info,registry,people,AP Tare,855a210c
info,registry,people,AT Rayudu,70d205c9
info,registry,people,BB McCullum,b8a55852
info,registry,people,CJ Anderson,8abdf100
info,registry,people,CM Gautam,30a2649b
info,registry,people,DR Smith,35205dfc
info,registry,people,F du Plessis,3355b542
info,registry,people,HDPK Dharmasena,323e4c16
info,registry,people,Harbhajan Singh,8b5b6769
info,registry,people,IC Pandey,e0407c01
info,registry,people,JJ Bumrah,462411b3
info,registry,people,KA Pollard,a757b0d8
info,registry,people,LMP Simmons,89f64c19
info,registry,people,M Manhas,c42aaf71
info,registry,people,MM Sharma,759ac88f
info,registry,people,MS Dhoni,4a8a2e3b
info,registry,people,P Kumar,e938e1bc
info,registry,people,PG Pathak,9f772ec5
info,registry,people,R Ashwin,495d42a5
info,registry,people,R Pandit,8a604384
info,registry,people,RA Jadeja,fe93fd9d
info,registry,people,RG Sharma,740742ef
info,registry,people,RS Mahanama,57910393
info,registry,people,S Badree,76388dc8
info,registry,people,SK Raina,1dc12ab9
info,registry,people,SL Malinga,a12e1d51
info,registry,people,VA Kulkarni,8fe0c4f8
ball,1,0.1,Mumbai Indians,LMP Simmons,CM Gautam,S Badree,0,1,1,,,,,"",""
ball,1,0.2,Mumbai Indians,LMP Simmons,CM Gautam,S Badree,0,0,,,,,,"",""
ball,1,0.3,Mumbai Indians,LMP Simmons,CM Gautam,S Badree,1,0,,,,,,"",""
ball,1,0.4,Mumbai Indians,CM Gautam,LMP Simmons,S Badree,0,0,,,,,,"",""
ball,1,0.5,Mumbai Indians,CM Gautam,LMP Simmons,S Badree,0,0,,,,,,"",""
ball,1,0.6,Mumbai Indians,CM Gautam,LMP Simmons,S Badree,1,0,,,,,,"",""
ball,1,0.7,Mumbai Indians,LMP Simmons,CM Gautam,S Badree,1,0,,,,,,"",""
ball,1,1.1,Mumbai Indians,LMP Simmons,CM Gautam,IC Pandey,0,0,,,,,,"",""
ball,1,1.2,Mumbai Indians,LMP Simmons,CM Gautam,IC Pandey,0,0,,,,,,"",""
ball,1,1.3,Mumbai Indians,LMP Simmons,CM Gautam,IC Pandey,0,0,,,,,,"",""
ball,1,1.4,Mumbai Indians,LMP Simmons,CM Gautam,IC Pandey,4,0,,,,,,"",""
ball,1,1.5,Mumbai Indians,LMP Simmons,CM Gautam,IC Pandey,0,0,,,,,,"",""
ball,1,1.6,Mumbai Indians,LMP Simmons,CM Gautam,IC Pandey,0,0,,,,,,"",""
ball,1,2.1,Mumbai Indians,CM Gautam,LMP Simmons,S Badree,4,0,,,,,,"",""
ball,1,2.2,Mumbai Indians,CM Gautam,LMP Simmons,S Badree,0,0,,,,,,"",""
ball,1,2.3,Mumbai Indians,CM Gautam,LMP Simmons,S Badree,4,0,,,,,,"",""
ball,1,2.4,Mumbai Indians,CM Gautam,LMP Simmons,S Badree,0,0,,,,,,"",""
ball,1,2.5,Mumbai Indians,CM Gautam,LMP Simmons,S Badree,0,0,,,,,,caught,CM Gautam
ball,1,2.6,Mumbai Indians,AT Rayudu,LMP Simmons,S Badree,0,0,,,,,,"",""
ball,1,3.1,Mumbai Indians,LMP Simmons,AT Rayudu,IC Pandey,1,0,,,,,,"",""
ball,1,3.2,Mumbai Indians,AT Rayudu,LMP Simmons,IC Pandey,0,1,1,,,,,"",""
ball,1,3.3,Mumbai Indians,AT Rayudu,LMP Simmons,IC Pandey,0,0,,,,,,"",""
ball,1,3.4,Mumbai Indians,AT Rayudu,LMP Simmons,IC Pandey,0,0,,,,,,"",""
ball,1,3.5,Mumbai Indians,AT Rayudu,LMP Simmons,IC Pandey,0,0,,,,,,"",""
ball,1,3.6,Mumbai Indians,AT Rayudu,LMP Simmons,IC Pandey,0,0,,,,,,"",""
ball,1,3.7,Mumbai Indians,AT Rayudu,LMP Simmons,IC Pandey,0,0,,,,,,"",""
ball,1,4.1,Mumbai Indians,LMP Simmons,AT Rayudu,S Badree,0,0,,,,,,"",""
ball,1,4.2,Mumbai Indians,LMP Simmons,AT Rayudu,S Badree,6,0,,,,,,"",""
ball,1,4.3,Mumbai Indians,LMP Simmons,AT Rayudu,S Badree,0,0,,,,,,"",""
ball,1,4.4,Mumbai Indians,LMP Simmons,AT Rayudu,S Badree,6,0,,,,,,"",""
ball,1,4.5,Mumbai Indians,LMP Simmons,AT Rayudu,S Badree,1,0,,,,,,"",""
ball,1,4.6,Mumbai Indians,AT Rayudu,LMP Simmons,S Badree,1,0,,,,,,"",""
ball,1,5.1,Mumbai Indians,AT Rayudu,LMP Simmons,IC Pandey,4,0,,,,,,"",""
ball,1,5.2,Mumbai Indians,AT Rayudu,LMP Simmons,IC Pandey,0,0,,,,,,"",""
ball,1,5.3,Mumbai Indians,AT Rayudu,LMP Simmons,IC Pandey,6,0,,,,,,"",""
ball,1,5.4,Mumbai Indians,AT Rayudu,LMP Simmons,IC Pandey,0,0,,,,,,"",""
ball,1,5.5,Mumbai Indians,AT Rayudu,LMP Simmons,IC Pandey,0,0,,,,,,"",""
ball,1,5.6,Mumbai Indians,AT Rayudu,LMP Simmons,IC Pandey,0,0,,,,,,"",""
ball,1,6.1,Mumbai Indians,LMP Simmons,AT Rayudu,RA Jadeja,0,0,,,,,,"",""
ball,1,6.2,Mumbai Indians,LMP Simmons,AT Rayudu,RA Jadeja,4,0,,,,,,"",""
ball,1,6.3,Mumbai Indians,LMP Simmons,AT Rayudu,RA Jadeja,0,0,,,,,,"",""
ball,1,6.4,Mumbai Indians,LMP Simmons,AT Rayudu,RA Jadeja,0,0,,,,,,"",""
ball,1,6.5,Mumbai Indians,LMP Simmons,AT Rayudu,RA Jadeja,0,0,,,,,,"",""
ball,1,6.6,Mumbai Indians,LMP Simmons,AT Rayudu,RA Jadeja,0,0,,,,,,"",""
ball,1,7.1,Mumbai Indians,AT Rayudu,LMP Simmons,MM Sharma,1,0,,,,,,"",""
ball,1,7.2,Mumbai Indians,LMP Simmons,AT Rayudu,MM Sharma,1,0,,,,,,"",""
ball,1,7.3,Mumbai Indians,AT Rayudu,LMP Simmons,MM Sharma,1,0,,,,,,"",""
ball,1,7.4,Mumbai Indians,LMP Simmons,AT Rayudu,MM Sharma,0,0,,,,,,"",""
ball,1,7.5,Mumbai Indians,LMP Simmons,AT Rayudu,MM Sharma,0,0,,,,,,"",""
ball,1,7.6,Mumbai Indians,LMP Simmons,AT Rayudu,MM Sharma,0,0,,,,,,"",""
ball,1,8.1,Mumbai Indians,AT Rayudu,LMP Simmons,RA Jadeja,1,0,,,,,,"",""
ball,1,8.2,Mumbai Indians,LMP Simmons,AT Rayudu,RA Jadeja,2,0,,,,,,"",""
ball,1,8.3,Mumbai Indians,LMP Simmons,AT Rayudu,RA Jadeja,1,0,,,,,,"",""
ball,1,8.4,Mumbai Indians,AT Rayudu,LMP Simmons,RA Jadeja,1,0,,,,,,"",""
ball,1,8.5,Mumbai Indians,LMP Simmons,AT Rayudu,RA Jadeja,0,0,,,,,,"",""
ball,1,8.6,Mumbai Indians,LMP Simmons,AT Rayudu,RA Jadeja,0,0,,,,,,"",""
ball,1,9.1,Mumbai Indians,AT Rayudu,LMP Simmons,R Ashwin,0,0,,,,,,"",""
ball,1,9.2,Mumbai Indians,AT Rayudu,LMP Simmons,R Ashwin,1,0,,,,,,"",""
ball,1,9.3,Mumbai Indians,LMP Simmons,AT Rayudu,R Ashwin,1,0,,,,,,"",""
ball,1,9.4,Mumbai Indians,AT Rayudu,LMP Simmons,R Ashwin,1,0,,,,,,"",""
ball,1,9.5,Mumbai Indians,LMP Simmons,AT Rayudu,R Ashwin,0,0,,,,,,"",""
ball,1,9.6,Mumbai Indians,LMP Simmons,AT Rayudu,R Ashwin,0,0,,,,,,"",""
ball,1,10.1,Mumbai Indians,AT Rayudu,LMP Simmons,RA Jadeja,2,0,,,,,,"",""
ball,1,10.2,Mumbai Indians,AT Rayudu,LMP Simmons,RA Jadeja,6,0,,,,,,"",""
ball,1,10.3,Mumbai Indians,AT Rayudu,LMP Simmons,RA Jadeja,1,0,,,,,,"",""
ball,1,10.4,Mumbai Indians,LMP Simmons,AT Rayudu,RA Jadeja,1,0,,,,,,"",""
ball,1,10.5,Mumbai Indians,AT Rayudu,LMP Simmons,RA Jadeja,1,0,,,,,,"",""
ball,1,10.6,Mumbai Indians,LMP Simmons,AT Rayudu,RA Jadeja,1,0,,,,,,"",""
ball,1,11.1,Mumbai Indians,LMP Simmons,AT Rayudu,R Ashwin,4,0,,,,,,"",""
ball,1,11.2,Mumbai Indians,LMP Simmons,AT Rayudu,R Ashwin,1,0,,,,,,"",""
ball,1,11.3,Mumbai Indians,AT Rayudu,LMP Simmons,R Ashwin,1,0,,,,,,"",""
ball,1,11.4,Mumbai Indians,LMP Simmons,AT Rayudu,R Ashwin,2,0,,,,,,"",""
ball,1,11.5,Mumbai Indians,LMP Simmons,AT Rayudu,R Ashwin,0,0,,,,,,caught,LMP Simmons
ball,1,11.6,Mumbai Indians,RG Sharma,AT Rayudu,R Ashwin,1,0,,,,,,"",""
ball,1,12.1,Mumbai Indians,RG Sharma,AT Rayudu,S Badree,1,0,,,,,,"",""
ball,1,12.2,Mumbai Indians,AT Rayudu,RG Sharma,S Badree,4,0,,,,,,"",""
ball,1,12.3,Mumbai Indians,AT Rayudu,RG Sharma,S Badree,1,0,,,,,,"",""
ball,1,12.4,Mumbai Indians,RG Sharma,AT Rayudu,S Badree,0,0,,,,,,"",""
ball,1,12.5,Mumbai Indians,RG Sharma,AT Rayudu,S Badree,1,0,,,,,,"",""
ball,1,12.6,Mumbai Indians,AT Rayudu,RG Sharma,S Badree,1,0,,,,,,"",""
ball,1,13.1,Mumbai Indians,AT Rayudu,RG Sharma,R Ashwin,1,0,,,,,,"",""
ball,1,13.2,Mumbai Indians,RG Sharma,AT Rayudu,R Ashwin,2,0,,,,,,"",""
ball,1,13.3,Mumbai Indians,RG Sharma,AT Rayudu,R Ashwin,0,0,,,,,,"",""
ball,1,13.4,Mumbai Indians,RG Sharma,AT Rayudu,R Ashwin,1,0,,,,,,"",""
ball,1,13.5,Mumbai Indians,AT Rayudu,RG Sharma,R Ashwin,2,0,,,,,,"",""
ball,1,13.6,Mumbai Indians,AT Rayudu,RG Sharma,R Ashwin,1,0,,,,,,"",""
ball,1,14.1,Mumbai Indians,AT Rayudu,RG Sharma,MM Sharma,1,0,,,,,,"",""
ball,1,14.2,Mumbai Indians,RG Sharma,AT Rayudu,MM Sharma,0,0,,,,,,"",""
ball,1,14.3,Mumbai Indians,RG Sharma,AT Rayudu,MM Sharma,4,0,,,,,,"",""
ball,1,14.4,Mumbai Indians,RG Sharma,AT Rayudu,MM Sharma,0,0,,,,,,"",""
ball,1,14.5,Mumbai Indians,RG Sharma,AT Rayudu,MM Sharma,1,0,,,,,,"",""
ball,1,14.6,Mumbai Indians,AT Rayudu,RG Sharma,MM Sharma,0,0,,,,,,"",""
ball,1,15.1,Mumbai Indians,RG Sharma,AT Rayudu,RA Jadeja,1,0,,,,,,"",""
ball,1,15.2,Mumbai Indians,AT Rayudu,RG Sharma,RA Jadeja,6,0,,,,,,"",""
ball,1,15.3,Mumbai Indians,AT Rayudu,RG Sharma,RA Jadeja,2,0,,,,,,"",""
ball,1,15.4,Mumbai Indians,AT Rayudu,RG Sharma,RA Jadeja,1,0,,,,,,"",""
ball,1,15.5,Mumbai Indians,RG Sharma,AT Rayudu,RA Jadeja,0,0,,,,,,"",""
ball,1,15.6,Mumbai Indians,RG Sharma,AT Rayudu,RA Jadeja,2,0,,,,,,"",""
ball,1,16.1,Mumbai Indians,AT Rayudu,RG Sharma,MM Sharma,1,0,,,,,,"",""
ball,1,16.2,Mumbai Indians,RG Sharma,AT Rayudu,MM Sharma,1,0,,,,,,"",""
ball,1,16.3,Mumbai Indians,AT Rayudu,RG Sharma,MM Sharma,1,0,,,,,,"",""
ball,1,16.4,Mumbai Indians,RG Sharma,AT Rayudu,MM Sharma,1,0,,,,,,"",""
ball,1,16.5,Mumbai Indians,AT Rayudu,RG Sharma,MM Sharma,1,0,,,,,,"",""
ball,1,16.6,Mumbai Indians,RG Sharma,AT Rayudu,MM Sharma,2,0,,,,,,"",""
ball,1,17.1,Mumbai Indians,AT Rayudu,RG Sharma,R Ashwin,1,0,,,,,,"",""
ball,1,17.2,Mumbai Indians,RG Sharma,AT Rayudu,R Ashwin,1,0,,,,,,"",""
ball,1,17.3,Mumbai Indians,AT Rayudu,RG Sharma,R Ashwin,0,2,2,,,,,"",""
ball,1,17.4,Mumbai Indians,RG Sharma,AT Rayudu,R Ashwin,0,0,,,,,,caught,RG Sharma
ball,1,17.5,Mumbai Indians,AT Rayudu,KA Pollard,R Ashwin,6,0,,,,,,"",""
ball,1,17.6,Mumbai Indians,AT Rayudu,KA Pollard,R Ashwin,1,0,,,,,,"",""
ball,1,17.7,Mumbai Indians,KA Pollard,AT Rayudu,R Ashwin,0,0,,,,,,caught,KA Pollard
ball,1,18.1,Mumbai Indians,AT Rayudu,CJ Anderson,MM Sharma,0,0,,,,,,caught,AT Rayudu
ball,1,18.2,Mumbai Indians,AP Tare,CJ Anderson,MM Sharma,4,0,,,,,,"",""
ball,1,18.3,Mumbai Indians,AP Tare,CJ Anderson,MM Sharma,0,0,,,,,,"",""
ball,1,18.4,Mumbai Indians,AP Tare,CJ Anderson,MM Sharma,4,0,,,,,,"",""
ball,1,18.5,Mumbai Indians,AP Tare,CJ Anderson,MM Sharma,1,0,,,,,,"",""
ball,1,18.6,Mumbai Indians,CJ Anderson,AP Tare,MM Sharma,1,0,,,,,,"",""
ball,1,19.1,Mumbai Indians,CJ Anderson,AP Tare,IC Pandey,2,0,,,,,,"",""
ball,1,19.2,Mumbai Indians,CJ Anderson,AP Tare,IC Pandey,0,1,1,,,,,"",""
ball,1,19.3,Mumbai Indians,CJ Anderson,AP Tare,IC Pandey,6,0,,,,,,"",""
ball,1,19.4,Mumbai Indians,CJ Anderson,AP Tare,IC Pandey,2,0,,,,,,"",""
ball,1,19.5,Mumbai Indians,CJ Anderson,AP Tare,IC Pandey,6,0,,,,,,"",""
ball,1,19.6,Mumbai Indians,CJ Anderson,AP Tare,IC Pandey,1,0,,,,,,"",""
ball,1,19.7,Mumbai Indians,AP Tare,CJ Anderson,IC Pandey,0,0,,,,,,caught,AP Tare
ball,2,0.1,Chennai Super Kings,DR Smith,BB McCullum,P Kumar,0,0,,,,,,"",""
ball,2,0.2,Chennai Super Kings,DR Smith,BB McCullum,P Kumar,2,0,,,,,,"",""
ball,2,0.3,Chennai Super Kings,DR Smith,BB McCullum,P Kumar,4,0,,,,,,"",""
ball,2,0.4,Chennai Super Kings,DR Smith,BB McCullum,P Kumar,2,0,,,,,,"",""
ball,2,0.5,Chennai Super Kings,DR Smith,BB McCullum,P Kumar,0,0,,,,,,"",""
ball,2,0.6,Chennai Super Kings,DR Smith,BB McCullum,P Kumar,4,0,,,,,,"",""
ball,2,1.1,Chennai Super Kings,BB McCullum,DR Smith,SL Malinga,0,0,,,,,,"",""
ball,2,1.2,Chennai Super Kings,BB McCullum,DR Smith,SL Malinga,0,0,,,,,,"",""
ball,2,1.3,Chennai Super Kings,BB McCullum,DR Smith,SL Malinga,1,0,,,,,,"",""
ball,2,1.4,Chennai Super Kings,DR Smith,BB McCullum,SL Malinga,0,0,,,,,,"",""
ball,2,1.5,Chennai Super Kings,DR Smith,BB McCullum,SL Malinga,0,0,,,,,,"",""
ball,2,1.6,Chennai Super Kings,DR Smith,BB McCullum,SL Malinga,1,0,,,,,,"",""
ball,2,2.1,Chennai Super Kings,DR Smith,BB McCullum,P Kumar,0,0,,,,,,"",""
ball,2,2.2,Chennai Super Kings,DR Smith,BB McCullum,P Kumar,0,0,,,,,,"",""
ball,2,2.3,Chennai Super Kings,DR Smith,BB McCullum,P Kumar,0,0,,,,,,"",""
ball,2,2.4,Chennai Super Kings,DR Smith,BB McCullum,P Kumar,0,0,,,,,,"",""
ball,2,2.5,Chennai Super Kings,DR Smith,BB McCullum,P Kumar,1,0,,,,,,"",""
ball,2,2.6,Chennai Super Kings,BB McCullum,DR Smith,P Kumar,1,0,,,,,,"",""
ball,2,3.1,Chennai Super Kings,BB McCullum,DR Smith,JJ Bumrah,0,1,,,,1,,"",""
ball,2,3.2,Chennai Super Kings,DR Smith,BB McCullum,JJ Bumrah,0,0,,,,,,"",""
ball,2,3.3,Chennai Super Kings,DR Smith,BB McCullum,JJ Bumrah,0,1,,,,1,,"",""
ball,2,3.4,Chennai Super Kings,BB McCullum,DR Smith,JJ Bumrah,6,0,,,,,,"",""
ball,2,3.5,Chennai Super Kings,BB McCullum,DR Smith,JJ Bumrah,4,0,,,,,,"",""
ball,2,3.6,Chennai Super Kings,BB McCullum,DR Smith,JJ Bumrah,1,0,,,,,,"",""
ball,2,4.1,Chennai Super Kings,BB McCullum,DR Smith,P Kumar,0,0,,,,,,"",""
ball,2,4.2,Chennai Super Kings,BB McCullum,DR Smith,P Kumar,0,0,,,,,,"",""
ball,2,4.3,Chennai Super Kings,BB McCullum,DR Smith,P Kumar,0,0,,,,,,lbw,BB McCullum
ball,2,4.4,Chennai Super Kings,SK Raina,DR Smith,P Kumar,0,0,,,,,,"",""
ball,2,4.5,Chennai Super Kings,SK Raina,DR Smith,P Kumar,4,0,,,,,,"",""
ball,2,4.6,Chennai Super Kings,SK Raina,DR Smith,P Kumar,1,0,,,,,,"",""
ball,2,5.1,Chennai Super Kings,SK Raina,DR Smith,JJ Bumrah,1,0,,,,,,"",""
ball,2,5.2,Chennai Super Kings,DR Smith,SK Raina,JJ Bumrah,0,0,,,,,,"",""
ball,2,5.3,Chennai Super Kings,DR Smith,SK Raina,JJ Bumrah,0,0,,,,,,"",""
ball,2,5.4,Chennai Super Kings,DR Smith,SK Raina,JJ Bumrah,1,0,,,,,,"",""
ball,2,5.5,Chennai Super Kings,SK Raina,DR Smith,JJ Bumrah,0,0,,,,,,"",""
ball,2,5.6,Chennai Super Kings,SK Raina,DR Smith,JJ Bumrah,2,0,,,,,,"",""
ball,2,6.1,Chennai Super Kings,DR Smith,SK Raina,Harbhajan Singh,0,0,,,,,,"",""
ball,2,6.2,Chennai Super Kings,DR Smith,SK Raina,Harbhajan Singh,0,0,,,,,,"",""
ball,2,6.3,Chennai Super Kings,DR Smith,SK Raina,Harbhajan Singh,1,0,,,,,,"",""
ball,2,6.4,Chennai Super Kings,SK Raina,DR Smith,Harbhajan Singh,1,0,,,,,,"",""
ball,2,6.5,Chennai Super Kings,DR Smith,SK Raina,Harbhajan Singh,1,0,,,,,,"",""
ball,2,6.6,Chennai Super Kings,SK Raina,DR Smith,Harbhajan Singh,1,0,,,,,,"",""
ball,2,7.1,Chennai Super Kings,SK Raina,DR Smith,KA Pollard,0,1,1,,,,,"",""
ball,2,7.2,Chennai Super Kings,SK Raina,DR Smith,KA Pollard,4,0,,,,,,"",""
ball,2,7.3,Chennai Super Kings,SK Raina,DR Smith,KA Pollard,1,0,,,,,,"",""
ball,2,7.4,Chennai Super Kings,DR Smith,SK Raina,KA Pollard,2,0,,,,,,"",""
ball,2,7.5,Chennai Super Kings,DR Smith,SK Raina,KA Pollard,1,0,,,,,,"",""
ball,2,7.6,Chennai Super Kings,SK Raina,DR Smith,KA Pollard,4,0,,,,,,"",""
ball,2,7.7,Chennai Super Kings,SK Raina,DR Smith,KA Pollard,0,1,1,,,,,stumped,SK Raina
ball,2,7.8,Chennai Super Kings,F du Plessis,DR Smith,KA Pollard,0,0,,,,,,"",""
ball,2,8.1,Chennai Super Kings,DR Smith,F du Plessis,Harbhajan Singh,1,0,,,,,,"",""
ball,2,8.2,Chennai Super Kings,F du Plessis,DR Smith,Harbhajan Singh,1,0,,,,,,"",""
ball,2,8.3,Chennai Super Kings,DR Smith,F du Plessis,Harbhajan Singh,1,0,,,,,,"",""
ball,2,8.4,Chennai Super Kings,F du Plessis,DR Smith,Harbhajan Singh,0,0,,,,,,"",""
ball,2,8.5,Chennai Super Kings,F du Plessis,DR Smith,Harbhajan Singh,1,0,,,,,,"",""
ball,2,8.6,Chennai Super Kings,DR Smith,F du Plessis,Harbhajan Singh,0,0,,,,,,"",""
ball,2,9.1,Chennai Super Kings,F du Plessis,DR Smith,KA Pollard,0,0,,,,,,"",""
ball,2,9.2,Chennai Super Kings,F du Plessis,DR Smith,KA Pollard,1,0,,,,,,"",""
ball,2,9.3,Chennai Super Kings,DR Smith,F du Plessis,KA Pollard,4,0,,,,,,"",""
ball,2,9.4,Chennai Super Kings,DR Smith,F du Plessis,KA Pollard,0,0,,,,,,"",""
ball,2,9.5,Chennai Super Kings,DR Smith,F du Plessis,KA Pollard,4,0,,,,,,"",""
ball,2,9.6,Chennai Super Kings,DR Smith,F du Plessis,KA Pollard,6,0,,,,,,"",""
ball,2,10.1,Chennai Super Kings,F du Plessis,DR Smith,Harbhajan Singh,1,0,,,,,,"",""
ball,2,10.2,Chennai Super Kings,DR Smith,F du Plessis,Harbhajan Singh,0,0,,,,,,"",""
ball,2,10.3,Chennai Super Kings,DR Smith,F du Plessis,Harbhajan Singh,1,0,,,,,,"",""
ball,2,10.4,Chennai Super Kings,F du Plessis,DR Smith,Harbhajan Singh,4,0,,,,,,"",""
ball,2,10.5,Chennai Super Kings,F du Plessis,DR Smith,Harbhajan Singh,1,0,,,,,,"",""
ball,2,10.6,Chennai Super Kings,DR Smith,F du Plessis,Harbhajan Singh,0,0,,,,,,"",""
ball,2,11.1,Chennai Super Kings,F du Plessis,DR Smith,SL Malinga,1,0,,,,,,"",""
ball,2,11.2,Chennai Super Kings,DR Smith,F du Plessis,SL Malinga,0,0,,,,,,"",""
ball,2,11.3,Chennai Super Kings,DR Smith,F du Plessis,SL Malinga,1,0,,,,,,"",""
ball,2,11.4,Chennai Super Kings,F du Plessis,DR Smith,SL Malinga,0,0,,,,,,"",""
ball,2,11.5,Chennai Super Kings,F du Plessis,DR Smith,SL Malinga,1,0,,,,,,"",""
ball,2,11.6,Chennai Super Kings,DR Smith,F du Plessis,SL Malinga,0,0,,,,,,"",""
ball,2,12.1,Chennai Super Kings,F du Plessis,DR Smith,Harbhajan Singh,0,0,,,,,,"",""
ball,2,12.2,Chennai Super Kings,F du Plessis,DR Smith,Harbhajan Singh,1,0,,,,,,"",""
ball,2,12.3,Chennai Super Kings,DR Smith,F du Plessis,Harbhajan Singh,0,0,,,,,,"",""
ball,2,12.4,Chennai Super Kings,DR Smith,F du Plessis,Harbhajan Singh,0,0,,,,,,"",""
ball,2,12.5,Chennai Super Kings,DR Smith,F du Plessis,Harbhajan Singh,0,0,,,,,,"",""
ball,2,12.6,Chennai Super Kings,DR Smith,F du Plessis,Harbhajan Singh,6,0,,,,,,"",""
ball,2,13.1,Chennai Super Kings,F du Plessis,DR Smith,CJ Anderson,2,0,,,,,,"",""
ball,2,13.2,Chennai Super Kings,F du Plessis,DR Smith,CJ Anderson,1,0,,,,,,"",""
ball,2,13.3,Chennai Super Kings,DR Smith,F du Plessis,CJ Anderson,0,0,,,,,,"",""
ball,2,13.4,Chennai Super Kings,DR Smith,F du Plessis,CJ Anderson,0,1,,,1,,,"",""
ball,2,13.5,Chennai Super Kings,F du Plessis,DR Smith,CJ Anderson,6,0,,,,,,"",""
ball,2,13.6,Chennai Super Kings,F du Plessis,DR Smith,CJ Anderson,2,0,,,,,,"",""
ball,2,14.1,Chennai Super Kings,DR Smith,F du Plessis,JJ Bumrah,1,0,,,,,,"",""
ball,2,14.2,Chennai Super Kings,F du Plessis,DR Smith,JJ Bumrah,1,0,,,,,,"",""
ball,2,14.3,Chennai Super Kings,DR Smith,F du Plessis,JJ Bumrah,0,0,,,,,,"",""
ball,2,14.4,Chennai Super Kings,DR Smith,F du Plessis,JJ Bumrah,2,0,,,,,,"",""
ball,2,14.5,Chennai Super Kings,DR Smith,F du Plessis,JJ Bumrah,0,0,,,,,,"",""
ball,2,14.6,Chennai Super Kings,DR Smith,F du Plessis,JJ Bumrah,4,0,,,,,,"",""
ball,2,15.1,Chennai Super Kings,F du Plessis,DR Smith,P Kumar,1,0,,,,,,"",""
ball,2,15.2,Chennai Super Kings,DR Smith,F du Plessis,P Kumar,6,0,,,,,,"",""
ball,2,15.3,Chennai Super Kings,DR Smith,F du Plessis,P Kumar,0,0,,,,,,caught,DR Smith
ball,2,15.4,Chennai Super Kings,F du Plessis,MS Dhoni,P Kumar,4,0,,,,,,"",""
ball,2,15.5,Chennai Super Kings,F du Plessis,MS Dhoni,P Kumar,1,0,,,,,,"",""
ball,2,15.6,Chennai Super Kings,MS Dhoni,F du Plessis,P Kumar,0,1,,,,1,,"",""
ball,2,16.1,Chennai Super Kings,MS Dhoni,F du Plessis,SL Malinga,0,1,1,,,,,"",""
ball,2,16.2,Chennai Super Kings,MS Dhoni,F du Plessis,SL Malinga,1,0,,,,,,"",""
ball,2,16.3,Chennai Super Kings,F du Plessis,MS Dhoni,SL Malinga,1,0,,,,,,"",""
ball,2,16.4,Chennai Super Kings,MS Dhoni,F du Plessis,SL Malinga,1,0,,,,,,"",""
ball,2,16.5,Chennai Super Kings,F du Plessis,MS Dhoni,SL Malinga,0,0,,,,,,bowled,F du Plessis
ball,2,16.6,Chennai Super Kings,RA Jadeja,MS Dhoni,SL Malinga,0,2,,,,2,,"",""
ball,2,16.7,Chennai Super Kings,RA Jadeja,MS Dhoni,SL Malinga,0,0,,,,,,"",""
ball,2,17.1,Chennai Super Kings,MS Dhoni,RA Jadeja,JJ Bumrah,1,0,,,,,,"",""
ball,2,17.2,Chennai Super Kings,RA Jadeja,MS Dhoni,JJ Bumrah,4,0,,,,,,"",""
ball,2,17.3,Chennai Super Kings,RA Jadeja,MS Dhoni,JJ Bumrah,1,0,,,,,,"",""
ball,2,17.4,Chennai Super Kings,MS Dhoni,RA Jadeja,JJ Bumrah,2,0,,,,,,"",""
ball,2,17.5,Chennai Super Kings,MS Dhoni,RA Jadeja,JJ Bumrah,0,1,1,,,,,"",""
ball,2,17.6,Chennai Super Kings,MS Dhoni,RA Jadeja,JJ Bumrah,1,0,,,,,,"",""
ball,2,17.7,Chennai Super Kings,RA Jadeja,MS Dhoni,JJ Bumrah,0,0,,,,,,"",""
ball,2,18.1,Chennai Super Kings,MS Dhoni,RA Jadeja,SL Malinga,1,0,,,,,,"",""
ball,2,18.2,Chennai Super Kings,RA Jadeja,MS Dhoni,SL Malinga,1,0,,,,,,"",""
ball,2,18.3,Chennai Super Kings,MS Dhoni,RA Jadeja,SL Malinga,2,0,,,,,,"",""
ball,2,18.4,Chennai Super Kings,MS Dhoni,RA Jadeja,SL Malinga,1,0,,,,,,"",""
ball,2,18.5,Chennai Super Kings,RA Jadeja,MS Dhoni,SL Malinga,0,0,,,,,,bowled,RA Jadeja
ball,2,18.6,Chennai Super Kings,M Manhas,MS Dhoni,SL Malinga,1,0,,,,,,run out,M Manhas
ball,2,19.1,Chennai Super Kings,MS Dhoni,R Ashwin,KA Pollard,0,1,1,,,,,"",""
ball,2,19.2,Chennai Super Kings,MS Dhoni,R Ashwin,KA Pollard,2,0,,,,,,"",""
ball,2,19.3,Chennai Super Kings,MS Dhoni,R Ashwin,KA Pollard,6,0,,,,,,"",""
ball,2,19.4,Chennai Super Kings,MS Dhoni,R Ashwin,KA Pollard,4,0,,,,,,"",""
