version,1.6.0
info,balls_per_over,6
info,team,Kolkata Knight Riders
info,team,Mumbai Indians
info,gender,male
info,season,2014
info,date,2014/05/14
info,event,Indian Premier League
info,match_number,40
info,venue,Barabati Stadium
info,city,Cuttack
info,toss_winner,Kolkata Knight Riders
info,toss_decision,field
info,player_of_match,RV Uthappa
info,umpire,AK Chaudhary
info,umpire,NJ Llong
info,reserve_umpire,R Pandit
info,tv_umpire,CK Nandan
info,match_referee,RS Madugalle
info,winner,Kolkata Knight Riders
info,winner_wickets,6
info,player,Kolkata Knight Riders,RV Uthappa
info,player,Kolkata Knight Riders,G Gambhir
info,player,Kolkata Knight Riders,MK Pandey
info,player,Kolkata Knight Riders,YK Pathan
info,player,Kolkata Knight Riders,Shakib Al Hasan
info,player,Kolkata Knight Riders,RN ten Doeschate
info,player,Kolkata Knight Riders,SA Yadav
info,player,Kolkata Knight Riders,PP Chawla
info,player,Kolkata Knight Riders,M Morkel
info,player,Kolkata Knight Riders,UT Yadav
info,player,Kolkata Knight Riders,SP Narine
info,player,Mumbai Indians,LMP Simmons
info,player,Mumbai Indians,CM Gautam
info,player,Mumbai Indians,AT Rayudu
info,player,Mumbai Indians,RG Sharma
info,player,Mumbai Indians,CJ Anderson
info,player,Mumbai Indians,KA Pollard
info,player,Mumbai Indians,AP Tare
info,player,Mumbai Indians,Harbhajan Singh
info,player,Mumbai Indians,SL Malinga
info,player,Mumbai Indians,JJ Bumrah
info,player,Mumbai Indians,PP Ojha
info,registry,people,AK Chaudhary,fdcc6236
info,registry,people,AP Tare,855a210c
info,registry,people,AT Rayudu,70d205c9
info,registry,people,CJ Anderson,8abdf100
info,registry,people,CK Nandan,012de9c4
info,registry,people,CM Gautam,30a2649b
info,registry,people,G Gambhir,bb345e0b
info,registry,people,Harbhajan Singh,8b5b6769
info,registry,people,JJ Bumrah,462411b3
info,registry,people,KA Pollard,a757b0d8
info,registry,people,LMP Simmons,89f64c19
info,registry,people,M Morkel,5bb5a915
info,registry,people,MK Pandey,93b4fc78
info,registry,people,NJ Llong,573fb985
info,registry,people,PP Chawla,98ae73b1
info,registry,people,PP Ojha,6c6591ab
info,registry,people,R Pandit,8a604384
info,registry,people,RG Sharma,740742ef
info,registry,people,RN ten Doeschate,4ec07775
info,registry,people,RS Madugalle,766b5798
info,registry,people,RV Uthappa,1c17e270
info,registry,people,SA Yadav,271f83cd
info,registry,people,SL Malinga,a12e1d51
info,registry,people,SP Narine,9d430b40
info,registry,people,Shakib Al Hasan,7dc35884
info,registry,people,UT Yadav,cc1e8c68
info,registry,people,YK Pathan,3c6ffae8
ball,1,0.1,Mumbai Indians,LMP Simmons,CM Gautam,M Morkel,0,0,,,,,,"",""
ball,1,0.2,Mumbai Indians,LMP Simmons,CM Gautam,M Morkel,0,1,,,,1,,"",""
ball,1,0.3,Mumbai Indians,CM Gautam,LMP Simmons,M Morkel,0,0,,,,,,"",""
ball,1,0.4,Mumbai Indians,CM Gautam,LMP Simmons,M Morkel,0,0,,,,,,"",""
ball,1,0.5,Mumbai Indians,CM Gautam,LMP Simmons,M Morkel,0,2,2,,,,,"",""
ball,1,0.6,Mumbai Indians,LMP Simmons,CM Gautam,M Morkel,0,0,,,,,,"",""
ball,1,0.7,Mumbai Indians,LMP Simmons,CM Gautam,M Morkel,0,0,,,,,,"",""
ball,1,1.1,Mumbai Indians,CM Gautam,LMP Simmons,UT Yadav,0,0,,,,,,"",""
ball,1,1.2,Mumbai Indians,CM Gautam,LMP Simmons,UT Yadav,0,0,,,,,,"",""
ball,1,1.3,Mumbai Indians,CM Gautam,LMP Simmons,UT Yadav,4,0,,,,,,"",""
ball,1,1.4,Mumbai Indians,CM Gautam,LMP Simmons,UT Yadav,1,0,,,,,,"",""
ball,1,1.5,Mumbai Indians,LMP Simmons,CM Gautam,UT Yadav,1,0,,,,,,"",""
ball,1,1.6,Mumbai Indians,CM Gautam,LMP Simmons,UT Yadav,3,0,,,,,,"",""
ball,1,2.1,Mumbai Indians,CM Gautam,LMP Simmons,M Morkel,0,0,,,,,,"",""
ball,1,2.2,Mumbai Indians,CM Gautam,LMP Simmons,M Morkel,0,0,,,,,,caught,CM Gautam
ball,1,2.3,Mumbai Indians,AT Rayudu,LMP Simmons,M Morkel,0,1,1,,,,,"",""
ball,1,2.4,Mumbai Indians,AT Rayudu,LMP Simmons,M Morkel,1,1,,1,,,,"",""
ball,1,2.5,Mumbai Indians,LMP Simmons,AT Rayudu,M Morkel,0,1,1,,,,,"",""
ball,1,2.6,Mumbai Indians,LMP Simmons,AT Rayudu,M Morkel,1,0,,,,,,"",""
ball,1,2.7,Mumbai Indians,AT Rayudu,LMP Simmons,M Morkel,0,0,,,,,,"",""
ball,1,2.8,Mumbai Indians,AT Rayudu,LMP Simmons,M Morkel,6,0,,,,,,"",""
ball,1,2.9,Mumbai Indians,AT Rayudu,LMP Simmons,M Morkel,0,0,,,,,,"",""
ball,1,3.1,Mumbai Indians,LMP Simmons,AT Rayudu,Shakib Al Hasan,0,0,,,,,,"",""
ball,1,3.2,Mumbai Indians,LMP Simmons,AT Rayudu,Shakib Al Hasan,0,0,,,,,,"",""
ball,1,3.3,Mumbai Indians,LMP Simmons,AT Rayudu,Shakib Al Hasan,4,0,,,,,,"",""
ball,1,3.4,Mumbai Indians,LMP Simmons,AT Rayudu,Shakib Al Hasan,0,0,,,,,,"",""
ball,1,3.5,Mumbai Indians,LMP Simmons,AT Rayudu,Shakib Al Hasan,4,0,,,,,,"",""
ball,1,3.6,Mumbai Indians,LMP Simmons,AT Rayudu,Shakib Al Hasan,1,0,,,,,,"",""
ball,1,4.1,Mumbai Indians,LMP Simmons,AT Rayudu,SP Narine,1,0,,,,,,"",""
ball,1,4.2,Mumbai Indians,AT Rayudu,LMP Simmons,SP Narine,0,0,,,,,,"",""
ball,1,4.3,Mumbai Indians,AT Rayudu,LMP Simmons,SP Narine,0,0,,,,,,"",""
ball,1,4.4,Mumbai Indians,AT Rayudu,LMP Simmons,SP Narine,2,0,,,,,,"",""
ball,1,4.5,Mumbai Indians,AT Rayudu,LMP Simmons,SP Narine,0,0,,,,,,"",""
ball,1,4.6,Mumbai Indians,AT Rayudu,LMP Simmons,SP Narine,0,0,,,,,,"",""
ball,1,5.1,Mumbai Indians,LMP Simmons,AT Rayudu,Shakib Al Hasan,0,0,,,,,,bowled,LMP Simmons
ball,1,5.2,Mumbai Indians,RG Sharma,AT Rayudu,Shakib Al Hasan,0,0,,,,,,"",""
ball,1,5.3,Mumbai Indians,RG Sharma,AT Rayudu,Shakib Al Hasan,0,0,,,,,,"",""
ball,1,5.4,Mumbai Indians,RG Sharma,AT Rayudu,Shakib Al Hasan,0,0,,,,,,"",""
ball,1,5.5,Mumbai Indians,RG Sharma,AT Rayudu,Shakib Al Hasan,1,0,,,,,,"",""
ball,1,5.6,Mumbai Indians,AT Rayudu,RG Sharma,Shakib Al Hasan,1,0,,,,,,"",""
ball,1,6.1,Mumbai Indians,AT Rayudu,RG Sharma,UT Yadav,0,0,,,,,,"",""
ball,1,6.2,Mumbai Indians,AT Rayudu,RG Sharma,UT Yadav,4,0,,,,,,"",""
ball,1,6.3,Mumbai Indians,AT Rayudu,RG Sharma,UT Yadav,0,0,,,,,,"",""
ball,1,6.4,Mumbai Indians,AT Rayudu,RG Sharma,UT Yadav,1,0,,,,,,"",""
ball,1,6.5,Mumbai Indians,RG Sharma,AT Rayudu,UT Yadav,0,0,,,,,,"",""
ball,1,6.6,Mumbai Indians,RG Sharma,AT Rayudu,UT Yadav,1,0,,,,,,"",""
ball,1,7.1,Mumbai Indians,RG Sharma,AT Rayudu,PP Chawla,0,0,,,,,,"",""
ball,1,7.2,Mumbai Indians,RG Sharma,AT Rayudu,PP Chawla,1,0,,,,,,"",""
ball,1,7.3,Mumbai Indians,AT Rayudu,RG Sharma,PP Chawla,1,0,,,,,,"",""
ball,1,7.4,Mumbai Indians,RG Sharma,AT Rayudu,PP Chawla,0,0,,,,,,"",""
ball,1,7.5,Mumbai Indians,RG Sharma,AT Rayudu,PP Chawla,1,0,,,,,,"",""
ball,1,7.6,Mumbai Indians,AT Rayudu,RG Sharma,PP Chawla,0,0,,,,,,"",""
ball,1,8.1,Mumbai Indians,RG Sharma,AT Rayudu,YK Pathan,2,0,,,,,,"",""
ball,1,8.2,Mumbai Indians,RG Sharma,AT Rayudu,YK Pathan,0,0,,,,,,"",""
ball,1,8.3,Mumbai Indians,RG Sharma,AT Rayudu,YK Pathan,1,0,,,,,,"",""
ball,1,8.4,Mumbai Indians,AT Rayudu,RG Sharma,YK Pathan,4,0,,,,,,"",""
ball,1,8.5,Mumbai Indians,AT Rayudu,RG Sharma,YK Pathan,2,0,,,,,,"",""
ball,1,8.6,Mumbai Indians,AT Rayudu,RG Sharma,YK Pathan,1,0,,,,,,"",""
ball,1,9.1,Mumbai Indians,AT Rayudu,RG Sharma,PP Chawla,2,0,,,,,,"",""
ball,1,9.2,Mumbai Indians,AT Rayudu,RG Sharma,PP Chawla,1,0,,,,,,"",""
ball,1,9.3,Mumbai Indians,RG Sharma,AT Rayudu,PP Chawla,1,0,,,,,,"",""
ball,1,9.4,Mumbai Indians,AT Rayudu,RG Sharma,PP Chawla,1,0,,,,,,"",""
ball,1,9.5,Mumbai Indians,RG Sharma,AT Rayudu,PP Chawla,0,0,,,,,,"",""
ball,1,9.6,Mumbai Indians,RG Sharma,AT Rayudu,PP Chawla,1,0,,,,,,"",""
ball,1,10.1,Mumbai Indians,RG Sharma,AT Rayudu,Shakib Al Hasan,0,0,,,,,,"",""
ball,1,10.2,Mumbai Indians,RG Sharma,AT Rayudu,Shakib Al Hasan,0,0,,,,,,"",""
ball,1,10.3,Mumbai Indians,RG Sharma,AT Rayudu,Shakib Al Hasan,0,0,,,,,,"",""
ball,1,10.4,Mumbai Indians,RG Sharma,AT Rayudu,Shakib Al Hasan,1,0,,,,,,"",""
ball,1,10.5,Mumbai Indians,AT Rayudu,RG Sharma,Shakib Al Hasan,0,0,,,,,,"",""
ball,1,10.6,Mumbai Indians,AT Rayudu,RG Sharma,Shakib Al Hasan,1,0,,,,,,"",""
ball,1,11.1,Mumbai Indians,AT Rayudu,RG Sharma,PP Chawla,1,0,,,,,,"",""
ball,1,11.2,Mumbai Indians,RG Sharma,AT Rayudu,PP Chawla,0,0,,,,,,"",""
ball,1,11.3,Mumbai Indians,RG Sharma,AT Rayudu,PP Chawla,1,0,,,,,,"",""
ball,1,11.4,Mumbai Indians,AT Rayudu,RG Sharma,PP Chawla,4,0,,,,,,"",""
ball,1,11.5,Mumbai Indians,AT Rayudu,RG Sharma,PP Chawla,0,0,,,,,,caught,AT Rayudu
ball,1,11.6,Mumbai Indians,CJ Anderson,RG Sharma,PP Chawla,0,0,,,,,,"",""
ball,1,12.1,Mumbai Indians,RG Sharma,CJ Anderson,M Morkel,0,0,,,,,,"",""
ball,1,12.2,Mumbai Indians,RG Sharma,CJ Anderson,M Morkel,0,0,,,,,,"",""
ball,1,12.3,Mumbai Indians,RG Sharma,CJ Anderson,M Morkel,1,0,,,,,,"",""
ball,1,12.4,Mumbai Indians,CJ Anderson,RG Sharma,M Morkel,0,0,,,,,,"",""
ball,1,12.5,Mumbai Indians,CJ Anderson,RG Sharma,M Morkel,1,0,,,,,,"",""
ball,1,12.6,Mumbai Indians,RG Sharma,CJ Anderson,M Morkel,4,0,,,,,,"",""
ball,1,13.1,Mumbai Indians,CJ Anderson,RG Sharma,PP Chawla,2,0,,,,,,"",""
ball,1,13.2,Mumbai Indians,CJ Anderson,RG Sharma,PP Chawla,0,0,,,,,,"",""
ball,1,13.3,Mumbai Indians,CJ Anderson,RG Sharma,PP Chawla,6,0,,,,,,"",""
ball,1,13.4,Mumbai Indians,CJ Anderson,RG Sharma,PP Chawla,4,0,,,,,,"",""
ball,1,13.5,Mumbai Indians,CJ Anderson,RG Sharma,PP Chawla,1,0,,,,,,"",""
ball,1,13.6,Mumbai Indians,RG Sharma,CJ Anderson,PP Chawla,4,0,,,,,,"",""
ball,1,14.1,Mumbai Indians,CJ Anderson,RG Sharma,SP Narine,1,0,,,,,,"",""
ball,1,14.2,Mumbai Indians,RG Sharma,CJ Anderson,SP Narine,0,0,,,,,,"",""
ball,1,14.3,Mumbai Indians,RG Sharma,CJ Anderson,SP Narine,1,0,,,,,,"",""
ball,1,14.4,Mumbai Indians,CJ Anderson,RG Sharma,SP Narine,3,0,,,,,,"",""
ball,1,14.5,Mumbai Indians,RG Sharma,CJ Anderson,SP Narine,1,0,,,,,,"",""
ball,1,14.6,Mumbai Indians,CJ Anderson,RG Sharma,SP Narine,0,0,,,,,,"",""
ball,1,15.1,Mumbai Indians,RG Sharma,CJ Anderson,M Morkel,0,0,,,,,,"",""
ball,1,15.2,Mumbai Indians,RG Sharma,CJ Anderson,M Morkel,2,0,,,,,,"",""
ball,1,15.3,Mumbai Indians,RG Sharma,CJ Anderson,M Morkel,6,0,,,,,,"",""
ball,1,15.4,Mumbai Indians,RG Sharma,CJ Anderson,M Morkel,0,1,1,,,,,"",""
ball,1,15.5,Mumbai Indians,RG Sharma,CJ Anderson,M Morkel,6,0,,,,,,"",""
ball,1,15.6,Mumbai Indians,RG Sharma,CJ Anderson,M Morkel,1,0,,,,,,"",""
ball,1,15.7,Mumbai Indians,CJ Anderson,RG Sharma,M Morkel,0,0,,,,,,caught,CJ Anderson
ball,1,16.1,Mumbai Indians,RG Sharma,KA Pollard,Shakib Al Hasan,1,0,,,,,,"",""
ball,1,16.2,Mumbai Indians,KA Pollard,RG Sharma,Shakib Al Hasan,0,0,,,,,,"",""
ball,1,16.3,Mumbai Indians,KA Pollard,RG Sharma,Shakib Al Hasan,0,0,,,,,,"",""
ball,1,16.4,Mumbai Indians,KA Pollard,RG Sharma,Shakib Al Hasan,2,0,,,,,,"",""
ball,1,16.5,Mumbai Indians,KA Pollard,RG Sharma,Shakib Al Hasan,1,0,,,,,,"",""
ball,1,16.6,Mumbai Indians,RG Sharma,KA Pollard,Shakib Al Hasan,4,0,,,,,,"",""
ball,1,17.1,Mumbai Indians,KA Pollard,RG Sharma,SP Narine,1,0,,,,,,"",""
ball,1,17.2,Mumbai Indians,RG Sharma,KA Pollard,SP Narine,1,0,,,,,,"",""
ball,1,17.3,Mumbai Indians,KA Pollard,RG Sharma,SP Narine,1,0,,,,,,"",""
ball,1,17.4,Mumbai Indians,RG Sharma,KA Pollard,SP Narine,2,0,,,,,,"",""
ball,1,17.5,Mumbai Indians,RG Sharma,KA Pollard,SP Narine,0,0,,,,,,"",""
ball,1,17.6,Mumbai Indians,RG Sharma,KA Pollard,SP Narine,0,0,,,,,,"",""
ball,1,18.1,Mumbai Indians,KA Pollard,RG Sharma,UT Yadav,1,0,,,,,,"",""
ball,1,18.2,Mumbai Indians,RG Sharma,KA Pollard,UT Yadav,1,0,,,,,,"",""
ball,1,18.3,Mumbai Indians,KA Pollard,RG Sharma,UT Yadav,1,0,,,,,,"",""
ball,1,18.4,Mumbai Indians,RG Sharma,KA Pollard,UT Yadav,4,0,,,,,,"",""
ball,1,18.5,Mumbai Indians,RG Sharma,KA Pollard,UT Yadav,1,0,,,,,,"",""
ball,1,18.6,Mumbai Indians,KA Pollard,RG Sharma,UT Yadav,1,0,,,,,,"",""
ball,1,19.1,Mumbai Indians,KA Pollard,RG Sharma,SP Narine,1,0,,,,,,"",""
ball,1,19.2,Mumbai Indians,RG Sharma,KA Pollard,SP Narine,0,0,,,,,,bowled,RG Sharma
ball,1,19.3,Mumbai Indians,AP Tare,KA Pollard,SP Narine,1,0,,,,,,"",""
ball,1,19.4,Mumbai Indians,KA Pollard,AP Tare,SP Narine,1,0,,,,,,"",""
ball,1,19.5,Mumbai Indians,AP Tare,KA Pollard,SP Narine,0,0,,,,,,"",""
ball,1,19.6,Mumbai Indians,AP Tare,KA Pollard,SP Narine,1,0,,,,,,"",""
ball,2,0.1,Kolkata Knight Riders,RV Uthappa,G Gambhir,SL Malinga,0,0,,,,,,"",""
ball,2,0.2,Kolkata Knight Riders,RV Uthappa,G Gambhir,SL Malinga,4,0,,,,,,"",""
ball,2,0.3,Kolkata Knight Riders,RV Uthappa,G Gambhir,SL Malinga,0,0,,,,,,"",""
ball,2,0.4,Kolkata Knight Riders,RV Uthappa,G Gambhir,SL Malinga,0,0,,,,,,"",""
ball,2,0.5,Kolkata Knight Riders,RV Uthappa,G Gambhir,SL Malinga,1,0,,,,,,"",""
ball,2,0.6,Kolkata Knight Riders,G Gambhir,RV Uthappa,SL Malinga,0,1,1,,,,,"",""
ball,2,0.7,Kolkata Knight Riders,G Gambhir,RV Uthappa,SL Malinga,1,0,,,,,,"",""
ball,2,1.1,Kolkata Knight Riders,G Gambhir,RV Uthappa,JJ Bumrah,0,1,,,,1,,"",""
ball,2,1.2,Kolkata Knight Riders,RV Uthappa,G Gambhir,JJ Bumrah,0,0,,,,,,"",""
ball,2,1.3,Kolkata Knight Riders,RV Uthappa,G Gambhir,JJ Bumrah,1,0,,,,,,"",""
ball,2,1.4,Kolkata Knight Riders,G Gambhir,RV Uthappa,JJ Bumrah,0,0,,,,,,"",""
ball,2,1.5,Kolkata Knight Riders,G Gambhir,RV Uthappa,JJ Bumrah,0,0,,,,,,"",""
ball,2,1.6,Kolkata Knight Riders,G Gambhir,RV Uthappa,JJ Bumrah,4,0,,,,,,"",""
ball,2,2.1,Kolkata Knight Riders,RV Uthappa,G Gambhir,Harbhajan Singh,1,0,,,,,,"",""
ball,2,2.2,Kolkata Knight Riders,G Gambhir,RV Uthappa,Harbhajan Singh,1,0,,,,,,"",""
ball,2,2.3,Kolkata Knight Riders,RV Uthappa,G Gambhir,Harbhajan Singh,1,0,,,,,,"",""
ball,2,2.4,Kolkata Knight Riders,G Gambhir,RV Uthappa,Harbhajan Singh,0,0,,,,,,"",""
ball,2,2.5,Kolkata Knight Riders,G Gambhir,RV Uthappa,Harbhajan Singh,1,0,,,,,,"",""
ball,2,2.6,Kolkata Knight Riders,RV Uthappa,G Gambhir,Harbhajan Singh,4,0,,,,,,"",""
ball,2,3.1,Kolkata Knight Riders,G Gambhir,RV Uthappa,JJ Bumrah,0,0,,,,,,"",""
ball,2,3.2,Kolkata Knight Riders,G Gambhir,RV Uthappa,JJ Bumrah,0,0,,,,,,"",""
ball,2,3.3,Kolkata Knight Riders,G Gambhir,RV Uthappa,JJ Bumrah,1,0,,,,,,"",""
ball,2,3.4,Kolkata Knight Riders,RV Uthappa,G Gambhir,JJ Bumrah,4,0,,,,,,"",""
ball,2,3.5,Kolkata Knight Riders,RV Uthappa,G Gambhir,JJ Bumrah,4,0,,,,,,"",""
ball,2,3.6,Kolkata Knight Riders,RV Uthappa,G Gambhir,JJ Bumrah,1,0,,,,,,"",""
ball,2,4.1,Kolkata Knight Riders,RV Uthappa,G Gambhir,PP Ojha,0,0,,,,,,"",""
ball,2,4.2,Kolkata Knight Riders,RV Uthappa,G Gambhir,PP Ojha,0,0,,,,,,"",""
ball,2,4.3,Kolkata Knight Riders,RV Uthappa,G Gambhir,PP Ojha,6,0,,,,,,"",""
ball,2,4.4,Kolkata Knight Riders,RV Uthappa,G Gambhir,PP Ojha,0,0,,,,,,"",""
ball,2,4.5,Kolkata Knight Riders,RV Uthappa,G Gambhir,PP Ojha,1,0,,,,,,"",""
ball,2,4.6,Kolkata Knight Riders,G Gambhir,RV Uthappa,PP Ojha,2,0,,,,,,"",""
ball,2,5.1,Kolkata Knight Riders,RV Uthappa,G Gambhir,SL Malinga,0,0,,,,,,"",""
ball,2,5.2,Kolkata Knight Riders,RV Uthappa,G Gambhir,SL Malinga,0,1,1,,,,,"",""
ball,2,5.3,Kolkata Knight Riders,RV Uthappa,G Gambhir,SL Malinga,0,0,,,,,,"",""
ball,2,5.4,Kolkata Knight Riders,RV Uthappa,G Gambhir,SL Malinga,0,0,,,,,,"",""
ball,2,5.5,Kolkata Knight Riders,RV Uthappa,G Gambhir,SL Malinga,0,0,,,,,,"",""
ball,2,5.6,Kolkata Knight Riders,RV Uthappa,G Gambhir,SL Malinga,4,0,,,,,,"",""
ball,2,5.7,Kolkata Knight Riders,RV Uthappa,G Gambhir,SL Malinga,0,0,,,,,,"",""
ball,2,6.1,Kolkata Knight Riders,G Gambhir,RV Uthappa,PP Ojha,1,0,,,,,,"",""
ball,2,6.2,Kolkata Knight Riders,RV Uthappa,G Gambhir,PP Ojha,1,0,,,,,,"",""
ball,2,6.3,Kolkata Knight Riders,G Gambhir,RV Uthappa,PP Ojha,2,0,,,,,,"",""
ball,2,6.4,Kolkata Knight Riders,G Gambhir,RV Uthappa,PP Ojha,0,0,,,,,,"",""
ball,2,6.5,Kolkata Knight Riders,G Gambhir,RV Uthappa,PP Ojha,1,0,,,,,,"",""
ball,2,6.6,Kolkata Knight Riders,RV Uthappa,G Gambhir,PP Ojha,0,0,,,,,,"",""
ball,2,7.1,Kolkata Knight Riders,G Gambhir,RV Uthappa,Harbhajan Singh,0,0,,,,,,"",""
ball,2,7.2,Kolkata Knight Riders,G Gambhir,RV Uthappa,Harbhajan Singh,0,0,,,,,,bowled,G Gambhir
ball,2,7.3,Kolkata Knight Riders,MK Pandey,RV Uthappa,Harbhajan Singh,0,1,1,,,,,"",""
ball,2,7.4,Kolkata Knight Riders,MK Pandey,RV Uthappa,Harbhajan Singh,0,0,,,,,,"",""
ball,2,7.5,Kolkata Knight Riders,MK Pandey,RV Uthappa,Harbhajan Singh,1,0,,,,,,"",""
ball,2,7.6,Kolkata Knight Riders,RV Uthappa,MK Pandey,Harbhajan Singh,1,0,,,,,,"",""
ball,2,7.7,Kolkata Knight Riders,MK Pandey,RV Uthappa,Harbhajan Singh,0,0,,,,,,"",""
ball,2,8.1,Kolkata Knight Riders,RV Uthappa,MK Pandey,PP Ojha,1,0,,,,,,"",""
ball,2,8.2,Kolkata Knight Riders,MK Pandey,RV Uthappa,PP Ojha,1,0,,,,,,"",""
ball,2,8.3,Kolkata Knight Riders,RV Uthappa,MK Pandey,PP Ojha,1,0,,,,,,"",""
ball,2,8.4,Kolkata Knight Riders,MK Pandey,RV Uthappa,PP Ojha,0,0,,,,,,"",""
ball,2,8.5,Kolkata Knight Riders,MK Pandey,RV Uthappa,PP Ojha,1,0,,,,,,"",""
ball,2,8.6,Kolkata Knight Riders,RV Uthappa,MK Pandey,PP Ojha,4,0,,,,,,"",""
ball,2,9.1,Kolkata Knight Riders,MK Pandey,RV Uthappa,Harbhajan Singh,1,0,,,,,,"",""
ball,2,9.2,Kolkata Knight Riders,RV Uthappa,MK Pandey,Harbhajan Singh,4,0,,,,,,"",""
ball,2,9.3,Kolkata Knight Riders,RV Uthappa,MK Pandey,Harbhajan Singh,1,0,,,,,,"",""
ball,2,9.4,Kolkata Knight Riders,MK Pandey,RV Uthappa,Harbhajan Singh,0,0,,,,,,"",""
ball,2,9.5,Kolkata Knight Riders,MK Pandey,RV Uthappa,Harbhajan Singh,0,0,,,,,,"",""
ball,2,9.6,Kolkata Knight Riders,MK Pandey,RV Uthappa,Harbhajan Singh,1,0,,,,,,"",""
ball,2,10.1,Kolkata Knight Riders,MK Pandey,RV Uthappa,LMP Simmons,2,0,,,,,,"",""
ball,2,10.2,Kolkata Knight Riders,MK Pandey,RV Uthappa,LMP Simmons,1,0,,,,,,"",""
ball,2,10.3,Kolkata Knight Riders,RV Uthappa,MK Pandey,LMP Simmons,4,0,,,,,,"",""
ball,2,10.4,Kolkata Knight Riders,RV Uthappa,MK Pandey,LMP Simmons,1,0,,,,,,"",""
ball,2,10.5,Kolkata Knight Riders,MK Pandey,RV Uthappa,LMP Simmons,1,0,,,,,,"",""
ball,2,10.6,Kolkata Knight Riders,RV Uthappa,MK Pandey,LMP Simmons,1,0,,,,,,"",""
ball,2,11.1,Kolkata Knight Riders,RV Uthappa,MK Pandey,KA Pollard,0,0,,,,,,"",""
ball,2,11.2,Kolkata Knight Riders,RV Uthappa,MK Pandey,KA Pollard,1,0,,,,,,"",""
ball,2,11.3,Kolkata Knight Riders,MK Pandey,RV Uthappa,KA Pollard,2,0,,,,,,"",""
ball,2,11.4,Kolkata Knight Riders,MK Pandey,RV Uthappa,KA Pollard,1,0,,,,,,"",""
ball,2,11.5,Kolkata Knight Riders,RV Uthappa,MK Pandey,KA Pollard,2,0,,,,,,"",""
ball,2,11.6,Kolkata Knight Riders,RV Uthappa,MK Pandey,KA Pollard,1,0,,,,,,"",""
ball,2,12.1,Kolkata Knight Riders,RV Uthappa,MK Pandey,PP Ojha,0,0,,,,,,"",""
ball,2,12.2,Kolkata Knight Riders,RV Uthappa,MK Pandey,PP Ojha,2,0,,,,,,"",""
ball,2,12.3,Kolkata Knight Riders,RV Uthappa,MK Pandey,PP Ojha,1,0,,,,,,"",""
ball,2,12.4,Kolkata Knight Riders,MK Pandey,RV Uthappa,PP Ojha,0,0,,,,,,"",""
ball,2,12.5,Kolkata Knight Riders,MK Pandey,RV Uthappa,PP Ojha,0,0,,,,,,"",""
ball,2,12.6,Kolkata Knight Riders,MK Pandey,RV Uthappa,PP Ojha,0,0,,,,,,"",""
ball,2,13.1,Kolkata Knight Riders,RV Uthappa,MK Pandey,JJ Bumrah,0,0,,,,,,"",""
ball,2,13.2,Kolkata Knight Riders,RV Uthappa,MK Pandey,JJ Bumrah,4,0,,,,,,"",""
ball,2,13.3,Kolkata Knight Riders,RV Uthappa,MK Pandey,JJ Bumrah,1,0,,,,,,"",""
ball,2,13.4,Kolkata Knight Riders,MK Pandey,RV Uthappa,JJ Bumrah,1,0,,,,,,"",""
ball,2,13.5,Kolkata Knight Riders,RV Uthappa,MK Pandey,JJ Bumrah,1,0,,,,,,"",""
ball,2,13.6,Kolkata Knight Riders,MK Pandey,RV Uthappa,JJ Bumrah,1,0,,,,,,"",""
ball,2,14.1,Kolkata Knight Riders,MK Pandey,RV Uthappa,Harbhajan Singh,0,0,,,,,,bowled,MK Pandey
ball,2,14.2,Kolkata Knight Riders,YK Pathan,RV Uthappa,Harbhajan Singh,0,0,,,,,,"",""
ball,2,14.3,Kolkata Knight Riders,YK Pathan,RV Uthappa,Harbhajan Singh,0,0,,,,,,"",""
ball,2,14.4,Kolkata Knight Riders,YK Pathan,RV Uthappa,Harbhajan Singh,1,0,,,,,,"",""
ball,2,14.5,Kolkata Knight Riders,RV Uthappa,YK Pathan,Harbhajan Singh,2,0,,,,,,"",""
ball,2,14.6,Kolkata Knight Riders,RV Uthappa,YK Pathan,Harbhajan Singh,1,0,,,,,,"",""
ball,2,15.1,Kolkata Knight Riders,RV Uthappa,YK Pathan,LMP Simmons,6,0,,,,,,"",""
ball,2,15.2,Kolkata Knight Riders,RV Uthappa,YK Pathan,LMP Simmons,6,0,,,,,,"",""
ball,2,15.3,Kolkata Knight Riders,RV Uthappa,YK Pathan,LMP Simmons,1,0,,,,,,"",""
ball,2,15.4,Kolkata Knight Riders,YK Pathan,RV Uthappa,LMP Simmons,2,0,,,,,,"",""
ball,2,15.5,Kolkata Knight Riders,YK Pathan,RV Uthappa,LMP Simmons,1,0,,,,,,"",""
ball,2,15.6,Kolkata Knight Riders,RV Uthappa,YK Pathan,LMP Simmons,0,0,,,,,,bowled,RV Uthappa
ball,2,16.1,Kolkata Knight Riders,YK Pathan,Shakib Al Hasan,SL Malinga,0,1,1,,,,,"",""
ball,2,16.2,Kolkata Knight Riders,YK Pathan,Shakib Al Hasan,SL Malinga,4,0,,,,,,"",""
ball,2,16.3,Kolkata Knight Riders,YK Pathan,Shakib Al Hasan,SL Malinga,1,0,,,,,,"",""
ball,2,16.4,Kolkata Knight Riders,Shakib Al Hasan,YK Pathan,SL Malinga,0,0,,,,,,"",""
ball,2,16.5,Kolkata Knight Riders,Shakib Al Hasan,YK Pathan,SL Malinga,4,0,,,,,,"",""
ball,2,16.6,Kolkata Knight Riders,Shakib Al Hasan,YK Pathan,SL Malinga,1,0,,,,,,"",""
ball,2,16.7,Kolkata Knight Riders,YK Pathan,Shakib Al Hasan,SL Malinga,1,0,,,,,,"",""
ball,2,17.1,Kolkata Knight Riders,YK Pathan,Shakib Al Hasan,LMP Simmons,4,0,,,,,,"",""
ball,2,17.2,Kolkata Knight Riders,YK Pathan,Shakib Al Hasan,LMP Simmons,1,0,,,,,,"",""
ball,2,17.3,Kolkata Knight Riders,Shakib Al Hasan,YK Pathan,LMP Simmons,1,0,,,,,,"",""
ball,2,17.4,Kolkata Knight Riders,YK Pathan,Shakib Al Hasan,LMP Simmons,1,0,,,,,,"",""
ball,2,17.5,Kolkata Knight Riders,Shakib Al Hasan,YK Pathan,LMP Simmons,1,0,,,,,,"",""
ball,2,17.6,Kolkata Knight Riders,YK Pathan,Shakib Al Hasan,LMP Simmons,0,0,,,,,,"",""
ball,2,18.1,Kolkata Knight Riders,Shakib Al Hasan,YK Pathan,SL Malinga,2,0,,,,,,"",""
ball,2,18.2,Kolkata Knight Riders,Shakib Al Hasan,YK Pathan,SL Malinga,0,0,,,,,,"",""
ball,2,18.3,Kolkata Knight Riders,Shakib Al Hasan,YK Pathan,SL Malinga,0,0,,,,,,caught,Shakib Al Hasan
ball,2,18.4,Kolkata Knight Riders,YK Pathan,RN ten Doeschate,SL Malinga,4,0,,,,,,"",""
